ISO-10303-21;
HEADER;
/* Generated by software containing ST-Developer
 * from STEP Tools, Inc. (www.steptools.com) 
 */
/* OPTION: using custom renumber hook */

FILE_DESCRIPTION(
/* description */ ('STEP AP242 Edition 2',
'CAx-IF Rec.Pracs.---Representation and Presentation of Product Manufa
cturing Information (PMI)---4.0---2014-10-13',
'CAx-IF Rec.Pracs.---3D Tessellated Geometry---0.4---2014-09-14','2;1',
'CAx-IF Rec.Pracs.---User Defined Attributes---1.5---2016-08-15'),
/* implementation_level */ '2;1');

FILE_NAME(
/* name */ 'part-2',
/* time_stamp */ '2026-09-28T02:14:29Z',
/* author */ (''),
/* organization */ (''),
/* preprocessor_version */ 'ST-DEVELOPER v20',
/* originating_system */ 'ONSHAPE BY PTC INC, 1.221',
/* authorisation */ '  ');

FILE_SCHEMA (('AP242_MANAGED_MODEL_BASED_3D_ENGINEERING_MIM_LF { 1 0 10303 442 3 1 4 }'));
ENDSEC;

DATA;
#10=SHAPE_REPRESENTATION_RELATIONSHIP('','',#5365,#13);
#11=SHAPE_REPRESENTATION_RELATIONSHIP('','',#5366,#14);
#12=SHAPE_REPRESENTATION_RELATIONSHIP('','',#5367,#15);
#13=ADVANCED_BREP_SHAPE_REPRESENTATION('',(#5359),#8965);
#14=ADVANCED_BREP_SHAPE_REPRESENTATION('',(#5360),#8966);
#15=ADVANCED_BREP_SHAPE_REPRESENTATION('',(#5361),#8967);
#16=B_SPLINE_SURFACE_WITH_KNOTS('',3,1,((#7985,#7986),(#7987,#7988),(#7989,
#7990),(#7991,#7992)),.SURF_OF_LINEAR_EXTRUSION.,.F.,.F.,.F.,(4,4),(2,2),
(0.,1.),(0.,1.),.PIECEWISE_BEZIER_KNOTS.);
#17=B_SPLINE_SURFACE_WITH_KNOTS('',3,1,((#8004,#8005),(#8006,#8007),(#8008,
#8009),(#8010,#8011)),.SURF_OF_LINEAR_EXTRUSION.,.F.,.F.,.F.,(4,4),(2,2),
(0.,1.),(0.,1.),.PIECEWISE_BEZIER_KNOTS.);
#18=B_SPLINE_SURFACE_WITH_KNOTS('',3,1,((#8017,#8018),(#8019,#8020),(#8021,
#8022),(#8023,#8024)),.SURF_OF_LINEAR_EXTRUSION.,.F.,.F.,.F.,(4,4),(2,2),
(0.,1.),(0.,1.),.PIECEWISE_BEZIER_KNOTS.);
#19=B_SPLINE_SURFACE_WITH_KNOTS('',3,1,((#8034,#8035),(#8036,#8037),(#8038,
#8039),(#8040,#8041)),.SURF_OF_LINEAR_EXTRUSION.,.F.,.F.,.F.,(4,4),(2,2),
(0.,1.),(0.,1.),.PIECEWISE_BEZIER_KNOTS.);
#20=B_SPLINE_SURFACE_WITH_KNOTS('',3,1,((#8047,#8048),(#8049,#8050),(#8051,
#8052),(#8053,#8054)),.SURF_OF_LINEAR_EXTRUSION.,.F.,.F.,.F.,(4,4),(2,2),
(0.,1.),(0.,1.),.PIECEWISE_BEZIER_KNOTS.);
#21=B_SPLINE_SURFACE_WITH_KNOTS('',3,1,((#8060,#8061),(#8062,#8063),(#8064,
#8065),(#8066,#8067)),.SURF_OF_LINEAR_EXTRUSION.,.F.,.F.,.F.,(4,4),(2,2),
(0.,1.),(0.,1.),.PIECEWISE_BEZIER_KNOTS.);
#22=B_SPLINE_SURFACE_WITH_KNOTS('',3,1,((#8073,#8074),(#8075,#8076),(#8077,
#8078),(#8079,#8080)),.SURF_OF_LINEAR_EXTRUSION.,.F.,.F.,.F.,(4,4),(2,2),
(0.,1.),(0.,1.),.PIECEWISE_BEZIER_KNOTS.);
#23=B_SPLINE_SURFACE_WITH_KNOTS('',3,1,((#8090,#8091),(#8092,#8093),(#8094,
#8095),(#8096,#8097)),.SURF_OF_LINEAR_EXTRUSION.,.F.,.F.,.F.,(4,4),(2,2),
(0.,1.),(0.,1.),.PIECEWISE_BEZIER_KNOTS.);
#24=B_SPLINE_SURFACE_WITH_KNOTS('',3,1,((#8194,#8195),(#8196,#8197),(#8198,
#8199),(#8200,#8201)),.SURF_OF_LINEAR_EXTRUSION.,.F.,.F.,.F.,(4,4),(2,2),
(0.,1.),(0.,1.),.PIECEWISE_BEZIER_KNOTS.);
#25=B_SPLINE_SURFACE_WITH_KNOTS('',3,1,((#8214,#8215),(#8216,#8217),(#8218,
#8219),(#8220,#8221)),.SURF_OF_LINEAR_EXTRUSION.,.F.,.F.,.F.,(4,4),(2,2),
(0.,1.),(0.,1.),.PIECEWISE_BEZIER_KNOTS.);
#26=B_SPLINE_SURFACE_WITH_KNOTS('',3,1,((#8231,#8232),(#8233,#8234),(#8235,
#8236),(#8237,#8238)),.SURF_OF_LINEAR_EXTRUSION.,.F.,.F.,.F.,(4,4),(2,2),
(0.,1.),(0.,1.),.PIECEWISE_BEZIER_KNOTS.);
#27=B_SPLINE_SURFACE_WITH_KNOTS('',3,1,((#8248,#8249),(#8250,#8251),(#8252,
#8253),(#8254,#8255)),.SURF_OF_LINEAR_EXTRUSION.,.F.,.F.,.F.,(4,4),(2,2),
(0.,1.),(0.,1.),.PIECEWISE_BEZIER_KNOTS.);
#28=B_SPLINE_SURFACE_WITH_KNOTS('',3,1,((#8265,#8266),(#8267,#8268),(#8269,
#8270),(#8271,#8272)),.SURF_OF_LINEAR_EXTRUSION.,.F.,.F.,.F.,(4,4),(2,2),
(0.,1.),(0.,1.),.PIECEWISE_BEZIER_KNOTS.);
#29=B_SPLINE_SURFACE_WITH_KNOTS('',3,1,((#8282,#8283),(#8284,#8285),(#8286,
#8287),(#8288,#8289)),.SURF_OF_LINEAR_EXTRUSION.,.F.,.F.,.F.,(4,4),(2,2),
(0.,1.),(0.,1.),.PIECEWISE_BEZIER_KNOTS.);
#30=B_SPLINE_SURFACE_WITH_KNOTS('',3,1,((#8299,#8300),(#8301,#8302),(#8303,
#8304),(#8305,#8306)),.SURF_OF_LINEAR_EXTRUSION.,.F.,.F.,.F.,(4,4),(2,2),
(0.,1.),(0.,1.),.PIECEWISE_BEZIER_KNOTS.);
#31=B_SPLINE_SURFACE_WITH_KNOTS('',3,1,((#8316,#8317),(#8318,#8319),(#8320,
#8321),(#8322,#8323)),.SURF_OF_LINEAR_EXTRUSION.,.F.,.F.,.F.,(4,4),(2,2),
(0.,1.),(0.,1.),.PIECEWISE_BEZIER_KNOTS.);
#32=B_SPLINE_SURFACE_WITH_KNOTS('',3,1,((#8371,#8372),(#8373,#8374),(#8375,
#8376),(#8377,#8378)),.SURF_OF_LINEAR_EXTRUSION.,.F.,.F.,.F.,(4,4),(2,2),
(0.,1.),(0.,1.),.PIECEWISE_BEZIER_KNOTS.);
#33=B_SPLINE_SURFACE_WITH_KNOTS('',3,1,((#8384,#8385),(#8386,#8387),(#8388,
#8389),(#8390,#8391)),.SURF_OF_LINEAR_EXTRUSION.,.F.,.F.,.F.,(4,4),(2,2),
(0.,1.),(0.,1.),.PIECEWISE_BEZIER_KNOTS.);
#34=B_SPLINE_SURFACE_WITH_KNOTS('',3,1,((#8397,#8398),(#8399,#8400),(#8401,
#8402),(#8403,#8404)),.SURF_OF_LINEAR_EXTRUSION.,.F.,.F.,.F.,(4,4),(2,2),
(0.,1.),(0.,1.),.PIECEWISE_BEZIER_KNOTS.);
#35=B_SPLINE_SURFACE_WITH_KNOTS('',3,1,((#8410,#8411),(#8412,#8413),(#8414,
#8415),(#8416,#8417)),.SURF_OF_LINEAR_EXTRUSION.,.F.,.F.,.F.,(4,4),(2,2),
(0.,1.),(0.,1.),.PIECEWISE_BEZIER_KNOTS.);
#36=B_SPLINE_SURFACE_WITH_KNOTS('',3,1,((#8423,#8424),(#8425,#8426),(#8427,
#8428),(#8429,#8430)),.SURF_OF_LINEAR_EXTRUSION.,.F.,.F.,.F.,(4,4),(2,2),
(0.,1.),(0.,1.),.PIECEWISE_BEZIER_KNOTS.);
#37=B_SPLINE_SURFACE_WITH_KNOTS('',3,1,((#8436,#8437),(#8438,#8439),(#8440,
#8441),(#8442,#8443)),.SURF_OF_LINEAR_EXTRUSION.,.F.,.F.,.F.,(4,4),(2,2),
(0.,1.),(0.,1.),.PIECEWISE_BEZIER_KNOTS.);
#38=B_SPLINE_SURFACE_WITH_KNOTS('',3,1,((#8447,#8448),(#8449,#8450),(#8451,
#8452),(#8453,#8454)),.SURF_OF_LINEAR_EXTRUSION.,.F.,.F.,.F.,(4,4),(2,2),
(0.,1.),(0.,1.),.PIECEWISE_BEZIER_KNOTS.);
#39=B_SPLINE_SURFACE_WITH_KNOTS('',3,1,((#8537,#8538),(#8539,#8540),(#8541,
#8542),(#8543,#8544)),.SURF_OF_LINEAR_EXTRUSION.,.F.,.F.,.F.,(4,4),(2,2),
(0.,1.),(0.,1.),.PIECEWISE_BEZIER_KNOTS.);
#40=B_SPLINE_SURFACE_WITH_KNOTS('',3,1,((#8556,#8557),(#8558,#8559),(#8560,
#8561),(#8562,#8563)),.SURF_OF_LINEAR_EXTRUSION.,.F.,.F.,.F.,(4,4),(2,2),
(0.,1.),(0.,1.),.PIECEWISE_BEZIER_KNOTS.);
#41=B_SPLINE_SURFACE_WITH_KNOTS('',3,1,((#8569,#8570),(#8571,#8572),(#8573,
#8574),(#8575,#8576)),.SURF_OF_LINEAR_EXTRUSION.,.F.,.F.,.F.,(4,4),(2,2),
(0.,1.),(0.,1.),.PIECEWISE_BEZIER_KNOTS.);
#42=B_SPLINE_SURFACE_WITH_KNOTS('',3,1,((#8586,#8587),(#8588,#8589),(#8590,
#8591),(#8592,#8593)),.SURF_OF_LINEAR_EXTRUSION.,.F.,.F.,.F.,(4,4),(2,2),
(0.,1.),(0.,1.),.PIECEWISE_BEZIER_KNOTS.);
#43=B_SPLINE_SURFACE_WITH_KNOTS('',3,1,((#8607,#8608),(#8609,#8610),(#8611,
#8612),(#8613,#8614)),.SURF_OF_LINEAR_EXTRUSION.,.F.,.F.,.F.,(4,4),(2,2),
(0.,1.),(0.,1.),.PIECEWISE_BEZIER_KNOTS.);
#44=B_SPLINE_SURFACE_WITH_KNOTS('',3,1,((#8624,#8625),(#8626,#8627),(#8628,
#8629),(#8630,#8631)),.SURF_OF_LINEAR_EXTRUSION.,.F.,.F.,.F.,(4,4),(2,2),
(0.,1.),(0.,1.),.PIECEWISE_BEZIER_KNOTS.);
#45=B_SPLINE_SURFACE_WITH_KNOTS('',3,1,((#8636,#8637),(#8638,#8639),(#8640,
#8641),(#8642,#8643)),.SURF_OF_LINEAR_EXTRUSION.,.F.,.F.,.F.,(4,4),(2,2),
(0.,1.),(0.,1.),.PIECEWISE_BEZIER_KNOTS.);
#46=B_SPLINE_SURFACE_WITH_KNOTS('',3,1,((#8655,#8656),(#8657,#8658),(#8659,
#8660),(#8661,#8662)),.SURF_OF_LINEAR_EXTRUSION.,.F.,.F.,.F.,(4,4),(2,2),
(0.,1.),(0.,1.),.PIECEWISE_BEZIER_KNOTS.);
#47=B_SPLINE_SURFACE_WITH_KNOTS('',3,1,((#8668,#8669),(#8670,#8671),(#8672,
#8673),(#8674,#8675)),.SURF_OF_LINEAR_EXTRUSION.,.F.,.F.,.F.,(4,4),(2,2),
(0.,1.),(0.,1.),.PIECEWISE_BEZIER_KNOTS.);
#48=B_SPLINE_SURFACE_WITH_KNOTS('',3,1,((#8685,#8686),(#8687,#8688),(#8689,
#8690),(#8691,#8692)),.SURF_OF_LINEAR_EXTRUSION.,.F.,.F.,.F.,(4,4),(2,2),
(0.,1.),(0.,1.),.PIECEWISE_BEZIER_KNOTS.);
#49=B_SPLINE_SURFACE_WITH_KNOTS('',3,1,((#8698,#8699),(#8700,#8701),(#8702,
#8703),(#8704,#8705)),.SURF_OF_LINEAR_EXTRUSION.,.F.,.F.,.F.,(4,4),(2,2),
(0.,1.),(0.,1.),.PIECEWISE_BEZIER_KNOTS.);
#50=B_SPLINE_SURFACE_WITH_KNOTS('',3,1,((#8711,#8712),(#8713,#8714),(#8715,
#8716),(#8717,#8718)),.SURF_OF_LINEAR_EXTRUSION.,.F.,.F.,.F.,(4,4),(2,2),
(0.,1.),(0.,1.),.PIECEWISE_BEZIER_KNOTS.);
#51=B_SPLINE_SURFACE_WITH_KNOTS('',3,1,((#8724,#8725),(#8726,#8727),(#8728,
#8729),(#8730,#8731)),.SURF_OF_LINEAR_EXTRUSION.,.F.,.F.,.F.,(4,4),(2,2),
(0.,1.),(0.,1.),.PIECEWISE_BEZIER_KNOTS.);
#52=B_SPLINE_SURFACE_WITH_KNOTS('',3,1,((#8741,#8742),(#8743,#8744),(#8745,
#8746),(#8747,#8748)),.SURF_OF_LINEAR_EXTRUSION.,.F.,.F.,.F.,(4,4),(2,2),
(0.,1.),(0.,1.),.PIECEWISE_BEZIER_KNOTS.);
#53=B_SPLINE_SURFACE_WITH_KNOTS('',3,1,((#8811,#8812),(#8813,#8814),(#8815,
#8816),(#8817,#8818)),.SURF_OF_LINEAR_EXTRUSION.,.F.,.F.,.F.,(4,4),(2,2),
(0.,1.),(0.,1.),.PIECEWISE_BEZIER_KNOTS.);
#54=B_SPLINE_SURFACE_WITH_KNOTS('',3,1,((#8830,#8831),(#8832,#8833),(#8834,
#8835),(#8836,#8837)),.SURF_OF_LINEAR_EXTRUSION.,.F.,.F.,.F.,(4,4),(2,2),
(0.,1.),(0.,1.),.PIECEWISE_BEZIER_KNOTS.);
#55=B_SPLINE_SURFACE_WITH_KNOTS('',3,1,((#8843,#8844),(#8845,#8846),(#8847,
#8848),(#8849,#8850)),.SURF_OF_LINEAR_EXTRUSION.,.F.,.F.,.F.,(4,4),(2,2),
(0.,1.),(0.,1.),.PIECEWISE_BEZIER_KNOTS.);
#56=B_SPLINE_SURFACE_WITH_KNOTS('',3,1,((#8860,#8861),(#8862,#8863),(#8864,
#8865),(#8866,#8867)),.SURF_OF_LINEAR_EXTRUSION.,.F.,.F.,.F.,(4,4),(2,2),
(0.,1.),(0.,1.),.PIECEWISE_BEZIER_KNOTS.);
#57=B_SPLINE_SURFACE_WITH_KNOTS('',3,1,((#8873,#8874),(#8875,#8876),(#8877,
#8878),(#8879,#8880)),.SURF_OF_LINEAR_EXTRUSION.,.F.,.F.,.F.,(4,4),(2,2),
(0.,1.),(0.,1.),.PIECEWISE_BEZIER_KNOTS.);
#58=B_SPLINE_SURFACE_WITH_KNOTS('',3,1,((#8886,#8887),(#8888,#8889),(#8890,
#8891),(#8892,#8893)),.SURF_OF_LINEAR_EXTRUSION.,.F.,.F.,.F.,(4,4),(2,2),
(0.,1.),(0.,1.),.PIECEWISE_BEZIER_KNOTS.);
#59=B_SPLINE_SURFACE_WITH_KNOTS('',3,1,((#8899,#8900),(#8901,#8902),(#8903,
#8904),(#8905,#8906)),.SURF_OF_LINEAR_EXTRUSION.,.F.,.F.,.F.,(4,4),(2,2),
(0.,1.),(0.,1.),.PIECEWISE_BEZIER_KNOTS.);
#60=B_SPLINE_SURFACE_WITH_KNOTS('',3,1,((#8916,#8917),(#8918,#8919),(#8920,
#8921),(#8922,#8923)),.SURF_OF_LINEAR_EXTRUSION.,.F.,.F.,.F.,(4,4),(2,2),
(0.,1.),(0.,1.),.PIECEWISE_BEZIER_KNOTS.);
#61=CYLINDRICAL_SURFACE('',#5389,0.00515456406920734);
#62=CYLINDRICAL_SURFACE('',#5406,0.00527054609923397);
#63=CYLINDRICAL_SURFACE('',#5409,0.00640825089740992);
#64=CYLINDRICAL_SURFACE('',#5428,0.00448347859026157);
#65=CYLINDRICAL_SURFACE('',#5433,0.00681372838532044);
#66=CYLINDRICAL_SURFACE('',#5443,0.00675084605778857);
#67=CYLINDRICAL_SURFACE('',#5452,0.0044831067782428);
#68=CYLINDRICAL_SURFACE('',#5457,0.00512984312856747);
#69=CYLINDRICAL_SURFACE('',#5467,0.00591298935479376);
#70=CYLINDRICAL_SURFACE('',#5478,0.00674502538908705);
#71=CYLINDRICAL_SURFACE('',#5483,0.00619666047346339);
#72=CYLINDRICAL_SURFACE('',#5493,0.00610930129799321);
#73=CYLINDRICAL_SURFACE('',#5496,0.0033557568516986);
#74=CYLINDRICAL_SURFACE('',#5508,0.0033557568516986);
#75=CYLINDRICAL_SURFACE('',#5513,0.0033557568516986);
#76=CYLINDRICAL_SURFACE('',#5521,0.0033557568516986);
#77=CYLINDRICAL_SURFACE('',#5526,0.00323557113552482);
#78=CYLINDRICAL_SURFACE('',#5528,0.00323557113552483);
#79=CYLINDRICAL_SURFACE('',#5530,0.00323557113552483);
#80=CYLINDRICAL_SURFACE('',#5532,0.00323557113552481);
#81=CYLINDRICAL_SURFACE('',#5563,0.00121383968796929);
#82=CYLINDRICAL_SURFACE('',#5565,0.000606353720991756);
#83=CYLINDRICAL_SURFACE('',#5602,0.00355768235467264);
#84=CYLINDRICAL_SURFACE('',#5604,0.00205539031508451);
#85=CYLINDRICAL_SURFACE('',#5607,0.00593237675486753);
#86=CYLINDRICAL_SURFACE('',#5638,0.00303999313519404);
#87=CYLINDRICAL_SURFACE('',#5640,0.00303435142927935);
#88=CYLINDRICAL_SURFACE('',#5670,0.000571503986862842);
#89=CYLINDRICAL_SURFACE('',#5675,0.000655857642729109);
#90=CYLINDRICAL_SURFACE('',#5680,0.000254560175616744);
#91=CYLINDRICAL_SURFACE('',#5684,0.000227068066359672);
#92=CYLINDRICAL_SURFACE('',#5687,0.00066431456551032);
#93=CIRCLE('',#5370,0.0033557568516986);
#94=CIRCLE('',#5371,0.0033557568516986);
#95=CIRCLE('',#5372,0.0033557568516986);
#96=CIRCLE('',#5373,0.0033557568516986);
#97=CIRCLE('',#5374,0.00593237675486753);
#98=CIRCLE('',#5375,0.00205539031508451);
#99=CIRCLE('',#5376,0.00355768235467264);
#100=CIRCLE('',#5377,0.00303435142927935);
#101=CIRCLE('',#5378,0.00303999313519404);
#102=CIRCLE('',#5384,0.00323557113552482);
#103=CIRCLE('',#5385,0.0033557568516986);
#104=CIRCLE('',#5390,0.00515456406920734);
#105=CIRCLE('',#5391,0.00515456406920734);
#106=CIRCLE('',#5399,0.00527054609923397);
#107=CIRCLE('',#5400,0.00640825089740992);
#108=CIRCLE('',#5407,0.00527054609923397);
#109=CIRCLE('',#5410,0.00640825089740992);
#110=CIRCLE('',#5413,0.00675084605778857);
#111=CIRCLE('',#5414,0.00591298935479376);
#112=CIRCLE('',#5415,0.00610930129799321);
#113=CIRCLE('',#5416,0.00323557113552481);
#114=CIRCLE('',#5417,0.00323557113552483);
#115=CIRCLE('',#5418,0.00323557113552483);
#116=CIRCLE('',#5419,0.00323557113552482);
#117=CIRCLE('',#5421,0.00448347859026157);
#118=CIRCLE('',#5424,0.00681372838532044);
#119=CIRCLE('',#5429,0.00448347859026157);
#120=CIRCLE('',#5434,0.00681372838532044);
#121=CIRCLE('',#5436,0.00675084605778857);
#122=CIRCLE('',#5445,0.0044831067782428);
#123=CIRCLE('',#5448,0.00512984312856747);
#124=CIRCLE('',#5453,0.0044831067782428);
#125=CIRCLE('',#5458,0.00512984312856747);
#126=CIRCLE('',#5460,0.00591298935479376);
#127=CIRCLE('',#5469,0.00674502538908705);
#128=CIRCLE('',#5473,0.00619666047346339);
#129=CIRCLE('',#5479,0.00674502538908705);
#130=CIRCLE('',#5484,0.00619666047346339);
#131=CIRCLE('',#5486,0.00610930129799321);
#132=CIRCLE('',#5497,0.0033557568516986);
#133=CIRCLE('',#5498,0.0033557568516986);
#134=CIRCLE('',#5499,0.0033557568516986);
#135=CIRCLE('',#5501,0.0033557568516986);
#136=CIRCLE('',#5502,0.00323557113552483);
#137=CIRCLE('',#5504,0.00323557113552481);
#138=CIRCLE('',#5505,0.0033557568516986);
#139=CIRCLE('',#5506,0.00323557113552483);
#140=CIRCLE('',#5509,0.0033557568516986);
#141=CIRCLE('',#5511,0.0033557568516986);
#142=CIRCLE('',#5512,0.00323557113552483);
#143=CIRCLE('',#5514,0.0033557568516986);
#144=CIRCLE('',#5515,0.0033557568516986);
#145=CIRCLE('',#5517,0.00323557113552481);
#146=CIRCLE('',#5519,0.0033557568516986);
#147=CIRCLE('',#5520,0.00323557113552482);
#148=CIRCLE('',#5522,0.0033557568516986);
#149=CIRCLE('',#5524,0.00323557113552483);
#150=CIRCLE('',#5525,0.00323557113552482);
#151=CIRCLE('',#5558,0.000606353720991756);
#152=CIRCLE('',#5559,0.00121383968796929);
#153=CIRCLE('',#5561,0.000606353720991756);
#154=CIRCLE('',#5562,0.00121383968796929);
#155=CIRCLE('',#5603,0.00355768235467264);
#156=CIRCLE('',#5605,0.00205539031508451);
#157=CIRCLE('',#5608,0.00593237675486753);
#158=CIRCLE('',#5639,0.00303999313519404);
#159=CIRCLE('',#5641,0.00303435142927935);
#160=CIRCLE('',#5671,0.000571503986862842);
#161=CIRCLE('',#5672,0.000571503986862842);
#162=CIRCLE('',#5674,0.000254560175616744);
#163=CIRCLE('',#5676,0.000655857642729109);
#164=CIRCLE('',#5677,0.000655857642729109);
#165=CIRCLE('',#5681,0.000254560175616744);
#166=CIRCLE('',#5685,0.000227068066359672);
#167=CIRCLE('',#5686,0.000227068066359672);
#168=CIRCLE('',#5688,0.00066431456551032);
#169=CIRCLE('',#5689,0.00066431456551032);
#170=B_SPLINE_CURVE_WITH_KNOTS('',2,(#6934,#6935,#6936),.UNSPECIFIED.,.F.,
 .F.,(3,3),(0.,1.),.PIECEWISE_BEZIER_KNOTS.);
#171=B_SPLINE_CURVE_WITH_KNOTS('',2,(#6939,#6940,#6941),.UNSPECIFIED.,.F.,
 .F.,(3,3),(0.,1.),.PIECEWISE_BEZIER_KNOTS.);
#172=B_SPLINE_CURVE_WITH_KNOTS('',2,(#6945,#6946,#6947),.UNSPECIFIED.,.F.,
 .F.,(3,3),(0.,1.),.PIECEWISE_BEZIER_KNOTS.);
#173=B_SPLINE_CURVE_WITH_KNOTS('',2,(#6949,#6950,#6951),.UNSPECIFIED.,.F.,
 .F.,(3,3),(0.,1.),.PIECEWISE_BEZIER_KNOTS.);
#174=B_SPLINE_CURVE_WITH_KNOTS('',2,(#6953,#6954,#6955),.UNSPECIFIED.,.F.,
 .F.,(3,3),(0.,1.),.PIECEWISE_BEZIER_KNOTS.);
#175=B_SPLINE_CURVE_WITH_KNOTS('',2,(#6957,#6958,#6959),.UNSPECIFIED.,.F.,
 .F.,(3,3),(0.,1.),.PIECEWISE_BEZIER_KNOTS.);
#176=B_SPLINE_CURVE_WITH_KNOTS('',2,(#6963,#6964,#6965),.UNSPECIFIED.,.F.,
 .F.,(3,3),(0.,1.),.PIECEWISE_BEZIER_KNOTS.);
#177=B_SPLINE_CURVE_WITH_KNOTS('',2,(#6967,#6968,#6969),.UNSPECIFIED.,.F.,
 .F.,(3,3),(0.,1.),.PIECEWISE_BEZIER_KNOTS.);
#178=B_SPLINE_CURVE_WITH_KNOTS('',2,(#7016,#7017,#7018),.UNSPECIFIED.,.F.,
 .F.,(3,3),(0.,1.),.PIECEWISE_BEZIER_KNOTS.);
#179=B_SPLINE_CURVE_WITH_KNOTS('',2,(#7021,#7022,#7023),.UNSPECIFIED.,.F.,
 .F.,(3,3),(0.,1.),.PIECEWISE_BEZIER_KNOTS.);
#180=B_SPLINE_CURVE_WITH_KNOTS('',2,(#7027,#7028,#7029),.UNSPECIFIED.,.F.,
 .F.,(3,3),(0.,1.),.PIECEWISE_BEZIER_KNOTS.);
#181=B_SPLINE_CURVE_WITH_KNOTS('',2,(#7031,#7032,#7033),.UNSPECIFIED.,.F.,
 .F.,(3,3),(0.,1.),.PIECEWISE_BEZIER_KNOTS.);
#182=B_SPLINE_CURVE_WITH_KNOTS('',2,(#7035,#7036,#7037),.UNSPECIFIED.,.F.,
 .F.,(3,3),(0.,1.),.PIECEWISE_BEZIER_KNOTS.);
#183=B_SPLINE_CURVE_WITH_KNOTS('',2,(#7039,#7040,#7041),.UNSPECIFIED.,.F.,
 .F.,(3,3),(0.,1.),.PIECEWISE_BEZIER_KNOTS.);
#184=B_SPLINE_CURVE_WITH_KNOTS('',2,(#7045,#7046,#7047),.UNSPECIFIED.,.F.,
 .F.,(3,3),(0.,1.),.PIECEWISE_BEZIER_KNOTS.);
#185=B_SPLINE_CURVE_WITH_KNOTS('',2,(#7049,#7050,#7051),.UNSPECIFIED.,.F.,
 .F.,(3,3),(0.,1.),.PIECEWISE_BEZIER_KNOTS.);
#186=B_SPLINE_CURVE_WITH_KNOTS('',2,(#7106,#7107,#7108),.UNSPECIFIED.,.F.,
 .F.,(3,3),(0.,1.),.PIECEWISE_BEZIER_KNOTS.);
#187=B_SPLINE_CURVE_WITH_KNOTS('',2,(#7111,#7112,#7113),.UNSPECIFIED.,.F.,
 .F.,(3,3),(0.,1.),.PIECEWISE_BEZIER_KNOTS.);
#188=B_SPLINE_CURVE_WITH_KNOTS('',2,(#7115,#7116,#7117),.UNSPECIFIED.,.F.,
 .F.,(3,3),(0.,1.),.PIECEWISE_BEZIER_KNOTS.);
#189=B_SPLINE_CURVE_WITH_KNOTS('',2,(#7119,#7120,#7121),.UNSPECIFIED.,.F.,
 .F.,(3,3),(0.,1.),.PIECEWISE_BEZIER_KNOTS.);
#190=B_SPLINE_CURVE_WITH_KNOTS('',2,(#7123,#7124,#7125),.UNSPECIFIED.,.F.,
 .F.,(3,3),(0.,1.),.PIECEWISE_BEZIER_KNOTS.);
#191=B_SPLINE_CURVE_WITH_KNOTS('',2,(#7127,#7128,#7129),.UNSPECIFIED.,.F.,
 .F.,(3,3),(0.,1.),.PIECEWISE_BEZIER_KNOTS.);
#192=B_SPLINE_CURVE_WITH_KNOTS('',2,(#7131,#7132,#7133),.UNSPECIFIED.,.F.,
 .F.,(3,3),(0.,1.),.PIECEWISE_BEZIER_KNOTS.);
#193=B_SPLINE_CURVE_WITH_KNOTS('',2,(#7162,#7163,#7164),.UNSPECIFIED.,.F.,
 .F.,(3,3),(0.,1.),.PIECEWISE_BEZIER_KNOTS.);
#194=B_SPLINE_CURVE_WITH_KNOTS('',2,(#7167,#7168,#7169),.UNSPECIFIED.,.F.,
 .F.,(3,3),(0.,1.),.PIECEWISE_BEZIER_KNOTS.);
#195=B_SPLINE_CURVE_WITH_KNOTS('',2,(#7173,#7174,#7175),.UNSPECIFIED.,.F.,
 .F.,(3,3),(0.,1.),.PIECEWISE_BEZIER_KNOTS.);
#196=B_SPLINE_CURVE_WITH_KNOTS('',2,(#7181,#7182,#7183),.UNSPECIFIED.,.F.,
 .F.,(3,3),(0.,1.),.PIECEWISE_BEZIER_KNOTS.);
#197=B_SPLINE_CURVE_WITH_KNOTS('',2,(#7187,#7188,#7189),.UNSPECIFIED.,.F.,
 .F.,(3,3),(0.,1.),.PIECEWISE_BEZIER_KNOTS.);
#198=B_SPLINE_CURVE_WITH_KNOTS('',2,(#7191,#7192,#7193),.UNSPECIFIED.,.F.,
 .F.,(3,3),(0.,1.),.PIECEWISE_BEZIER_KNOTS.);
#199=B_SPLINE_CURVE_WITH_KNOTS('',2,(#7216,#7217,#7218),.UNSPECIFIED.,.F.,
 .F.,(3,3),(0.,1.),.PIECEWISE_BEZIER_KNOTS.);
#200=B_SPLINE_CURVE_WITH_KNOTS('',2,(#7221,#7222,#7223),.UNSPECIFIED.,.F.,
 .F.,(3,3),(0.,1.),.PIECEWISE_BEZIER_KNOTS.);
#201=B_SPLINE_CURVE_WITH_KNOTS('',2,(#7227,#7228,#7229),.UNSPECIFIED.,.F.,
 .F.,(3,3),(0.,1.),.PIECEWISE_BEZIER_KNOTS.);
#202=B_SPLINE_CURVE_WITH_KNOTS('',2,(#7231,#7232,#7233),.UNSPECIFIED.,.F.,
 .F.,(3,3),(0.,1.),.PIECEWISE_BEZIER_KNOTS.);
#203=B_SPLINE_CURVE_WITH_KNOTS('',2,(#7235,#7236,#7237),.UNSPECIFIED.,.F.,
 .F.,(3,3),(0.,1.),.PIECEWISE_BEZIER_KNOTS.);
#204=B_SPLINE_CURVE_WITH_KNOTS('',2,(#7239,#7240,#7241),.UNSPECIFIED.,.F.,
 .F.,(3,3),(0.,1.),.PIECEWISE_BEZIER_KNOTS.);
#205=B_SPLINE_CURVE_WITH_KNOTS('',2,(#7245,#7246,#7247),.UNSPECIFIED.,.F.,
 .F.,(3,3),(0.,1.),.PIECEWISE_BEZIER_KNOTS.);
#206=B_SPLINE_CURVE_WITH_KNOTS('',2,(#7249,#7250,#7251),.UNSPECIFIED.,.F.,
 .F.,(3,3),(0.,1.),.PIECEWISE_BEZIER_KNOTS.);
#207=B_SPLINE_CURVE_WITH_KNOTS('',2,(#7995,#7996,#7997),.UNSPECIFIED.,.F.,
 .F.,(3,3),(0.,1.),.PIECEWISE_BEZIER_KNOTS.);
#208=B_SPLINE_CURVE_WITH_KNOTS('',2,(#8014,#8015,#8016),.UNSPECIFIED.,.F.,
 .F.,(3,3),(0.,1.),.PIECEWISE_BEZIER_KNOTS.);
#209=B_SPLINE_CURVE_WITH_KNOTS('',2,(#8027,#8028,#8029),.UNSPECIFIED.,.F.,
 .F.,(3,3),(0.,1.),.PIECEWISE_BEZIER_KNOTS.);
#210=B_SPLINE_CURVE_WITH_KNOTS('',2,(#8044,#8045,#8046),.UNSPECIFIED.,.F.,
 .F.,(3,3),(0.,1.),.PIECEWISE_BEZIER_KNOTS.);
#211=B_SPLINE_CURVE_WITH_KNOTS('',2,(#8057,#8058,#8059),.UNSPECIFIED.,.F.,
 .F.,(3,3),(0.,1.),.PIECEWISE_BEZIER_KNOTS.);
#212=B_SPLINE_CURVE_WITH_KNOTS('',2,(#8070,#8071,#8072),.UNSPECIFIED.,.F.,
 .F.,(3,3),(0.,1.),.PIECEWISE_BEZIER_KNOTS.);
#213=B_SPLINE_CURVE_WITH_KNOTS('',2,(#8083,#8084,#8085),.UNSPECIFIED.,.F.,
 .F.,(3,3),(0.,1.),.PIECEWISE_BEZIER_KNOTS.);
#214=B_SPLINE_CURVE_WITH_KNOTS('',2,(#8098,#8099,#8100),.UNSPECIFIED.,.F.,
 .F.,(3,3),(0.,1.),.PIECEWISE_BEZIER_KNOTS.);
#215=B_SPLINE_CURVE_WITH_KNOTS('',2,(#8202,#8203,#8204),.UNSPECIFIED.,.F.,
 .F.,(3,3),(0.,1.),.PIECEWISE_BEZIER_KNOTS.);
#216=B_SPLINE_CURVE_WITH_KNOTS('',2,(#8209,#8210,#8211),.UNSPECIFIED.,.F.,
 .F.,(3,3),(0.,1.),.PIECEWISE_BEZIER_KNOTS.);
#217=B_SPLINE_CURVE_WITH_KNOTS('',2,(#8222,#8223,#8224),.UNSPECIFIED.,.F.,
 .F.,(3,3),(0.,1.),.PIECEWISE_BEZIER_KNOTS.);
#218=B_SPLINE_CURVE_WITH_KNOTS('',2,(#8228,#8229,#8230),.UNSPECIFIED.,.F.,
 .F.,(3,3),(0.,1.),.PIECEWISE_BEZIER_KNOTS.);
#219=B_SPLINE_CURVE_WITH_KNOTS('',2,(#8239,#8240,#8241),.UNSPECIFIED.,.F.,
 .F.,(3,3),(0.,1.),.PIECEWISE_BEZIER_KNOTS.);
#220=B_SPLINE_CURVE_WITH_KNOTS('',2,(#8245,#8246,#8247),.UNSPECIFIED.,.F.,
 .F.,(3,3),(0.,1.),.PIECEWISE_BEZIER_KNOTS.);
#221=B_SPLINE_CURVE_WITH_KNOTS('',2,(#8256,#8257,#8258),.UNSPECIFIED.,.F.,
 .F.,(3,3),(0.,1.),.PIECEWISE_BEZIER_KNOTS.);
#222=B_SPLINE_CURVE_WITH_KNOTS('',2,(#8262,#8263,#8264),.UNSPECIFIED.,.F.,
 .F.,(3,3),(0.,1.),.PIECEWISE_BEZIER_KNOTS.);
#223=B_SPLINE_CURVE_WITH_KNOTS('',2,(#8273,#8274,#8275),.UNSPECIFIED.,.F.,
 .F.,(3,3),(0.,1.),.PIECEWISE_BEZIER_KNOTS.);
#224=B_SPLINE_CURVE_WITH_KNOTS('',2,(#8279,#8280,#8281),.UNSPECIFIED.,.F.,
 .F.,(3,3),(0.,1.),.PIECEWISE_BEZIER_KNOTS.);
#225=B_SPLINE_CURVE_WITH_KNOTS('',2,(#8290,#8291,#8292),.UNSPECIFIED.,.F.,
 .F.,(3,3),(0.,1.),.PIECEWISE_BEZIER_KNOTS.);
#226=B_SPLINE_CURVE_WITH_KNOTS('',2,(#8296,#8297,#8298),.UNSPECIFIED.,.F.,
 .F.,(3,3),(0.,1.),.PIECEWISE_BEZIER_KNOTS.);
#227=B_SPLINE_CURVE_WITH_KNOTS('',2,(#8307,#8308,#8309),.UNSPECIFIED.,.F.,
 .F.,(3,3),(0.,1.),.PIECEWISE_BEZIER_KNOTS.);
#228=B_SPLINE_CURVE_WITH_KNOTS('',2,(#8313,#8314,#8315),.UNSPECIFIED.,.F.,
 .F.,(3,3),(0.,1.),.PIECEWISE_BEZIER_KNOTS.);
#229=B_SPLINE_CURVE_WITH_KNOTS('',2,(#8326,#8327,#8328),.UNSPECIFIED.,.F.,
 .F.,(3,3),(0.,1.),.PIECEWISE_BEZIER_KNOTS.);
#230=B_SPLINE_CURVE_WITH_KNOTS('',2,(#8381,#8382,#8383),.UNSPECIFIED.,.F.,
 .F.,(3,3),(0.,1.),.PIECEWISE_BEZIER_KNOTS.);
#231=B_SPLINE_CURVE_WITH_KNOTS('',2,(#8394,#8395,#8396),.UNSPECIFIED.,.F.,
 .F.,(3,3),(0.,1.),.PIECEWISE_BEZIER_KNOTS.);
#232=B_SPLINE_CURVE_WITH_KNOTS('',2,(#8407,#8408,#8409),.UNSPECIFIED.,.F.,
 .F.,(3,3),(0.,1.),.PIECEWISE_BEZIER_KNOTS.);
#233=B_SPLINE_CURVE_WITH_KNOTS('',2,(#8420,#8421,#8422),.UNSPECIFIED.,.F.,
 .F.,(3,3),(0.,1.),.PIECEWISE_BEZIER_KNOTS.);
#234=B_SPLINE_CURVE_WITH_KNOTS('',2,(#8433,#8434,#8435),.UNSPECIFIED.,.F.,
 .F.,(3,3),(0.,1.),.PIECEWISE_BEZIER_KNOTS.);
#235=B_SPLINE_CURVE_WITH_KNOTS('',2,(#8444,#8445,#8446),.UNSPECIFIED.,.F.,
 .F.,(3,3),(0.,1.),.PIECEWISE_BEZIER_KNOTS.);
#236=B_SPLINE_CURVE_WITH_KNOTS('',2,(#8455,#8456,#8457),.UNSPECIFIED.,.F.,
 .F.,(3,3),(0.,1.),.PIECEWISE_BEZIER_KNOTS.);
#237=B_SPLINE_CURVE_WITH_KNOTS('',2,(#8458,#8459,#8460),.UNSPECIFIED.,.F.,
 .F.,(3,3),(0.,1.),.PIECEWISE_BEZIER_KNOTS.);
#238=B_SPLINE_CURVE_WITH_KNOTS('',2,(#8547,#8548,#8549),.UNSPECIFIED.,.F.,
 .F.,(3,3),(0.,1.),.PIECEWISE_BEZIER_KNOTS.);
#239=B_SPLINE_CURVE_WITH_KNOTS('',2,(#8566,#8567,#8568),.UNSPECIFIED.,.F.,
 .F.,(3,3),(0.,1.),.PIECEWISE_BEZIER_KNOTS.);
#240=B_SPLINE_CURVE_WITH_KNOTS('',2,(#8579,#8580,#8581),.UNSPECIFIED.,.F.,
 .F.,(3,3),(0.,1.),.PIECEWISE_BEZIER_KNOTS.);
#241=B_SPLINE_CURVE_WITH_KNOTS('',2,(#8596,#8597,#8598),.UNSPECIFIED.,.F.,
 .F.,(3,3),(0.,1.),.PIECEWISE_BEZIER_KNOTS.);
#242=B_SPLINE_CURVE_WITH_KNOTS('',2,(#8617,#8618,#8619),.UNSPECIFIED.,.F.,
 .F.,(3,3),(0.,1.),.PIECEWISE_BEZIER_KNOTS.);
#243=B_SPLINE_CURVE_WITH_KNOTS('',2,(#8632,#8633,#8634),.UNSPECIFIED.,.F.,
 .F.,(3,3),(0.,1.),.PIECEWISE_BEZIER_KNOTS.);
#244=B_SPLINE_CURVE_WITH_KNOTS('',2,(#8646,#8647,#8648),.UNSPECIFIED.,.F.,
 .F.,(3,3),(0.,1.),.PIECEWISE_BEZIER_KNOTS.);
#245=B_SPLINE_CURVE_WITH_KNOTS('',2,(#8665,#8666,#8667),.UNSPECIFIED.,.F.,
 .F.,(3,3),(0.,1.),.PIECEWISE_BEZIER_KNOTS.);
#246=B_SPLINE_CURVE_WITH_KNOTS('',2,(#8678,#8679,#8680),.UNSPECIFIED.,.F.,
 .F.,(3,3),(0.,1.),.PIECEWISE_BEZIER_KNOTS.);
#247=B_SPLINE_CURVE_WITH_KNOTS('',2,(#8695,#8696,#8697),.UNSPECIFIED.,.F.,
 .F.,(3,3),(0.,1.),.PIECEWISE_BEZIER_KNOTS.);
#248=B_SPLINE_CURVE_WITH_KNOTS('',2,(#8708,#8709,#8710),.UNSPECIFIED.,.F.,
 .F.,(3,3),(0.,1.),.PIECEWISE_BEZIER_KNOTS.);
#249=B_SPLINE_CURVE_WITH_KNOTS('',2,(#8721,#8722,#8723),.UNSPECIFIED.,.F.,
 .F.,(3,3),(0.,1.),.PIECEWISE_BEZIER_KNOTS.);
#250=B_SPLINE_CURVE_WITH_KNOTS('',2,(#8734,#8735,#8736),.UNSPECIFIED.,.F.,
 .F.,(3,3),(0.,1.),.PIECEWISE_BEZIER_KNOTS.);
#251=B_SPLINE_CURVE_WITH_KNOTS('',2,(#8749,#8750,#8751),.UNSPECIFIED.,.F.,
 .F.,(3,3),(0.,1.),.PIECEWISE_BEZIER_KNOTS.);
#252=B_SPLINE_CURVE_WITH_KNOTS('',2,(#8821,#8822,#8823),.UNSPECIFIED.,.F.,
 .F.,(3,3),(0.,1.),.PIECEWISE_BEZIER_KNOTS.);
#253=B_SPLINE_CURVE_WITH_KNOTS('',2,(#8840,#8841,#8842),.UNSPECIFIED.,.F.,
 .F.,(3,3),(0.,1.),.PIECEWISE_BEZIER_KNOTS.);
#254=B_SPLINE_CURVE_WITH_KNOTS('',2,(#8853,#8854,#8855),.UNSPECIFIED.,.F.,
 .F.,(3,3),(0.,1.),.PIECEWISE_BEZIER_KNOTS.);
#255=B_SPLINE_CURVE_WITH_KNOTS('',2,(#8870,#8871,#8872),.UNSPECIFIED.,.F.,
 .F.,(3,3),(0.,1.),.PIECEWISE_BEZIER_KNOTS.);
#256=B_SPLINE_CURVE_WITH_KNOTS('',2,(#8883,#8884,#8885),.UNSPECIFIED.,.F.,
 .F.,(3,3),(0.,1.),.PIECEWISE_BEZIER_KNOTS.);
#257=B_SPLINE_CURVE_WITH_KNOTS('',2,(#8896,#8897,#8898),.UNSPECIFIED.,.F.,
 .F.,(3,3),(0.,1.),.PIECEWISE_BEZIER_KNOTS.);
#258=B_SPLINE_CURVE_WITH_KNOTS('',2,(#8909,#8910,#8911),.UNSPECIFIED.,.F.,
 .F.,(3,3),(0.,1.),.PIECEWISE_BEZIER_KNOTS.);
#259=B_SPLINE_CURVE_WITH_KNOTS('',2,(#8924,#8925,#8926),.UNSPECIFIED.,.F.,
 .F.,(3,3),(0.,1.),.PIECEWISE_BEZIER_KNOTS.);
#260=ORIENTED_EDGE('',*,*,#1762,.T.);
#261=ORIENTED_EDGE('',*,*,#1763,.T.);
#262=ORIENTED_EDGE('',*,*,#1764,.T.);
#263=ORIENTED_EDGE('',*,*,#1765,.T.);
#264=ORIENTED_EDGE('',*,*,#1766,.T.);
#265=ORIENTED_EDGE('',*,*,#1767,.T.);
#266=ORIENTED_EDGE('',*,*,#1768,.T.);
#267=ORIENTED_EDGE('',*,*,#1769,.T.);
#268=ORIENTED_EDGE('',*,*,#1770,.T.);
#269=ORIENTED_EDGE('',*,*,#1771,.T.);
#270=ORIENTED_EDGE('',*,*,#1772,.T.);
#271=ORIENTED_EDGE('',*,*,#1773,.T.);
#272=ORIENTED_EDGE('',*,*,#1774,.T.);
#273=ORIENTED_EDGE('',*,*,#1775,.T.);
#274=ORIENTED_EDGE('',*,*,#1776,.T.);
#275=ORIENTED_EDGE('',*,*,#1777,.T.);
#276=ORIENTED_EDGE('',*,*,#1778,.T.);
#277=ORIENTED_EDGE('',*,*,#1779,.T.);
#278=ORIENTED_EDGE('',*,*,#1780,.T.);
#279=ORIENTED_EDGE('',*,*,#1781,.T.);
#280=ORIENTED_EDGE('',*,*,#1782,.T.);
#281=ORIENTED_EDGE('',*,*,#1783,.T.);
#282=ORIENTED_EDGE('',*,*,#1784,.T.);
#283=ORIENTED_EDGE('',*,*,#1785,.T.);
#284=ORIENTED_EDGE('',*,*,#1786,.T.);
#285=ORIENTED_EDGE('',*,*,#1787,.T.);
#286=ORIENTED_EDGE('',*,*,#1788,.T.);
#287=ORIENTED_EDGE('',*,*,#1789,.T.);
#288=ORIENTED_EDGE('',*,*,#1790,.T.);
#289=ORIENTED_EDGE('',*,*,#1791,.T.);
#290=ORIENTED_EDGE('',*,*,#1792,.T.);
#291=ORIENTED_EDGE('',*,*,#1793,.T.);
#292=ORIENTED_EDGE('',*,*,#1794,.T.);
#293=ORIENTED_EDGE('',*,*,#1795,.T.);
#294=ORIENTED_EDGE('',*,*,#1796,.T.);
#295=ORIENTED_EDGE('',*,*,#1797,.T.);
#296=ORIENTED_EDGE('',*,*,#1798,.T.);
#297=ORIENTED_EDGE('',*,*,#1799,.T.);
#298=ORIENTED_EDGE('',*,*,#1800,.T.);
#299=ORIENTED_EDGE('',*,*,#1801,.T.);
#300=ORIENTED_EDGE('',*,*,#1802,.T.);
#301=ORIENTED_EDGE('',*,*,#1803,.T.);
#302=ORIENTED_EDGE('',*,*,#1804,.T.);
#303=ORIENTED_EDGE('',*,*,#1805,.T.);
#304=ORIENTED_EDGE('',*,*,#1806,.T.);
#305=ORIENTED_EDGE('',*,*,#1807,.T.);
#306=ORIENTED_EDGE('',*,*,#1808,.T.);
#307=ORIENTED_EDGE('',*,*,#1809,.T.);
#308=ORIENTED_EDGE('',*,*,#1810,.T.);
#309=ORIENTED_EDGE('',*,*,#1811,.F.);
#310=ORIENTED_EDGE('',*,*,#1812,.F.);
#311=ORIENTED_EDGE('',*,*,#1813,.F.);
#312=ORIENTED_EDGE('',*,*,#1814,.F.);
#313=ORIENTED_EDGE('',*,*,#1815,.F.);
#314=ORIENTED_EDGE('',*,*,#1816,.T.);
#315=ORIENTED_EDGE('',*,*,#1817,.F.);
#316=ORIENTED_EDGE('',*,*,#1818,.T.);
#317=ORIENTED_EDGE('',*,*,#1819,.T.);
#318=ORIENTED_EDGE('',*,*,#1820,.T.);
#319=ORIENTED_EDGE('',*,*,#1821,.T.);
#320=ORIENTED_EDGE('',*,*,#1822,.T.);
#321=ORIENTED_EDGE('',*,*,#1823,.T.);
#322=ORIENTED_EDGE('',*,*,#1824,.T.);
#323=ORIENTED_EDGE('',*,*,#1825,.T.);
#324=ORIENTED_EDGE('',*,*,#1826,.T.);
#325=ORIENTED_EDGE('',*,*,#1827,.T.);
#326=ORIENTED_EDGE('',*,*,#1828,.T.);
#327=ORIENTED_EDGE('',*,*,#1829,.T.);
#328=ORIENTED_EDGE('',*,*,#1830,.T.);
#329=ORIENTED_EDGE('',*,*,#1831,.T.);
#330=ORIENTED_EDGE('',*,*,#1832,.T.);
#331=ORIENTED_EDGE('',*,*,#1833,.T.);
#332=ORIENTED_EDGE('',*,*,#1834,.T.);
#333=ORIENTED_EDGE('',*,*,#1835,.T.);
#334=ORIENTED_EDGE('',*,*,#1836,.T.);
#335=ORIENTED_EDGE('',*,*,#1837,.T.);
#336=ORIENTED_EDGE('',*,*,#1838,.T.);
#337=ORIENTED_EDGE('',*,*,#1839,.T.);
#338=ORIENTED_EDGE('',*,*,#1840,.T.);
#339=ORIENTED_EDGE('',*,*,#1841,.T.);
#340=ORIENTED_EDGE('',*,*,#1842,.T.);
#341=ORIENTED_EDGE('',*,*,#1843,.T.);
#342=ORIENTED_EDGE('',*,*,#1844,.T.);
#343=ORIENTED_EDGE('',*,*,#1845,.T.);
#344=ORIENTED_EDGE('',*,*,#1846,.T.);
#345=ORIENTED_EDGE('',*,*,#1847,.T.);
#346=ORIENTED_EDGE('',*,*,#1848,.T.);
#347=ORIENTED_EDGE('',*,*,#1849,.T.);
#348=ORIENTED_EDGE('',*,*,#1850,.T.);
#349=ORIENTED_EDGE('',*,*,#1851,.T.);
#350=ORIENTED_EDGE('',*,*,#1852,.T.);
#351=ORIENTED_EDGE('',*,*,#1853,.T.);
#352=ORIENTED_EDGE('',*,*,#1854,.T.);
#353=ORIENTED_EDGE('',*,*,#1855,.T.);
#354=ORIENTED_EDGE('',*,*,#1856,.T.);
#355=ORIENTED_EDGE('',*,*,#1857,.T.);
#356=ORIENTED_EDGE('',*,*,#1858,.T.);
#357=ORIENTED_EDGE('',*,*,#1859,.T.);
#358=ORIENTED_EDGE('',*,*,#1860,.T.);
#359=ORIENTED_EDGE('',*,*,#1861,.T.);
#360=ORIENTED_EDGE('',*,*,#1862,.T.);
#361=ORIENTED_EDGE('',*,*,#1863,.T.);
#362=ORIENTED_EDGE('',*,*,#1864,.T.);
#363=ORIENTED_EDGE('',*,*,#1865,.T.);
#364=ORIENTED_EDGE('',*,*,#1866,.T.);
#365=ORIENTED_EDGE('',*,*,#1867,.T.);
#366=ORIENTED_EDGE('',*,*,#1868,.T.);
#367=ORIENTED_EDGE('',*,*,#1869,.T.);
#368=ORIENTED_EDGE('',*,*,#1870,.T.);
#369=ORIENTED_EDGE('',*,*,#1871,.T.);
#370=ORIENTED_EDGE('',*,*,#1872,.T.);
#371=ORIENTED_EDGE('',*,*,#1873,.T.);
#372=ORIENTED_EDGE('',*,*,#1874,.T.);
#373=ORIENTED_EDGE('',*,*,#1875,.T.);
#374=ORIENTED_EDGE('',*,*,#1876,.T.);
#375=ORIENTED_EDGE('',*,*,#1877,.T.);
#376=ORIENTED_EDGE('',*,*,#1878,.T.);
#377=ORIENTED_EDGE('',*,*,#1879,.T.);
#378=ORIENTED_EDGE('',*,*,#1880,.T.);
#379=ORIENTED_EDGE('',*,*,#1881,.T.);
#380=ORIENTED_EDGE('',*,*,#1882,.T.);
#381=ORIENTED_EDGE('',*,*,#1883,.T.);
#382=ORIENTED_EDGE('',*,*,#1884,.T.);
#383=ORIENTED_EDGE('',*,*,#1885,.T.);
#384=ORIENTED_EDGE('',*,*,#1886,.T.);
#385=ORIENTED_EDGE('',*,*,#1887,.T.);
#386=ORIENTED_EDGE('',*,*,#1888,.T.);
#387=ORIENTED_EDGE('',*,*,#1889,.F.);
#388=ORIENTED_EDGE('',*,*,#1890,.T.);
#389=ORIENTED_EDGE('',*,*,#1891,.T.);
#390=ORIENTED_EDGE('',*,*,#1892,.F.);
#391=ORIENTED_EDGE('',*,*,#1893,.F.);
#392=ORIENTED_EDGE('',*,*,#1894,.T.);
#393=ORIENTED_EDGE('',*,*,#1895,.T.);
#394=ORIENTED_EDGE('',*,*,#1896,.F.);
#395=ORIENTED_EDGE('',*,*,#1897,.F.);
#396=ORIENTED_EDGE('',*,*,#1898,.F.);
#397=ORIENTED_EDGE('',*,*,#1899,.F.);
#398=ORIENTED_EDGE('',*,*,#1900,.T.);
#399=ORIENTED_EDGE('',*,*,#1901,.F.);
#400=ORIENTED_EDGE('',*,*,#1902,.T.);
#401=ORIENTED_EDGE('',*,*,#1903,.T.);
#402=ORIENTED_EDGE('',*,*,#1904,.T.);
#403=ORIENTED_EDGE('',*,*,#1905,.T.);
#404=ORIENTED_EDGE('',*,*,#1816,.F.);
#405=ORIENTED_EDGE('',*,*,#1906,.F.);
#406=ORIENTED_EDGE('',*,*,#1907,.T.);
#407=ORIENTED_EDGE('',*,*,#1908,.F.);
#408=ORIENTED_EDGE('',*,*,#1909,.T.);
#409=ORIENTED_EDGE('',*,*,#1910,.T.);
#410=ORIENTED_EDGE('',*,*,#1911,.T.);
#411=ORIENTED_EDGE('',*,*,#1904,.F.);
#412=ORIENTED_EDGE('',*,*,#1912,.T.);
#413=ORIENTED_EDGE('',*,*,#1913,.F.);
#414=ORIENTED_EDGE('',*,*,#1914,.F.);
#415=ORIENTED_EDGE('',*,*,#1915,.T.);
#416=ORIENTED_EDGE('',*,*,#1916,.F.);
#417=ORIENTED_EDGE('',*,*,#1911,.F.);
#418=ORIENTED_EDGE('',*,*,#1917,.T.);
#419=ORIENTED_EDGE('',*,*,#1918,.F.);
#420=ORIENTED_EDGE('',*,*,#1919,.T.);
#421=ORIENTED_EDGE('',*,*,#1920,.T.);
#422=ORIENTED_EDGE('',*,*,#1921,.F.);
#423=ORIENTED_EDGE('',*,*,#1922,.F.);
#424=ORIENTED_EDGE('',*,*,#1923,.F.);
#425=ORIENTED_EDGE('',*,*,#1924,.F.);
#426=ORIENTED_EDGE('',*,*,#1925,.T.);
#427=ORIENTED_EDGE('',*,*,#1926,.T.);
#428=ORIENTED_EDGE('',*,*,#1927,.T.);
#429=ORIENTED_EDGE('',*,*,#1928,.F.);
#430=ORIENTED_EDGE('',*,*,#1929,.F.);
#431=ORIENTED_EDGE('',*,*,#1930,.T.);
#432=ORIENTED_EDGE('',*,*,#1929,.T.);
#433=ORIENTED_EDGE('',*,*,#1931,.T.);
#434=ORIENTED_EDGE('',*,*,#1932,.F.);
#435=ORIENTED_EDGE('',*,*,#1933,.F.);
#436=ORIENTED_EDGE('',*,*,#1932,.T.);
#437=ORIENTED_EDGE('',*,*,#1934,.T.);
#438=ORIENTED_EDGE('',*,*,#1935,.F.);
#439=ORIENTED_EDGE('',*,*,#1936,.F.);
#440=ORIENTED_EDGE('',*,*,#1935,.T.);
#441=ORIENTED_EDGE('',*,*,#1937,.T.);
#442=ORIENTED_EDGE('',*,*,#1938,.F.);
#443=ORIENTED_EDGE('',*,*,#1939,.F.);
#444=ORIENTED_EDGE('',*,*,#1938,.T.);
#445=ORIENTED_EDGE('',*,*,#1940,.T.);
#446=ORIENTED_EDGE('',*,*,#1941,.F.);
#447=ORIENTED_EDGE('',*,*,#1942,.F.);
#448=ORIENTED_EDGE('',*,*,#1941,.T.);
#449=ORIENTED_EDGE('',*,*,#1943,.T.);
#450=ORIENTED_EDGE('',*,*,#1944,.F.);
#451=ORIENTED_EDGE('',*,*,#1945,.F.);
#452=ORIENTED_EDGE('',*,*,#1944,.T.);
#453=ORIENTED_EDGE('',*,*,#1946,.T.);
#454=ORIENTED_EDGE('',*,*,#1927,.F.);
#455=ORIENTED_EDGE('',*,*,#1947,.F.);
#456=ORIENTED_EDGE('',*,*,#1948,.F.);
#457=ORIENTED_EDGE('',*,*,#1926,.F.);
#458=ORIENTED_EDGE('',*,*,#1949,.F.);
#459=ORIENTED_EDGE('',*,*,#1921,.T.);
#460=ORIENTED_EDGE('',*,*,#1950,.F.);
#461=ORIENTED_EDGE('',*,*,#1951,.T.);
#462=ORIENTED_EDGE('',*,*,#1952,.T.);
#463=ORIENTED_EDGE('',*,*,#1953,.F.);
#464=ORIENTED_EDGE('',*,*,#1931,.F.);
#465=ORIENTED_EDGE('',*,*,#1928,.T.);
#466=ORIENTED_EDGE('',*,*,#1946,.F.);
#467=ORIENTED_EDGE('',*,*,#1943,.F.);
#468=ORIENTED_EDGE('',*,*,#1940,.F.);
#469=ORIENTED_EDGE('',*,*,#1937,.F.);
#470=ORIENTED_EDGE('',*,*,#1934,.F.);
#471=ORIENTED_EDGE('',*,*,#1954,.F.);
#472=ORIENTED_EDGE('',*,*,#1955,.T.);
#473=ORIENTED_EDGE('',*,*,#1956,.T.);
#474=ORIENTED_EDGE('',*,*,#1951,.F.);
#475=ORIENTED_EDGE('',*,*,#1949,.T.);
#476=ORIENTED_EDGE('',*,*,#1925,.F.);
#477=ORIENTED_EDGE('',*,*,#1957,.F.);
#478=ORIENTED_EDGE('',*,*,#1922,.T.);
#479=ORIENTED_EDGE('',*,*,#1958,.F.);
#480=ORIENTED_EDGE('',*,*,#1959,.T.);
#481=ORIENTED_EDGE('',*,*,#1953,.T.);
#482=ORIENTED_EDGE('',*,*,#1960,.F.);
#483=ORIENTED_EDGE('',*,*,#1952,.F.);
#484=ORIENTED_EDGE('',*,*,#1956,.F.);
#485=ORIENTED_EDGE('',*,*,#1961,.T.);
#486=ORIENTED_EDGE('',*,*,#1960,.T.);
#487=ORIENTED_EDGE('',*,*,#1919,.F.);
#488=ORIENTED_EDGE('',*,*,#1957,.T.);
#489=ORIENTED_EDGE('',*,*,#1924,.T.);
#490=ORIENTED_EDGE('',*,*,#1962,.F.);
#491=ORIENTED_EDGE('',*,*,#1958,.T.);
#492=ORIENTED_EDGE('',*,*,#1961,.F.);
#493=ORIENTED_EDGE('',*,*,#1955,.F.);
#494=ORIENTED_EDGE('',*,*,#1963,.T.);
#495=ORIENTED_EDGE('',*,*,#1948,.T.);
#496=ORIENTED_EDGE('',*,*,#1959,.F.);
#497=ORIENTED_EDGE('',*,*,#1964,.F.);
#498=ORIENTED_EDGE('',*,*,#1923,.T.);
#499=ORIENTED_EDGE('',*,*,#1964,.T.);
#500=ORIENTED_EDGE('',*,*,#1962,.T.);
#501=ORIENTED_EDGE('',*,*,#1950,.T.);
#502=ORIENTED_EDGE('',*,*,#1920,.F.);
#503=ORIENTED_EDGE('',*,*,#1965,.F.);
#504=ORIENTED_EDGE('',*,*,#1954,.T.);
#505=ORIENTED_EDGE('',*,*,#1963,.F.);
#506=ORIENTED_EDGE('',*,*,#1965,.T.);
#507=ORIENTED_EDGE('',*,*,#1966,.F.);
#508=ORIENTED_EDGE('',*,*,#1967,.F.);
#509=ORIENTED_EDGE('',*,*,#1968,.T.);
#510=ORIENTED_EDGE('',*,*,#1969,.F.);
#511=ORIENTED_EDGE('',*,*,#1970,.T.);
#512=ORIENTED_EDGE('',*,*,#1971,.T.);
#513=ORIENTED_EDGE('',*,*,#1972,.T.);
#514=ORIENTED_EDGE('',*,*,#1973,.F.);
#515=ORIENTED_EDGE('',*,*,#1974,.T.);
#516=ORIENTED_EDGE('',*,*,#1975,.T.);
#517=ORIENTED_EDGE('',*,*,#1976,.T.);
#518=ORIENTED_EDGE('',*,*,#1977,.T.);
#519=ORIENTED_EDGE('',*,*,#1978,.T.);
#520=ORIENTED_EDGE('',*,*,#1979,.T.);
#521=ORIENTED_EDGE('',*,*,#1980,.F.);
#522=ORIENTED_EDGE('',*,*,#1981,.T.);
#523=ORIENTED_EDGE('',*,*,#1982,.T.);
#524=ORIENTED_EDGE('',*,*,#1983,.T.);
#525=ORIENTED_EDGE('',*,*,#1984,.T.);
#526=ORIENTED_EDGE('',*,*,#1985,.T.);
#527=ORIENTED_EDGE('',*,*,#1986,.T.);
#528=ORIENTED_EDGE('',*,*,#1930,.F.);
#529=ORIENTED_EDGE('',*,*,#1933,.T.);
#530=ORIENTED_EDGE('',*,*,#1936,.T.);
#531=ORIENTED_EDGE('',*,*,#1939,.T.);
#532=ORIENTED_EDGE('',*,*,#1942,.T.);
#533=ORIENTED_EDGE('',*,*,#1945,.T.);
#534=ORIENTED_EDGE('',*,*,#1947,.T.);
#535=ORIENTED_EDGE('',*,*,#1987,.T.);
#536=ORIENTED_EDGE('',*,*,#1988,.T.);
#537=ORIENTED_EDGE('',*,*,#1989,.T.);
#538=ORIENTED_EDGE('',*,*,#1990,.T.);
#539=ORIENTED_EDGE('',*,*,#1991,.F.);
#540=ORIENTED_EDGE('',*,*,#1992,.T.);
#541=ORIENTED_EDGE('',*,*,#1993,.F.);
#542=ORIENTED_EDGE('',*,*,#1994,.T.);
#543=ORIENTED_EDGE('',*,*,#1995,.F.);
#544=ORIENTED_EDGE('',*,*,#1996,.T.);
#545=ORIENTED_EDGE('',*,*,#1997,.F.);
#546=ORIENTED_EDGE('',*,*,#1998,.T.);
#547=ORIENTED_EDGE('',*,*,#1999,.T.);
#548=ORIENTED_EDGE('',*,*,#2000,.F.);
#549=ORIENTED_EDGE('',*,*,#2001,.T.);
#550=ORIENTED_EDGE('',*,*,#2002,.F.);
#551=ORIENTED_EDGE('',*,*,#2003,.F.);
#552=ORIENTED_EDGE('',*,*,#1995,.T.);
#553=ORIENTED_EDGE('',*,*,#2004,.T.);
#554=ORIENTED_EDGE('',*,*,#2000,.T.);
#555=ORIENTED_EDGE('',*,*,#2001,.F.);
#556=ORIENTED_EDGE('',*,*,#2005,.T.);
#557=ORIENTED_EDGE('',*,*,#2006,.T.);
#558=ORIENTED_EDGE('',*,*,#2007,.F.);
#559=ORIENTED_EDGE('',*,*,#2008,.F.);
#560=ORIENTED_EDGE('',*,*,#2009,.F.);
#561=ORIENTED_EDGE('',*,*,#2002,.T.);
#562=ORIENTED_EDGE('',*,*,#2007,.T.);
#563=ORIENTED_EDGE('',*,*,#2010,.F.);
#564=ORIENTED_EDGE('',*,*,#2003,.T.);
#565=ORIENTED_EDGE('',*,*,#2009,.T.);
#566=ORIENTED_EDGE('',*,*,#2011,.F.);
#567=ORIENTED_EDGE('',*,*,#2012,.T.);
#568=ORIENTED_EDGE('',*,*,#2013,.F.);
#569=ORIENTED_EDGE('',*,*,#1996,.F.);
#570=ORIENTED_EDGE('',*,*,#2010,.T.);
#571=ORIENTED_EDGE('',*,*,#1997,.T.);
#572=ORIENTED_EDGE('',*,*,#2013,.T.);
#573=ORIENTED_EDGE('',*,*,#2014,.F.);
#574=ORIENTED_EDGE('',*,*,#2015,.F.);
#575=ORIENTED_EDGE('',*,*,#2016,.T.);
#576=ORIENTED_EDGE('',*,*,#2017,.F.);
#577=ORIENTED_EDGE('',*,*,#1998,.F.);
#578=ORIENTED_EDGE('',*,*,#2015,.T.);
#579=ORIENTED_EDGE('',*,*,#2018,.F.);
#580=ORIENTED_EDGE('',*,*,#1999,.F.);
#581=ORIENTED_EDGE('',*,*,#2017,.T.);
#582=ORIENTED_EDGE('',*,*,#2019,.T.);
#583=ORIENTED_EDGE('',*,*,#2020,.T.);
#584=ORIENTED_EDGE('',*,*,#2005,.F.);
#585=ORIENTED_EDGE('',*,*,#2004,.F.);
#586=ORIENTED_EDGE('',*,*,#2018,.T.);
#587=ORIENTED_EDGE('',*,*,#2020,.F.);
#588=ORIENTED_EDGE('',*,*,#2019,.F.);
#589=ORIENTED_EDGE('',*,*,#2016,.F.);
#590=ORIENTED_EDGE('',*,*,#2014,.T.);
#591=ORIENTED_EDGE('',*,*,#2012,.F.);
#592=ORIENTED_EDGE('',*,*,#2011,.T.);
#593=ORIENTED_EDGE('',*,*,#2008,.T.);
#594=ORIENTED_EDGE('',*,*,#2006,.F.);
#595=ORIENTED_EDGE('',*,*,#2021,.T.);
#596=ORIENTED_EDGE('',*,*,#2022,.T.);
#597=ORIENTED_EDGE('',*,*,#2023,.F.);
#598=ORIENTED_EDGE('',*,*,#2024,.F.);
#599=ORIENTED_EDGE('',*,*,#2025,.F.);
#600=ORIENTED_EDGE('',*,*,#2026,.T.);
#601=ORIENTED_EDGE('',*,*,#2027,.F.);
#602=ORIENTED_EDGE('',*,*,#2028,.T.);
#603=ORIENTED_EDGE('',*,*,#2023,.T.);
#604=ORIENTED_EDGE('',*,*,#2029,.F.);
#605=ORIENTED_EDGE('',*,*,#1972,.F.);
#606=ORIENTED_EDGE('',*,*,#2030,.T.);
#607=ORIENTED_EDGE('',*,*,#2024,.T.);
#608=ORIENTED_EDGE('',*,*,#2028,.F.);
#609=ORIENTED_EDGE('',*,*,#1971,.F.);
#610=ORIENTED_EDGE('',*,*,#2031,.T.);
#611=ORIENTED_EDGE('',*,*,#2025,.T.);
#612=ORIENTED_EDGE('',*,*,#2030,.F.);
#613=ORIENTED_EDGE('',*,*,#1970,.F.);
#614=ORIENTED_EDGE('',*,*,#2032,.T.);
#615=ORIENTED_EDGE('',*,*,#2027,.T.);
#616=ORIENTED_EDGE('',*,*,#2033,.F.);
#617=ORIENTED_EDGE('',*,*,#1968,.F.);
#618=ORIENTED_EDGE('',*,*,#2034,.T.);
#619=ORIENTED_EDGE('',*,*,#2021,.F.);
#620=ORIENTED_EDGE('',*,*,#2032,.F.);
#621=ORIENTED_EDGE('',*,*,#1967,.T.);
#622=ORIENTED_EDGE('',*,*,#2029,.T.);
#623=ORIENTED_EDGE('',*,*,#2022,.F.);
#624=ORIENTED_EDGE('',*,*,#2034,.F.);
#625=ORIENTED_EDGE('',*,*,#1966,.T.);
#626=ORIENTED_EDGE('',*,*,#2033,.T.);
#627=ORIENTED_EDGE('',*,*,#2026,.F.);
#628=ORIENTED_EDGE('',*,*,#2031,.F.);
#629=ORIENTED_EDGE('',*,*,#1969,.T.);
#630=ORIENTED_EDGE('',*,*,#2035,.F.);
#631=ORIENTED_EDGE('',*,*,#2036,.T.);
#632=ORIENTED_EDGE('',*,*,#2037,.F.);
#633=ORIENTED_EDGE('',*,*,#2038,.T.);
#634=ORIENTED_EDGE('',*,*,#2039,.T.);
#635=ORIENTED_EDGE('',*,*,#2040,.F.);
#636=ORIENTED_EDGE('',*,*,#2041,.T.);
#637=ORIENTED_EDGE('',*,*,#2042,.F.);
#638=ORIENTED_EDGE('',*,*,#2043,.F.);
#639=ORIENTED_EDGE('',*,*,#2035,.T.);
#640=ORIENTED_EDGE('',*,*,#2044,.T.);
#641=ORIENTED_EDGE('',*,*,#2040,.T.);
#642=ORIENTED_EDGE('',*,*,#2041,.F.);
#643=ORIENTED_EDGE('',*,*,#2045,.T.);
#644=ORIENTED_EDGE('',*,*,#2046,.T.);
#645=ORIENTED_EDGE('',*,*,#2047,.F.);
#646=ORIENTED_EDGE('',*,*,#2048,.F.);
#647=ORIENTED_EDGE('',*,*,#2049,.F.);
#648=ORIENTED_EDGE('',*,*,#2042,.T.);
#649=ORIENTED_EDGE('',*,*,#2047,.T.);
#650=ORIENTED_EDGE('',*,*,#2050,.F.);
#651=ORIENTED_EDGE('',*,*,#2043,.T.);
#652=ORIENTED_EDGE('',*,*,#2049,.T.);
#653=ORIENTED_EDGE('',*,*,#2051,.F.);
#654=ORIENTED_EDGE('',*,*,#2052,.T.);
#655=ORIENTED_EDGE('',*,*,#2053,.F.);
#656=ORIENTED_EDGE('',*,*,#2036,.F.);
#657=ORIENTED_EDGE('',*,*,#2050,.T.);
#658=ORIENTED_EDGE('',*,*,#2037,.T.);
#659=ORIENTED_EDGE('',*,*,#2053,.T.);
#660=ORIENTED_EDGE('',*,*,#2054,.F.);
#661=ORIENTED_EDGE('',*,*,#2055,.F.);
#662=ORIENTED_EDGE('',*,*,#2056,.T.);
#663=ORIENTED_EDGE('',*,*,#2057,.F.);
#664=ORIENTED_EDGE('',*,*,#2038,.F.);
#665=ORIENTED_EDGE('',*,*,#2055,.T.);
#666=ORIENTED_EDGE('',*,*,#2058,.F.);
#667=ORIENTED_EDGE('',*,*,#2039,.F.);
#668=ORIENTED_EDGE('',*,*,#2057,.T.);
#669=ORIENTED_EDGE('',*,*,#2059,.T.);
#670=ORIENTED_EDGE('',*,*,#2060,.T.);
#671=ORIENTED_EDGE('',*,*,#2045,.F.);
#672=ORIENTED_EDGE('',*,*,#2044,.F.);
#673=ORIENTED_EDGE('',*,*,#2058,.T.);
#674=ORIENTED_EDGE('',*,*,#2060,.F.);
#675=ORIENTED_EDGE('',*,*,#2059,.F.);
#676=ORIENTED_EDGE('',*,*,#2056,.F.);
#677=ORIENTED_EDGE('',*,*,#2054,.T.);
#678=ORIENTED_EDGE('',*,*,#2052,.F.);
#679=ORIENTED_EDGE('',*,*,#2051,.T.);
#680=ORIENTED_EDGE('',*,*,#2048,.T.);
#681=ORIENTED_EDGE('',*,*,#2046,.F.);
#682=ORIENTED_EDGE('',*,*,#2061,.F.);
#683=ORIENTED_EDGE('',*,*,#2062,.T.);
#684=ORIENTED_EDGE('',*,*,#2063,.F.);
#685=ORIENTED_EDGE('',*,*,#2064,.F.);
#686=ORIENTED_EDGE('',*,*,#2065,.F.);
#687=ORIENTED_EDGE('',*,*,#2066,.F.);
#688=ORIENTED_EDGE('',*,*,#2067,.F.);
#689=ORIENTED_EDGE('',*,*,#2068,.T.);
#690=ORIENTED_EDGE('',*,*,#2063,.T.);
#691=ORIENTED_EDGE('',*,*,#2069,.F.);
#692=ORIENTED_EDGE('',*,*,#1979,.F.);
#693=ORIENTED_EDGE('',*,*,#2070,.T.);
#694=ORIENTED_EDGE('',*,*,#2064,.T.);
#695=ORIENTED_EDGE('',*,*,#2068,.F.);
#696=ORIENTED_EDGE('',*,*,#1978,.F.);
#697=ORIENTED_EDGE('',*,*,#2071,.T.);
#698=ORIENTED_EDGE('',*,*,#2065,.T.);
#699=ORIENTED_EDGE('',*,*,#2070,.F.);
#700=ORIENTED_EDGE('',*,*,#1977,.F.);
#701=ORIENTED_EDGE('',*,*,#2072,.T.);
#702=ORIENTED_EDGE('',*,*,#2066,.T.);
#703=ORIENTED_EDGE('',*,*,#2071,.F.);
#704=ORIENTED_EDGE('',*,*,#1976,.F.);
#705=ORIENTED_EDGE('',*,*,#2073,.T.);
#706=ORIENTED_EDGE('',*,*,#2067,.T.);
#707=ORIENTED_EDGE('',*,*,#2072,.F.);
#708=ORIENTED_EDGE('',*,*,#1975,.F.);
#709=ORIENTED_EDGE('',*,*,#2074,.T.);
#710=ORIENTED_EDGE('',*,*,#2061,.T.);
#711=ORIENTED_EDGE('',*,*,#2073,.F.);
#712=ORIENTED_EDGE('',*,*,#1974,.F.);
#713=ORIENTED_EDGE('',*,*,#2069,.T.);
#714=ORIENTED_EDGE('',*,*,#2062,.F.);
#715=ORIENTED_EDGE('',*,*,#2074,.F.);
#716=ORIENTED_EDGE('',*,*,#1973,.T.);
#717=ORIENTED_EDGE('',*,*,#2075,.T.);
#718=ORIENTED_EDGE('',*,*,#2076,.T.);
#719=ORIENTED_EDGE('',*,*,#2077,.T.);
#720=ORIENTED_EDGE('',*,*,#2078,.F.);
#721=ORIENTED_EDGE('',*,*,#2076,.F.);
#722=ORIENTED_EDGE('',*,*,#2079,.T.);
#723=ORIENTED_EDGE('',*,*,#2080,.F.);
#724=ORIENTED_EDGE('',*,*,#2081,.T.);
#725=ORIENTED_EDGE('',*,*,#2082,.T.);
#726=ORIENTED_EDGE('',*,*,#2083,.T.);
#727=ORIENTED_EDGE('',*,*,#2084,.T.);
#728=ORIENTED_EDGE('',*,*,#2085,.F.);
#729=ORIENTED_EDGE('',*,*,#2086,.F.);
#730=ORIENTED_EDGE('',*,*,#2077,.F.);
#731=ORIENTED_EDGE('',*,*,#2087,.F.);
#732=ORIENTED_EDGE('',*,*,#2088,.T.);
#733=ORIENTED_EDGE('',*,*,#2089,.F.);
#734=ORIENTED_EDGE('',*,*,#2087,.T.);
#735=ORIENTED_EDGE('',*,*,#2090,.T.);
#736=ORIENTED_EDGE('',*,*,#2083,.F.);
#737=ORIENTED_EDGE('',*,*,#2084,.F.);
#738=ORIENTED_EDGE('',*,*,#2091,.T.);
#739=ORIENTED_EDGE('',*,*,#2092,.T.);
#740=ORIENTED_EDGE('',*,*,#2093,.F.);
#741=ORIENTED_EDGE('',*,*,#2094,.F.);
#742=ORIENTED_EDGE('',*,*,#2095,.F.);
#743=ORIENTED_EDGE('',*,*,#2085,.T.);
#744=ORIENTED_EDGE('',*,*,#2093,.T.);
#745=ORIENTED_EDGE('',*,*,#2096,.F.);
#746=ORIENTED_EDGE('',*,*,#2086,.T.);
#747=ORIENTED_EDGE('',*,*,#2095,.T.);
#748=ORIENTED_EDGE('',*,*,#2097,.F.);
#749=ORIENTED_EDGE('',*,*,#2098,.T.);
#750=ORIENTED_EDGE('',*,*,#2099,.F.);
#751=ORIENTED_EDGE('',*,*,#2079,.F.);
#752=ORIENTED_EDGE('',*,*,#2075,.F.);
#753=ORIENTED_EDGE('',*,*,#2078,.T.);
#754=ORIENTED_EDGE('',*,*,#2096,.T.);
#755=ORIENTED_EDGE('',*,*,#2080,.T.);
#756=ORIENTED_EDGE('',*,*,#2099,.T.);
#757=ORIENTED_EDGE('',*,*,#2100,.F.);
#758=ORIENTED_EDGE('',*,*,#2101,.F.);
#759=ORIENTED_EDGE('',*,*,#2102,.T.);
#760=ORIENTED_EDGE('',*,*,#2103,.F.);
#761=ORIENTED_EDGE('',*,*,#2081,.F.);
#762=ORIENTED_EDGE('',*,*,#2101,.T.);
#763=ORIENTED_EDGE('',*,*,#2104,.F.);
#764=ORIENTED_EDGE('',*,*,#2082,.F.);
#765=ORIENTED_EDGE('',*,*,#2103,.T.);
#766=ORIENTED_EDGE('',*,*,#2105,.T.);
#767=ORIENTED_EDGE('',*,*,#2106,.T.);
#768=ORIENTED_EDGE('',*,*,#2091,.F.);
#769=ORIENTED_EDGE('',*,*,#2090,.F.);
#770=ORIENTED_EDGE('',*,*,#2088,.F.);
#771=ORIENTED_EDGE('',*,*,#2089,.T.);
#772=ORIENTED_EDGE('',*,*,#2104,.T.);
#773=ORIENTED_EDGE('',*,*,#2106,.F.);
#774=ORIENTED_EDGE('',*,*,#2105,.F.);
#775=ORIENTED_EDGE('',*,*,#2102,.F.);
#776=ORIENTED_EDGE('',*,*,#2100,.T.);
#777=ORIENTED_EDGE('',*,*,#2098,.F.);
#778=ORIENTED_EDGE('',*,*,#2097,.T.);
#779=ORIENTED_EDGE('',*,*,#2094,.T.);
#780=ORIENTED_EDGE('',*,*,#2092,.F.);
#781=ORIENTED_EDGE('',*,*,#2107,.F.);
#782=ORIENTED_EDGE('',*,*,#2108,.T.);
#783=ORIENTED_EDGE('',*,*,#2109,.F.);
#784=ORIENTED_EDGE('',*,*,#2110,.F.);
#785=ORIENTED_EDGE('',*,*,#2111,.F.);
#786=ORIENTED_EDGE('',*,*,#2112,.F.);
#787=ORIENTED_EDGE('',*,*,#2113,.F.);
#788=ORIENTED_EDGE('',*,*,#2114,.T.);
#789=ORIENTED_EDGE('',*,*,#2109,.T.);
#790=ORIENTED_EDGE('',*,*,#2115,.F.);
#791=ORIENTED_EDGE('',*,*,#1986,.F.);
#792=ORIENTED_EDGE('',*,*,#2116,.T.);
#793=ORIENTED_EDGE('',*,*,#2110,.T.);
#794=ORIENTED_EDGE('',*,*,#2114,.F.);
#795=ORIENTED_EDGE('',*,*,#1985,.F.);
#796=ORIENTED_EDGE('',*,*,#2117,.T.);
#797=ORIENTED_EDGE('',*,*,#2111,.T.);
#798=ORIENTED_EDGE('',*,*,#2116,.F.);
#799=ORIENTED_EDGE('',*,*,#1984,.F.);
#800=ORIENTED_EDGE('',*,*,#2118,.T.);
#801=ORIENTED_EDGE('',*,*,#2112,.T.);
#802=ORIENTED_EDGE('',*,*,#2117,.F.);
#803=ORIENTED_EDGE('',*,*,#1983,.F.);
#804=ORIENTED_EDGE('',*,*,#2119,.T.);
#805=ORIENTED_EDGE('',*,*,#2113,.T.);
#806=ORIENTED_EDGE('',*,*,#2118,.F.);
#807=ORIENTED_EDGE('',*,*,#1982,.F.);
#808=ORIENTED_EDGE('',*,*,#2120,.T.);
#809=ORIENTED_EDGE('',*,*,#2107,.T.);
#810=ORIENTED_EDGE('',*,*,#2119,.F.);
#811=ORIENTED_EDGE('',*,*,#1981,.F.);
#812=ORIENTED_EDGE('',*,*,#2115,.T.);
#813=ORIENTED_EDGE('',*,*,#2108,.F.);
#814=ORIENTED_EDGE('',*,*,#2120,.F.);
#815=ORIENTED_EDGE('',*,*,#1980,.T.);
#816=ORIENTED_EDGE('',*,*,#1814,.T.);
#817=ORIENTED_EDGE('',*,*,#2121,.F.);
#818=ORIENTED_EDGE('',*,*,#2122,.F.);
#819=ORIENTED_EDGE('',*,*,#2123,.T.);
#820=ORIENTED_EDGE('',*,*,#1810,.F.);
#821=ORIENTED_EDGE('',*,*,#2124,.F.);
#822=ORIENTED_EDGE('',*,*,#2125,.T.);
#823=ORIENTED_EDGE('',*,*,#2126,.T.);
#824=ORIENTED_EDGE('',*,*,#2127,.F.);
#825=ORIENTED_EDGE('',*,*,#2128,.T.);
#826=ORIENTED_EDGE('',*,*,#2129,.T.);
#827=ORIENTED_EDGE('',*,*,#2130,.T.);
#828=ORIENTED_EDGE('',*,*,#2131,.F.);
#829=ORIENTED_EDGE('',*,*,#1906,.T.);
#830=ORIENTED_EDGE('',*,*,#1815,.T.);
#831=ORIENTED_EDGE('',*,*,#2123,.F.);
#832=ORIENTED_EDGE('',*,*,#2132,.F.);
#833=ORIENTED_EDGE('',*,*,#2133,.F.);
#834=ORIENTED_EDGE('',*,*,#2134,.F.);
#835=ORIENTED_EDGE('',*,*,#2127,.T.);
#836=ORIENTED_EDGE('',*,*,#2122,.T.);
#837=ORIENTED_EDGE('',*,*,#2135,.T.);
#838=ORIENTED_EDGE('',*,*,#2136,.F.);
#839=ORIENTED_EDGE('',*,*,#2137,.F.);
#840=ORIENTED_EDGE('',*,*,#2138,.F.);
#841=ORIENTED_EDGE('',*,*,#2139,.T.);
#842=ORIENTED_EDGE('',*,*,#2140,.T.);
#843=ORIENTED_EDGE('',*,*,#1812,.T.);
#844=ORIENTED_EDGE('',*,*,#2141,.F.);
#845=ORIENTED_EDGE('',*,*,#2142,.T.);
#846=ORIENTED_EDGE('',*,*,#2143,.T.);
#847=ORIENTED_EDGE('',*,*,#2144,.T.);
#848=ORIENTED_EDGE('',*,*,#2145,.F.);
#849=ORIENTED_EDGE('',*,*,#2146,.F.);
#850=ORIENTED_EDGE('',*,*,#2147,.T.);
#851=ORIENTED_EDGE('',*,*,#2132,.T.);
#852=ORIENTED_EDGE('',*,*,#2148,.T.);
#853=ORIENTED_EDGE('',*,*,#2135,.F.);
#854=ORIENTED_EDGE('',*,*,#2121,.T.);
#855=ORIENTED_EDGE('',*,*,#1813,.T.);
#856=ORIENTED_EDGE('',*,*,#2140,.F.);
#857=ORIENTED_EDGE('',*,*,#2149,.T.);
#858=ORIENTED_EDGE('',*,*,#2150,.F.);
#859=ORIENTED_EDGE('',*,*,#2151,.F.);
#860=ORIENTED_EDGE('',*,*,#2152,.T.);
#861=ORIENTED_EDGE('',*,*,#2153,.T.);
#862=ORIENTED_EDGE('',*,*,#2141,.T.);
#863=ORIENTED_EDGE('',*,*,#1811,.T.);
#864=ORIENTED_EDGE('',*,*,#2126,.F.);
#865=ORIENTED_EDGE('',*,*,#2154,.F.);
#866=ORIENTED_EDGE('',*,*,#2155,.T.);
#867=ORIENTED_EDGE('',*,*,#2150,.T.);
#868=ORIENTED_EDGE('',*,*,#2156,.T.);
#869=ORIENTED_EDGE('',*,*,#2157,.F.);
#870=ORIENTED_EDGE('',*,*,#2158,.F.);
#871=ORIENTED_EDGE('',*,*,#1907,.F.);
#872=ORIENTED_EDGE('',*,*,#2131,.T.);
#873=ORIENTED_EDGE('',*,*,#2159,.F.);
#874=ORIENTED_EDGE('',*,*,#2160,.F.);
#875=ORIENTED_EDGE('',*,*,#2161,.F.);
#876=ORIENTED_EDGE('',*,*,#2162,.F.);
#877=ORIENTED_EDGE('',*,*,#1915,.F.);
#878=ORIENTED_EDGE('',*,*,#2163,.T.);
#879=ORIENTED_EDGE('',*,*,#2161,.T.);
#880=ORIENTED_EDGE('',*,*,#2164,.T.);
#881=ORIENTED_EDGE('',*,*,#2165,.F.);
#882=ORIENTED_EDGE('',*,*,#2124,.T.);
#883=ORIENTED_EDGE('',*,*,#1817,.T.);
#884=ORIENTED_EDGE('',*,*,#1905,.F.);
#885=ORIENTED_EDGE('',*,*,#2166,.F.);
#886=ORIENTED_EDGE('',*,*,#2154,.T.);
#887=ORIENTED_EDGE('',*,*,#2125,.F.);
#888=ORIENTED_EDGE('',*,*,#2165,.T.);
#889=ORIENTED_EDGE('',*,*,#2167,.F.);
#890=ORIENTED_EDGE('',*,*,#2168,.T.);
#891=ORIENTED_EDGE('',*,*,#2169,.T.);
#892=ORIENTED_EDGE('',*,*,#2167,.T.);
#893=ORIENTED_EDGE('',*,*,#2164,.F.);
#894=ORIENTED_EDGE('',*,*,#2162,.T.);
#895=ORIENTED_EDGE('',*,*,#2163,.F.);
#896=ORIENTED_EDGE('',*,*,#1914,.T.);
#897=ORIENTED_EDGE('',*,*,#2170,.F.);
#898=ORIENTED_EDGE('',*,*,#1994,.F.);
#899=ORIENTED_EDGE('',*,*,#2171,.T.);
#900=ORIENTED_EDGE('',*,*,#2168,.F.);
#901=ORIENTED_EDGE('',*,*,#2169,.F.);
#902=ORIENTED_EDGE('',*,*,#1993,.T.);
#903=ORIENTED_EDGE('',*,*,#2172,.T.);
#904=ORIENTED_EDGE('',*,*,#2157,.T.);
#905=ORIENTED_EDGE('',*,*,#2156,.F.);
#906=ORIENTED_EDGE('',*,*,#2151,.T.);
#907=ORIENTED_EDGE('',*,*,#2155,.F.);
#908=ORIENTED_EDGE('',*,*,#2166,.T.);
#909=ORIENTED_EDGE('',*,*,#2171,.F.);
#910=ORIENTED_EDGE('',*,*,#1992,.F.);
#911=ORIENTED_EDGE('',*,*,#2139,.F.);
#912=ORIENTED_EDGE('',*,*,#2173,.T.);
#913=ORIENTED_EDGE('',*,*,#2174,.T.);
#914=ORIENTED_EDGE('',*,*,#2175,.F.);
#915=ORIENTED_EDGE('',*,*,#2142,.F.);
#916=ORIENTED_EDGE('',*,*,#2153,.F.);
#917=ORIENTED_EDGE('',*,*,#2152,.F.);
#918=ORIENTED_EDGE('',*,*,#2172,.F.);
#919=ORIENTED_EDGE('',*,*,#1991,.T.);
#920=ORIENTED_EDGE('',*,*,#2176,.T.);
#921=ORIENTED_EDGE('',*,*,#2145,.T.);
#922=ORIENTED_EDGE('',*,*,#2149,.F.);
#923=ORIENTED_EDGE('',*,*,#2177,.T.);
#924=ORIENTED_EDGE('',*,*,#2136,.T.);
#925=ORIENTED_EDGE('',*,*,#2148,.F.);
#926=ORIENTED_EDGE('',*,*,#2133,.T.);
#927=ORIENTED_EDGE('',*,*,#2147,.F.);
#928=ORIENTED_EDGE('',*,*,#2146,.T.);
#929=ORIENTED_EDGE('',*,*,#2176,.F.);
#930=ORIENTED_EDGE('',*,*,#1990,.F.);
#931=ORIENTED_EDGE('',*,*,#2178,.T.);
#932=ORIENTED_EDGE('',*,*,#2137,.T.);
#933=ORIENTED_EDGE('',*,*,#2177,.F.);
#934=ORIENTED_EDGE('',*,*,#1989,.F.);
#935=ORIENTED_EDGE('',*,*,#2179,.T.);
#936=ORIENTED_EDGE('',*,*,#2159,.T.);
#937=ORIENTED_EDGE('',*,*,#2130,.F.);
#938=ORIENTED_EDGE('',*,*,#2129,.F.);
#939=ORIENTED_EDGE('',*,*,#2128,.F.);
#940=ORIENTED_EDGE('',*,*,#2134,.T.);
#941=ORIENTED_EDGE('',*,*,#2178,.F.);
#942=ORIENTED_EDGE('',*,*,#1988,.F.);
#943=ORIENTED_EDGE('',*,*,#2180,.F.);
#944=ORIENTED_EDGE('',*,*,#2181,.T.);
#945=ORIENTED_EDGE('',*,*,#1918,.T.);
#946=ORIENTED_EDGE('',*,*,#2182,.F.);
#947=ORIENTED_EDGE('',*,*,#1896,.T.);
#948=ORIENTED_EDGE('',*,*,#2183,.T.);
#949=ORIENTED_EDGE('',*,*,#2160,.T.);
#950=ORIENTED_EDGE('',*,*,#2179,.F.);
#951=ORIENTED_EDGE('',*,*,#1987,.F.);
#952=ORIENTED_EDGE('',*,*,#2170,.T.);
#953=ORIENTED_EDGE('',*,*,#1913,.T.);
#954=ORIENTED_EDGE('',*,*,#2184,.F.);
#955=ORIENTED_EDGE('',*,*,#1891,.F.);
#956=ORIENTED_EDGE('',*,*,#2185,.F.);
#957=ORIENTED_EDGE('',*,*,#2186,.T.);
#958=ORIENTED_EDGE('',*,*,#2187,.T.);
#959=ORIENTED_EDGE('',*,*,#1910,.F.);
#960=ORIENTED_EDGE('',*,*,#2188,.F.);
#961=ORIENTED_EDGE('',*,*,#2189,.F.);
#962=ORIENTED_EDGE('',*,*,#2185,.T.);
#963=ORIENTED_EDGE('',*,*,#1890,.F.);
#964=ORIENTED_EDGE('',*,*,#2190,.F.);
#965=ORIENTED_EDGE('',*,*,#2191,.T.);
#966=ORIENTED_EDGE('',*,*,#2192,.T.);
#967=ORIENTED_EDGE('',*,*,#1893,.T.);
#968=ORIENTED_EDGE('',*,*,#2182,.T.);
#969=ORIENTED_EDGE('',*,*,#1917,.F.);
#970=ORIENTED_EDGE('',*,*,#1909,.F.);
#971=ORIENTED_EDGE('',*,*,#2193,.F.);
#972=ORIENTED_EDGE('',*,*,#2194,.F.);
#973=ORIENTED_EDGE('',*,*,#2188,.T.);
#974=ORIENTED_EDGE('',*,*,#2193,.T.);
#975=ORIENTED_EDGE('',*,*,#1908,.T.);
#976=ORIENTED_EDGE('',*,*,#2158,.T.);
#977=ORIENTED_EDGE('',*,*,#2183,.F.);
#978=ORIENTED_EDGE('',*,*,#1895,.F.);
#979=ORIENTED_EDGE('',*,*,#2195,.F.);
#980=ORIENTED_EDGE('',*,*,#2196,.T.);
#981=ORIENTED_EDGE('',*,*,#2197,.T.);
#982=ORIENTED_EDGE('',*,*,#2198,.T.);
#983=ORIENTED_EDGE('',*,*,#1892,.T.);
#984=ORIENTED_EDGE('',*,*,#2187,.F.);
#985=ORIENTED_EDGE('',*,*,#2199,.T.);
#986=ORIENTED_EDGE('',*,*,#2186,.F.);
#987=ORIENTED_EDGE('',*,*,#2189,.T.);
#988=ORIENTED_EDGE('',*,*,#2194,.T.);
#989=ORIENTED_EDGE('',*,*,#2199,.F.);
#990=ORIENTED_EDGE('',*,*,#2200,.T.);
#991=ORIENTED_EDGE('',*,*,#1901,.T.);
#992=ORIENTED_EDGE('',*,*,#1916,.T.);
#993=ORIENTED_EDGE('',*,*,#2181,.F.);
#994=ORIENTED_EDGE('',*,*,#2201,.F.);
#995=ORIENTED_EDGE('',*,*,#2202,.F.);
#996=ORIENTED_EDGE('',*,*,#2203,.F.);
#997=ORIENTED_EDGE('',*,*,#2204,.T.);
#998=ORIENTED_EDGE('',*,*,#2205,.T.);
#999=ORIENTED_EDGE('',*,*,#1900,.F.);
#1000=ORIENTED_EDGE('',*,*,#2206,.T.);
#1001=ORIENTED_EDGE('',*,*,#2207,.F.);
#1002=ORIENTED_EDGE('',*,*,#2208,.T.);
#1003=ORIENTED_EDGE('',*,*,#2201,.T.);
#1004=ORIENTED_EDGE('',*,*,#2180,.T.);
#1005=ORIENTED_EDGE('',*,*,#1903,.F.);
#1006=ORIENTED_EDGE('',*,*,#2209,.F.);
#1007=ORIENTED_EDGE('',*,*,#2210,.F.);
#1008=ORIENTED_EDGE('',*,*,#1898,.T.);
#1009=ORIENTED_EDGE('',*,*,#2211,.F.);
#1010=ORIENTED_EDGE('',*,*,#2212,.F.);
#1011=ORIENTED_EDGE('',*,*,#2213,.F.);
#1012=ORIENTED_EDGE('',*,*,#2214,.T.);
#1013=ORIENTED_EDGE('',*,*,#2215,.T.);
#1014=ORIENTED_EDGE('',*,*,#2207,.T.);
#1015=ORIENTED_EDGE('',*,*,#2184,.T.);
#1016=ORIENTED_EDGE('',*,*,#1912,.F.);
#1017=ORIENTED_EDGE('',*,*,#1902,.F.);
#1018=ORIENTED_EDGE('',*,*,#2200,.F.);
#1019=ORIENTED_EDGE('',*,*,#2216,.F.);
#1020=ORIENTED_EDGE('',*,*,#2209,.T.);
#1021=ORIENTED_EDGE('',*,*,#2206,.F.);
#1022=ORIENTED_EDGE('',*,*,#1899,.T.);
#1023=ORIENTED_EDGE('',*,*,#2210,.T.);
#1024=ORIENTED_EDGE('',*,*,#2216,.T.);
#1025=ORIENTED_EDGE('',*,*,#2205,.F.);
#1026=ORIENTED_EDGE('',*,*,#2217,.T.);
#1027=ORIENTED_EDGE('',*,*,#2211,.T.);
#1028=ORIENTED_EDGE('',*,*,#1897,.T.);
#1029=ORIENTED_EDGE('',*,*,#2208,.F.);
#1030=ORIENTED_EDGE('',*,*,#2215,.F.);
#1031=ORIENTED_EDGE('',*,*,#2218,.T.);
#1032=ORIENTED_EDGE('',*,*,#2202,.T.);
#1033=ORIENTED_EDGE('',*,*,#2214,.F.);
#1034=ORIENTED_EDGE('',*,*,#2219,.T.);
#1035=ORIENTED_EDGE('',*,*,#2203,.T.);
#1036=ORIENTED_EDGE('',*,*,#2218,.F.);
#1037=ORIENTED_EDGE('',*,*,#2213,.T.);
#1038=ORIENTED_EDGE('',*,*,#2220,.F.);
#1039=ORIENTED_EDGE('',*,*,#2221,.F.);
#1040=ORIENTED_EDGE('',*,*,#2222,.T.);
#1041=ORIENTED_EDGE('',*,*,#2219,.F.);
#1042=ORIENTED_EDGE('',*,*,#2223,.T.);
#1043=ORIENTED_EDGE('',*,*,#2204,.F.);
#1044=ORIENTED_EDGE('',*,*,#2222,.F.);
#1045=ORIENTED_EDGE('',*,*,#2224,.T.);
#1046=ORIENTED_EDGE('',*,*,#2212,.T.);
#1047=ORIENTED_EDGE('',*,*,#2217,.F.);
#1048=ORIENTED_EDGE('',*,*,#2223,.F.);
#1049=ORIENTED_EDGE('',*,*,#2225,.F.);
#1050=ORIENTED_EDGE('',*,*,#2220,.T.);
#1051=ORIENTED_EDGE('',*,*,#2221,.T.);
#1052=ORIENTED_EDGE('',*,*,#2225,.T.);
#1053=ORIENTED_EDGE('',*,*,#2224,.F.);
#1054=ORIENTED_EDGE('',*,*,#1894,.F.);
#1055=ORIENTED_EDGE('',*,*,#2192,.F.);
#1056=ORIENTED_EDGE('',*,*,#2226,.T.);
#1057=ORIENTED_EDGE('',*,*,#2195,.T.);
#1058=ORIENTED_EDGE('',*,*,#2191,.F.);
#1059=ORIENTED_EDGE('',*,*,#2227,.T.);
#1060=ORIENTED_EDGE('',*,*,#2196,.F.);
#1061=ORIENTED_EDGE('',*,*,#2226,.F.);
#1062=ORIENTED_EDGE('',*,*,#2197,.F.);
#1063=ORIENTED_EDGE('',*,*,#2227,.F.);
#1064=ORIENTED_EDGE('',*,*,#2228,.T.);
#1065=ORIENTED_EDGE('',*,*,#2229,.T.);
#1066=ORIENTED_EDGE('',*,*,#2198,.F.);
#1067=ORIENTED_EDGE('',*,*,#2229,.F.);
#1068=ORIENTED_EDGE('',*,*,#2230,.T.);
#1069=ORIENTED_EDGE('',*,*,#1889,.T.);
#1070=ORIENTED_EDGE('',*,*,#2190,.T.);
#1071=ORIENTED_EDGE('',*,*,#2230,.F.);
#1072=ORIENTED_EDGE('',*,*,#2228,.F.);
#1073=ORIENTED_EDGE('',*,*,#2144,.F.);
#1074=ORIENTED_EDGE('',*,*,#2231,.T.);
#1075=ORIENTED_EDGE('',*,*,#2232,.F.);
#1076=ORIENTED_EDGE('',*,*,#2233,.F.);
#1077=ORIENTED_EDGE('',*,*,#2234,.F.);
#1078=ORIENTED_EDGE('',*,*,#2173,.F.);
#1079=ORIENTED_EDGE('',*,*,#2138,.T.);
#1080=ORIENTED_EDGE('',*,*,#2233,.T.);
#1081=ORIENTED_EDGE('',*,*,#2235,.T.);
#1082=ORIENTED_EDGE('',*,*,#2236,.F.);
#1083=ORIENTED_EDGE('',*,*,#2237,.T.);
#1084=ORIENTED_EDGE('',*,*,#2143,.F.);
#1085=ORIENTED_EDGE('',*,*,#2175,.T.);
#1086=ORIENTED_EDGE('',*,*,#2238,.T.);
#1087=ORIENTED_EDGE('',*,*,#2239,.F.);
#1088=ORIENTED_EDGE('',*,*,#2231,.F.);
#1089=ORIENTED_EDGE('',*,*,#2239,.T.);
#1090=ORIENTED_EDGE('',*,*,#2240,.F.);
#1091=ORIENTED_EDGE('',*,*,#2235,.F.);
#1092=ORIENTED_EDGE('',*,*,#2232,.T.);
#1093=ORIENTED_EDGE('',*,*,#2174,.F.);
#1094=ORIENTED_EDGE('',*,*,#2236,.T.);
#1095=ORIENTED_EDGE('',*,*,#2240,.T.);
#1096=ORIENTED_EDGE('',*,*,#2238,.F.);
#1097=ORIENTED_EDGE('',*,*,#2234,.T.);
#1098=ORIENTED_EDGE('',*,*,#2237,.F.);
#1099=ORIENTED_EDGE('',*,*,#1818,.F.);
#1100=ORIENTED_EDGE('',*,*,#2241,.F.);
#1101=ORIENTED_EDGE('',*,*,#2242,.T.);
#1102=ORIENTED_EDGE('',*,*,#2243,.T.);
#1103=ORIENTED_EDGE('',*,*,#1821,.F.);
#1104=ORIENTED_EDGE('',*,*,#2244,.F.);
#1105=ORIENTED_EDGE('',*,*,#2245,.T.);
#1106=ORIENTED_EDGE('',*,*,#2241,.T.);
#1107=ORIENTED_EDGE('',*,*,#1820,.F.);
#1108=ORIENTED_EDGE('',*,*,#2246,.F.);
#1109=ORIENTED_EDGE('',*,*,#2247,.T.);
#1110=ORIENTED_EDGE('',*,*,#2244,.T.);
#1111=ORIENTED_EDGE('',*,*,#1819,.F.);
#1112=ORIENTED_EDGE('',*,*,#2243,.F.);
#1113=ORIENTED_EDGE('',*,*,#2248,.T.);
#1114=ORIENTED_EDGE('',*,*,#2246,.T.);
#1115=ORIENTED_EDGE('',*,*,#2242,.F.);
#1116=ORIENTED_EDGE('',*,*,#2245,.F.);
#1117=ORIENTED_EDGE('',*,*,#2247,.F.);
#1118=ORIENTED_EDGE('',*,*,#2248,.F.);
#1119=ORIENTED_EDGE('',*,*,#1799,.F.);
#1120=ORIENTED_EDGE('',*,*,#2249,.F.);
#1121=ORIENTED_EDGE('',*,*,#2250,.T.);
#1122=ORIENTED_EDGE('',*,*,#2251,.T.);
#1123=ORIENTED_EDGE('',*,*,#1809,.F.);
#1124=ORIENTED_EDGE('',*,*,#2252,.F.);
#1125=ORIENTED_EDGE('',*,*,#2253,.T.);
#1126=ORIENTED_EDGE('',*,*,#2249,.T.);
#1127=ORIENTED_EDGE('',*,*,#1808,.F.);
#1128=ORIENTED_EDGE('',*,*,#2254,.F.);
#1129=ORIENTED_EDGE('',*,*,#2255,.T.);
#1130=ORIENTED_EDGE('',*,*,#2252,.T.);
#1131=ORIENTED_EDGE('',*,*,#1807,.F.);
#1132=ORIENTED_EDGE('',*,*,#2256,.F.);
#1133=ORIENTED_EDGE('',*,*,#2257,.T.);
#1134=ORIENTED_EDGE('',*,*,#2254,.T.);
#1135=ORIENTED_EDGE('',*,*,#1806,.F.);
#1136=ORIENTED_EDGE('',*,*,#2258,.F.);
#1137=ORIENTED_EDGE('',*,*,#2259,.T.);
#1138=ORIENTED_EDGE('',*,*,#2256,.T.);
#1139=ORIENTED_EDGE('',*,*,#1805,.F.);
#1140=ORIENTED_EDGE('',*,*,#2260,.F.);
#1141=ORIENTED_EDGE('',*,*,#2261,.T.);
#1142=ORIENTED_EDGE('',*,*,#2258,.T.);
#1143=ORIENTED_EDGE('',*,*,#1804,.F.);
#1144=ORIENTED_EDGE('',*,*,#2262,.F.);
#1145=ORIENTED_EDGE('',*,*,#2263,.T.);
#1146=ORIENTED_EDGE('',*,*,#2260,.T.);
#1147=ORIENTED_EDGE('',*,*,#1803,.F.);
#1148=ORIENTED_EDGE('',*,*,#2264,.F.);
#1149=ORIENTED_EDGE('',*,*,#2265,.T.);
#1150=ORIENTED_EDGE('',*,*,#2262,.T.);
#1151=ORIENTED_EDGE('',*,*,#1802,.F.);
#1152=ORIENTED_EDGE('',*,*,#2266,.F.);
#1153=ORIENTED_EDGE('',*,*,#2267,.T.);
#1154=ORIENTED_EDGE('',*,*,#2264,.T.);
#1155=ORIENTED_EDGE('',*,*,#1801,.F.);
#1156=ORIENTED_EDGE('',*,*,#2268,.F.);
#1157=ORIENTED_EDGE('',*,*,#2269,.T.);
#1158=ORIENTED_EDGE('',*,*,#2266,.T.);
#1159=ORIENTED_EDGE('',*,*,#1800,.F.);
#1160=ORIENTED_EDGE('',*,*,#2251,.F.);
#1161=ORIENTED_EDGE('',*,*,#2270,.T.);
#1162=ORIENTED_EDGE('',*,*,#2268,.T.);
#1163=ORIENTED_EDGE('',*,*,#2250,.F.);
#1164=ORIENTED_EDGE('',*,*,#2253,.F.);
#1165=ORIENTED_EDGE('',*,*,#2255,.F.);
#1166=ORIENTED_EDGE('',*,*,#2257,.F.);
#1167=ORIENTED_EDGE('',*,*,#2259,.F.);
#1168=ORIENTED_EDGE('',*,*,#2261,.F.);
#1169=ORIENTED_EDGE('',*,*,#2263,.F.);
#1170=ORIENTED_EDGE('',*,*,#2265,.F.);
#1171=ORIENTED_EDGE('',*,*,#2267,.F.);
#1172=ORIENTED_EDGE('',*,*,#2269,.F.);
#1173=ORIENTED_EDGE('',*,*,#2270,.F.);
#1174=ORIENTED_EDGE('',*,*,#1822,.F.);
#1175=ORIENTED_EDGE('',*,*,#2271,.F.);
#1176=ORIENTED_EDGE('',*,*,#2272,.T.);
#1177=ORIENTED_EDGE('',*,*,#2273,.T.);
#1178=ORIENTED_EDGE('',*,*,#1828,.F.);
#1179=ORIENTED_EDGE('',*,*,#2274,.F.);
#1180=ORIENTED_EDGE('',*,*,#2275,.T.);
#1181=ORIENTED_EDGE('',*,*,#2271,.T.);
#1182=ORIENTED_EDGE('',*,*,#1827,.F.);
#1183=ORIENTED_EDGE('',*,*,#2276,.F.);
#1184=ORIENTED_EDGE('',*,*,#2277,.T.);
#1185=ORIENTED_EDGE('',*,*,#2274,.T.);
#1186=ORIENTED_EDGE('',*,*,#1826,.F.);
#1187=ORIENTED_EDGE('',*,*,#2278,.F.);
#1188=ORIENTED_EDGE('',*,*,#2279,.T.);
#1189=ORIENTED_EDGE('',*,*,#2276,.T.);
#1190=ORIENTED_EDGE('',*,*,#1825,.F.);
#1191=ORIENTED_EDGE('',*,*,#2280,.F.);
#1192=ORIENTED_EDGE('',*,*,#2281,.T.);
#1193=ORIENTED_EDGE('',*,*,#2278,.T.);
#1194=ORIENTED_EDGE('',*,*,#1824,.F.);
#1195=ORIENTED_EDGE('',*,*,#2282,.F.);
#1196=ORIENTED_EDGE('',*,*,#2283,.T.);
#1197=ORIENTED_EDGE('',*,*,#2280,.T.);
#1198=ORIENTED_EDGE('',*,*,#1823,.F.);
#1199=ORIENTED_EDGE('',*,*,#2273,.F.);
#1200=ORIENTED_EDGE('',*,*,#2284,.T.);
#1201=ORIENTED_EDGE('',*,*,#2282,.T.);
#1202=ORIENTED_EDGE('',*,*,#2272,.F.);
#1203=ORIENTED_EDGE('',*,*,#2275,.F.);
#1204=ORIENTED_EDGE('',*,*,#2277,.F.);
#1205=ORIENTED_EDGE('',*,*,#2279,.F.);
#1206=ORIENTED_EDGE('',*,*,#2281,.F.);
#1207=ORIENTED_EDGE('',*,*,#2283,.F.);
#1208=ORIENTED_EDGE('',*,*,#2284,.F.);
#1209=ORIENTED_EDGE('',*,*,#1795,.F.);
#1210=ORIENTED_EDGE('',*,*,#2285,.F.);
#1211=ORIENTED_EDGE('',*,*,#2286,.T.);
#1212=ORIENTED_EDGE('',*,*,#2287,.T.);
#1213=ORIENTED_EDGE('',*,*,#1798,.F.);
#1214=ORIENTED_EDGE('',*,*,#2288,.F.);
#1215=ORIENTED_EDGE('',*,*,#2289,.T.);
#1216=ORIENTED_EDGE('',*,*,#2285,.T.);
#1217=ORIENTED_EDGE('',*,*,#1797,.F.);
#1218=ORIENTED_EDGE('',*,*,#2290,.F.);
#1219=ORIENTED_EDGE('',*,*,#2291,.T.);
#1220=ORIENTED_EDGE('',*,*,#2288,.T.);
#1221=ORIENTED_EDGE('',*,*,#1796,.F.);
#1222=ORIENTED_EDGE('',*,*,#2287,.F.);
#1223=ORIENTED_EDGE('',*,*,#2292,.T.);
#1224=ORIENTED_EDGE('',*,*,#2290,.T.);
#1225=ORIENTED_EDGE('',*,*,#2286,.F.);
#1226=ORIENTED_EDGE('',*,*,#2289,.F.);
#1227=ORIENTED_EDGE('',*,*,#2291,.F.);
#1228=ORIENTED_EDGE('',*,*,#2292,.F.);
#1229=ORIENTED_EDGE('',*,*,#1829,.F.);
#1230=ORIENTED_EDGE('',*,*,#2293,.F.);
#1231=ORIENTED_EDGE('',*,*,#2294,.T.);
#1232=ORIENTED_EDGE('',*,*,#2295,.T.);
#1233=ORIENTED_EDGE('',*,*,#1835,.F.);
#1234=ORIENTED_EDGE('',*,*,#2296,.F.);
#1235=ORIENTED_EDGE('',*,*,#2297,.T.);
#1236=ORIENTED_EDGE('',*,*,#2293,.T.);
#1237=ORIENTED_EDGE('',*,*,#1834,.F.);
#1238=ORIENTED_EDGE('',*,*,#2298,.F.);
#1239=ORIENTED_EDGE('',*,*,#2299,.T.);
#1240=ORIENTED_EDGE('',*,*,#2296,.T.);
#1241=ORIENTED_EDGE('',*,*,#1833,.F.);
#1242=ORIENTED_EDGE('',*,*,#2300,.F.);
#1243=ORIENTED_EDGE('',*,*,#2301,.T.);
#1244=ORIENTED_EDGE('',*,*,#2298,.T.);
#1245=ORIENTED_EDGE('',*,*,#1832,.F.);
#1246=ORIENTED_EDGE('',*,*,#2302,.F.);
#1247=ORIENTED_EDGE('',*,*,#2303,.T.);
#1248=ORIENTED_EDGE('',*,*,#2300,.T.);
#1249=ORIENTED_EDGE('',*,*,#1831,.F.);
#1250=ORIENTED_EDGE('',*,*,#2304,.F.);
#1251=ORIENTED_EDGE('',*,*,#2305,.T.);
#1252=ORIENTED_EDGE('',*,*,#2302,.T.);
#1253=ORIENTED_EDGE('',*,*,#1830,.F.);
#1254=ORIENTED_EDGE('',*,*,#2295,.F.);
#1255=ORIENTED_EDGE('',*,*,#2306,.T.);
#1256=ORIENTED_EDGE('',*,*,#2304,.T.);
#1257=ORIENTED_EDGE('',*,*,#2294,.F.);
#1258=ORIENTED_EDGE('',*,*,#2297,.F.);
#1259=ORIENTED_EDGE('',*,*,#2299,.F.);
#1260=ORIENTED_EDGE('',*,*,#2301,.F.);
#1261=ORIENTED_EDGE('',*,*,#2303,.F.);
#1262=ORIENTED_EDGE('',*,*,#2305,.F.);
#1263=ORIENTED_EDGE('',*,*,#2306,.F.);
#1264=ORIENTED_EDGE('',*,*,#1791,.F.);
#1265=ORIENTED_EDGE('',*,*,#2307,.F.);
#1266=ORIENTED_EDGE('',*,*,#2308,.T.);
#1267=ORIENTED_EDGE('',*,*,#2309,.T.);
#1268=ORIENTED_EDGE('',*,*,#1794,.F.);
#1269=ORIENTED_EDGE('',*,*,#2310,.F.);
#1270=ORIENTED_EDGE('',*,*,#2311,.T.);
#1271=ORIENTED_EDGE('',*,*,#2307,.T.);
#1272=ORIENTED_EDGE('',*,*,#1793,.F.);
#1273=ORIENTED_EDGE('',*,*,#2312,.F.);
#1274=ORIENTED_EDGE('',*,*,#2313,.T.);
#1275=ORIENTED_EDGE('',*,*,#2310,.T.);
#1276=ORIENTED_EDGE('',*,*,#1792,.F.);
#1277=ORIENTED_EDGE('',*,*,#2309,.F.);
#1278=ORIENTED_EDGE('',*,*,#2314,.T.);
#1279=ORIENTED_EDGE('',*,*,#2312,.T.);
#1280=ORIENTED_EDGE('',*,*,#2308,.F.);
#1281=ORIENTED_EDGE('',*,*,#2311,.F.);
#1282=ORIENTED_EDGE('',*,*,#2313,.F.);
#1283=ORIENTED_EDGE('',*,*,#2314,.F.);
#1284=ORIENTED_EDGE('',*,*,#2315,.F.);
#1285=ORIENTED_EDGE('',*,*,#2316,.F.);
#1286=ORIENTED_EDGE('',*,*,#2317,.T.);
#1287=ORIENTED_EDGE('',*,*,#2318,.T.);
#1288=ORIENTED_EDGE('',*,*,#2319,.F.);
#1289=ORIENTED_EDGE('',*,*,#2320,.F.);
#1290=ORIENTED_EDGE('',*,*,#2321,.T.);
#1291=ORIENTED_EDGE('',*,*,#2316,.T.);
#1292=ORIENTED_EDGE('',*,*,#2322,.F.);
#1293=ORIENTED_EDGE('',*,*,#2323,.F.);
#1294=ORIENTED_EDGE('',*,*,#2324,.T.);
#1295=ORIENTED_EDGE('',*,*,#2320,.T.);
#1296=ORIENTED_EDGE('',*,*,#2325,.F.);
#1297=ORIENTED_EDGE('',*,*,#2326,.F.);
#1298=ORIENTED_EDGE('',*,*,#2327,.T.);
#1299=ORIENTED_EDGE('',*,*,#2323,.T.);
#1300=ORIENTED_EDGE('',*,*,#2328,.F.);
#1301=ORIENTED_EDGE('',*,*,#2329,.F.);
#1302=ORIENTED_EDGE('',*,*,#2330,.T.);
#1303=ORIENTED_EDGE('',*,*,#2326,.T.);
#1304=ORIENTED_EDGE('',*,*,#2331,.F.);
#1305=ORIENTED_EDGE('',*,*,#2332,.F.);
#1306=ORIENTED_EDGE('',*,*,#2333,.T.);
#1307=ORIENTED_EDGE('',*,*,#2329,.T.);
#1308=ORIENTED_EDGE('',*,*,#2334,.F.);
#1309=ORIENTED_EDGE('',*,*,#2335,.F.);
#1310=ORIENTED_EDGE('',*,*,#2336,.T.);
#1311=ORIENTED_EDGE('',*,*,#2332,.T.);
#1312=ORIENTED_EDGE('',*,*,#1836,.F.);
#1313=ORIENTED_EDGE('',*,*,#2337,.F.);
#1314=ORIENTED_EDGE('',*,*,#2338,.T.);
#1315=ORIENTED_EDGE('',*,*,#2339,.T.);
#1316=ORIENTED_EDGE('',*,*,#1852,.F.);
#1317=ORIENTED_EDGE('',*,*,#2340,.F.);
#1318=ORIENTED_EDGE('',*,*,#2341,.T.);
#1319=ORIENTED_EDGE('',*,*,#2337,.T.);
#1320=ORIENTED_EDGE('',*,*,#1851,.F.);
#1321=ORIENTED_EDGE('',*,*,#2342,.F.);
#1322=ORIENTED_EDGE('',*,*,#2343,.T.);
#1323=ORIENTED_EDGE('',*,*,#2340,.T.);
#1324=ORIENTED_EDGE('',*,*,#1850,.F.);
#1325=ORIENTED_EDGE('',*,*,#2344,.F.);
#1326=ORIENTED_EDGE('',*,*,#2345,.T.);
#1327=ORIENTED_EDGE('',*,*,#2342,.T.);
#1328=ORIENTED_EDGE('',*,*,#1849,.F.);
#1329=ORIENTED_EDGE('',*,*,#2346,.F.);
#1330=ORIENTED_EDGE('',*,*,#2347,.T.);
#1331=ORIENTED_EDGE('',*,*,#2344,.T.);
#1332=ORIENTED_EDGE('',*,*,#1848,.F.);
#1333=ORIENTED_EDGE('',*,*,#2348,.F.);
#1334=ORIENTED_EDGE('',*,*,#2349,.T.);
#1335=ORIENTED_EDGE('',*,*,#2346,.T.);
#1336=ORIENTED_EDGE('',*,*,#1847,.F.);
#1337=ORIENTED_EDGE('',*,*,#2350,.F.);
#1338=ORIENTED_EDGE('',*,*,#2351,.T.);
#1339=ORIENTED_EDGE('',*,*,#2348,.T.);
#1340=ORIENTED_EDGE('',*,*,#1846,.F.);
#1341=ORIENTED_EDGE('',*,*,#2352,.F.);
#1342=ORIENTED_EDGE('',*,*,#2353,.T.);
#1343=ORIENTED_EDGE('',*,*,#2350,.T.);
#1344=ORIENTED_EDGE('',*,*,#1845,.F.);
#1345=ORIENTED_EDGE('',*,*,#2354,.F.);
#1346=ORIENTED_EDGE('',*,*,#2355,.T.);
#1347=ORIENTED_EDGE('',*,*,#2352,.T.);
#1348=ORIENTED_EDGE('',*,*,#1844,.F.);
#1349=ORIENTED_EDGE('',*,*,#2356,.F.);
#1350=ORIENTED_EDGE('',*,*,#2357,.T.);
#1351=ORIENTED_EDGE('',*,*,#2354,.T.);
#1352=ORIENTED_EDGE('',*,*,#1843,.F.);
#1353=ORIENTED_EDGE('',*,*,#2358,.F.);
#1354=ORIENTED_EDGE('',*,*,#2359,.T.);
#1355=ORIENTED_EDGE('',*,*,#2356,.T.);
#1356=ORIENTED_EDGE('',*,*,#1842,.F.);
#1357=ORIENTED_EDGE('',*,*,#2360,.F.);
#1358=ORIENTED_EDGE('',*,*,#2361,.T.);
#1359=ORIENTED_EDGE('',*,*,#2358,.T.);
#1360=ORIENTED_EDGE('',*,*,#1841,.F.);
#1361=ORIENTED_EDGE('',*,*,#2362,.F.);
#1362=ORIENTED_EDGE('',*,*,#2363,.T.);
#1363=ORIENTED_EDGE('',*,*,#2360,.T.);
#1364=ORIENTED_EDGE('',*,*,#1840,.F.);
#1365=ORIENTED_EDGE('',*,*,#2364,.F.);
#1366=ORIENTED_EDGE('',*,*,#2365,.T.);
#1367=ORIENTED_EDGE('',*,*,#2362,.T.);
#1368=ORIENTED_EDGE('',*,*,#1839,.F.);
#1369=ORIENTED_EDGE('',*,*,#2366,.F.);
#1370=ORIENTED_EDGE('',*,*,#2367,.T.);
#1371=ORIENTED_EDGE('',*,*,#2364,.T.);
#1372=ORIENTED_EDGE('',*,*,#1838,.F.);
#1373=ORIENTED_EDGE('',*,*,#2368,.F.);
#1374=ORIENTED_EDGE('',*,*,#2369,.T.);
#1375=ORIENTED_EDGE('',*,*,#2366,.T.);
#1376=ORIENTED_EDGE('',*,*,#1837,.F.);
#1377=ORIENTED_EDGE('',*,*,#2339,.F.);
#1378=ORIENTED_EDGE('',*,*,#2370,.T.);
#1379=ORIENTED_EDGE('',*,*,#2368,.T.);
#1380=ORIENTED_EDGE('',*,*,#2371,.F.);
#1381=ORIENTED_EDGE('',*,*,#2318,.F.);
#1382=ORIENTED_EDGE('',*,*,#2372,.T.);
#1383=ORIENTED_EDGE('',*,*,#2335,.T.);
#1384=ORIENTED_EDGE('',*,*,#2338,.F.);
#1385=ORIENTED_EDGE('',*,*,#2341,.F.);
#1386=ORIENTED_EDGE('',*,*,#2343,.F.);
#1387=ORIENTED_EDGE('',*,*,#2345,.F.);
#1388=ORIENTED_EDGE('',*,*,#2347,.F.);
#1389=ORIENTED_EDGE('',*,*,#2349,.F.);
#1390=ORIENTED_EDGE('',*,*,#2351,.F.);
#1391=ORIENTED_EDGE('',*,*,#2353,.F.);
#1392=ORIENTED_EDGE('',*,*,#2355,.F.);
#1393=ORIENTED_EDGE('',*,*,#2357,.F.);
#1394=ORIENTED_EDGE('',*,*,#2359,.F.);
#1395=ORIENTED_EDGE('',*,*,#2361,.F.);
#1396=ORIENTED_EDGE('',*,*,#2363,.F.);
#1397=ORIENTED_EDGE('',*,*,#2365,.F.);
#1398=ORIENTED_EDGE('',*,*,#2367,.F.);
#1399=ORIENTED_EDGE('',*,*,#2369,.F.);
#1400=ORIENTED_EDGE('',*,*,#2370,.F.);
#1401=ORIENTED_EDGE('',*,*,#2317,.F.);
#1402=ORIENTED_EDGE('',*,*,#2321,.F.);
#1403=ORIENTED_EDGE('',*,*,#2324,.F.);
#1404=ORIENTED_EDGE('',*,*,#2327,.F.);
#1405=ORIENTED_EDGE('',*,*,#2330,.F.);
#1406=ORIENTED_EDGE('',*,*,#2333,.F.);
#1407=ORIENTED_EDGE('',*,*,#2336,.F.);
#1408=ORIENTED_EDGE('',*,*,#2372,.F.);
#1409=ORIENTED_EDGE('',*,*,#1784,.F.);
#1410=ORIENTED_EDGE('',*,*,#2373,.F.);
#1411=ORIENTED_EDGE('',*,*,#2374,.T.);
#1412=ORIENTED_EDGE('',*,*,#2375,.T.);
#1413=ORIENTED_EDGE('',*,*,#1790,.F.);
#1414=ORIENTED_EDGE('',*,*,#2376,.F.);
#1415=ORIENTED_EDGE('',*,*,#2377,.T.);
#1416=ORIENTED_EDGE('',*,*,#2373,.T.);
#1417=ORIENTED_EDGE('',*,*,#1789,.F.);
#1418=ORIENTED_EDGE('',*,*,#2378,.F.);
#1419=ORIENTED_EDGE('',*,*,#2379,.T.);
#1420=ORIENTED_EDGE('',*,*,#2376,.T.);
#1421=ORIENTED_EDGE('',*,*,#1788,.F.);
#1422=ORIENTED_EDGE('',*,*,#2380,.F.);
#1423=ORIENTED_EDGE('',*,*,#2381,.T.);
#1424=ORIENTED_EDGE('',*,*,#2378,.T.);
#1425=ORIENTED_EDGE('',*,*,#1787,.F.);
#1426=ORIENTED_EDGE('',*,*,#2382,.F.);
#1427=ORIENTED_EDGE('',*,*,#2383,.T.);
#1428=ORIENTED_EDGE('',*,*,#2380,.T.);
#1429=ORIENTED_EDGE('',*,*,#1786,.F.);
#1430=ORIENTED_EDGE('',*,*,#2384,.F.);
#1431=ORIENTED_EDGE('',*,*,#2385,.T.);
#1432=ORIENTED_EDGE('',*,*,#2382,.T.);
#1433=ORIENTED_EDGE('',*,*,#1785,.F.);
#1434=ORIENTED_EDGE('',*,*,#2375,.F.);
#1435=ORIENTED_EDGE('',*,*,#2386,.T.);
#1436=ORIENTED_EDGE('',*,*,#2384,.T.);
#1437=ORIENTED_EDGE('',*,*,#2374,.F.);
#1438=ORIENTED_EDGE('',*,*,#2377,.F.);
#1439=ORIENTED_EDGE('',*,*,#2379,.F.);
#1440=ORIENTED_EDGE('',*,*,#2381,.F.);
#1441=ORIENTED_EDGE('',*,*,#2383,.F.);
#1442=ORIENTED_EDGE('',*,*,#2385,.F.);
#1443=ORIENTED_EDGE('',*,*,#2386,.F.);
#1444=ORIENTED_EDGE('',*,*,#1853,.F.);
#1445=ORIENTED_EDGE('',*,*,#2387,.F.);
#1446=ORIENTED_EDGE('',*,*,#2388,.T.);
#1447=ORIENTED_EDGE('',*,*,#2389,.T.);
#1448=ORIENTED_EDGE('',*,*,#1856,.F.);
#1449=ORIENTED_EDGE('',*,*,#2390,.F.);
#1450=ORIENTED_EDGE('',*,*,#2391,.T.);
#1451=ORIENTED_EDGE('',*,*,#2387,.T.);
#1452=ORIENTED_EDGE('',*,*,#1855,.F.);
#1453=ORIENTED_EDGE('',*,*,#2392,.F.);
#1454=ORIENTED_EDGE('',*,*,#2393,.T.);
#1455=ORIENTED_EDGE('',*,*,#2390,.T.);
#1456=ORIENTED_EDGE('',*,*,#1854,.F.);
#1457=ORIENTED_EDGE('',*,*,#2389,.F.);
#1458=ORIENTED_EDGE('',*,*,#2394,.T.);
#1459=ORIENTED_EDGE('',*,*,#2392,.T.);
#1460=ORIENTED_EDGE('',*,*,#2388,.F.);
#1461=ORIENTED_EDGE('',*,*,#2391,.F.);
#1462=ORIENTED_EDGE('',*,*,#2393,.F.);
#1463=ORIENTED_EDGE('',*,*,#2394,.F.);
#1464=ORIENTED_EDGE('',*,*,#1777,.F.);
#1465=ORIENTED_EDGE('',*,*,#2395,.F.);
#1466=ORIENTED_EDGE('',*,*,#2396,.T.);
#1467=ORIENTED_EDGE('',*,*,#2397,.T.);
#1468=ORIENTED_EDGE('',*,*,#1783,.F.);
#1469=ORIENTED_EDGE('',*,*,#2398,.F.);
#1470=ORIENTED_EDGE('',*,*,#2399,.T.);
#1471=ORIENTED_EDGE('',*,*,#2395,.T.);
#1472=ORIENTED_EDGE('',*,*,#1782,.F.);
#1473=ORIENTED_EDGE('',*,*,#2400,.F.);
#1474=ORIENTED_EDGE('',*,*,#2401,.T.);
#1475=ORIENTED_EDGE('',*,*,#2398,.T.);
#1476=ORIENTED_EDGE('',*,*,#1781,.F.);
#1477=ORIENTED_EDGE('',*,*,#2402,.F.);
#1478=ORIENTED_EDGE('',*,*,#2403,.T.);
#1479=ORIENTED_EDGE('',*,*,#2400,.T.);
#1480=ORIENTED_EDGE('',*,*,#1780,.F.);
#1481=ORIENTED_EDGE('',*,*,#2404,.F.);
#1482=ORIENTED_EDGE('',*,*,#2405,.T.);
#1483=ORIENTED_EDGE('',*,*,#2402,.T.);
#1484=ORIENTED_EDGE('',*,*,#1779,.F.);
#1485=ORIENTED_EDGE('',*,*,#2406,.F.);
#1486=ORIENTED_EDGE('',*,*,#2407,.T.);
#1487=ORIENTED_EDGE('',*,*,#2404,.T.);
#1488=ORIENTED_EDGE('',*,*,#1778,.F.);
#1489=ORIENTED_EDGE('',*,*,#2397,.F.);
#1490=ORIENTED_EDGE('',*,*,#2408,.T.);
#1491=ORIENTED_EDGE('',*,*,#2406,.T.);
#1492=ORIENTED_EDGE('',*,*,#2396,.F.);
#1493=ORIENTED_EDGE('',*,*,#2399,.F.);
#1494=ORIENTED_EDGE('',*,*,#2401,.F.);
#1495=ORIENTED_EDGE('',*,*,#2403,.F.);
#1496=ORIENTED_EDGE('',*,*,#2405,.F.);
#1497=ORIENTED_EDGE('',*,*,#2407,.F.);
#1498=ORIENTED_EDGE('',*,*,#2408,.F.);
#1499=ORIENTED_EDGE('',*,*,#1857,.F.);
#1500=ORIENTED_EDGE('',*,*,#2409,.F.);
#1501=ORIENTED_EDGE('',*,*,#2410,.T.);
#1502=ORIENTED_EDGE('',*,*,#2411,.T.);
#1503=ORIENTED_EDGE('',*,*,#1867,.F.);
#1504=ORIENTED_EDGE('',*,*,#2412,.F.);
#1505=ORIENTED_EDGE('',*,*,#2413,.T.);
#1506=ORIENTED_EDGE('',*,*,#2409,.T.);
#1507=ORIENTED_EDGE('',*,*,#1866,.F.);
#1508=ORIENTED_EDGE('',*,*,#2414,.F.);
#1509=ORIENTED_EDGE('',*,*,#2415,.T.);
#1510=ORIENTED_EDGE('',*,*,#2412,.T.);
#1511=ORIENTED_EDGE('',*,*,#1865,.F.);
#1512=ORIENTED_EDGE('',*,*,#2416,.F.);
#1513=ORIENTED_EDGE('',*,*,#2417,.T.);
#1514=ORIENTED_EDGE('',*,*,#2414,.T.);
#1515=ORIENTED_EDGE('',*,*,#1864,.F.);
#1516=ORIENTED_EDGE('',*,*,#2418,.F.);
#1517=ORIENTED_EDGE('',*,*,#2419,.T.);
#1518=ORIENTED_EDGE('',*,*,#2416,.T.);
#1519=ORIENTED_EDGE('',*,*,#1863,.F.);
#1520=ORIENTED_EDGE('',*,*,#2420,.F.);
#1521=ORIENTED_EDGE('',*,*,#2421,.T.);
#1522=ORIENTED_EDGE('',*,*,#2418,.T.);
#1523=ORIENTED_EDGE('',*,*,#1862,.F.);
#1524=ORIENTED_EDGE('',*,*,#2422,.F.);
#1525=ORIENTED_EDGE('',*,*,#2423,.T.);
#1526=ORIENTED_EDGE('',*,*,#2420,.T.);
#1527=ORIENTED_EDGE('',*,*,#1861,.F.);
#1528=ORIENTED_EDGE('',*,*,#2424,.F.);
#1529=ORIENTED_EDGE('',*,*,#2425,.T.);
#1530=ORIENTED_EDGE('',*,*,#2422,.T.);
#1531=ORIENTED_EDGE('',*,*,#1860,.F.);
#1532=ORIENTED_EDGE('',*,*,#2426,.F.);
#1533=ORIENTED_EDGE('',*,*,#2427,.T.);
#1534=ORIENTED_EDGE('',*,*,#2424,.T.);
#1535=ORIENTED_EDGE('',*,*,#1859,.F.);
#1536=ORIENTED_EDGE('',*,*,#2428,.F.);
#1537=ORIENTED_EDGE('',*,*,#2429,.T.);
#1538=ORIENTED_EDGE('',*,*,#2426,.T.);
#1539=ORIENTED_EDGE('',*,*,#1858,.F.);
#1540=ORIENTED_EDGE('',*,*,#2411,.F.);
#1541=ORIENTED_EDGE('',*,*,#2430,.T.);
#1542=ORIENTED_EDGE('',*,*,#2428,.T.);
#1543=ORIENTED_EDGE('',*,*,#2410,.F.);
#1544=ORIENTED_EDGE('',*,*,#2413,.F.);
#1545=ORIENTED_EDGE('',*,*,#2415,.F.);
#1546=ORIENTED_EDGE('',*,*,#2417,.F.);
#1547=ORIENTED_EDGE('',*,*,#2419,.F.);
#1548=ORIENTED_EDGE('',*,*,#2421,.F.);
#1549=ORIENTED_EDGE('',*,*,#2423,.F.);
#1550=ORIENTED_EDGE('',*,*,#2425,.F.);
#1551=ORIENTED_EDGE('',*,*,#2427,.F.);
#1552=ORIENTED_EDGE('',*,*,#2429,.F.);
#1553=ORIENTED_EDGE('',*,*,#2430,.F.);
#1554=ORIENTED_EDGE('',*,*,#1766,.F.);
#1555=ORIENTED_EDGE('',*,*,#2431,.F.);
#1556=ORIENTED_EDGE('',*,*,#2432,.T.);
#1557=ORIENTED_EDGE('',*,*,#2433,.T.);
#1558=ORIENTED_EDGE('',*,*,#1776,.F.);
#1559=ORIENTED_EDGE('',*,*,#2434,.F.);
#1560=ORIENTED_EDGE('',*,*,#2435,.T.);
#1561=ORIENTED_EDGE('',*,*,#2431,.T.);
#1562=ORIENTED_EDGE('',*,*,#1775,.F.);
#1563=ORIENTED_EDGE('',*,*,#2436,.F.);
#1564=ORIENTED_EDGE('',*,*,#2437,.T.);
#1565=ORIENTED_EDGE('',*,*,#2434,.T.);
#1566=ORIENTED_EDGE('',*,*,#1774,.F.);
#1567=ORIENTED_EDGE('',*,*,#2438,.F.);
#1568=ORIENTED_EDGE('',*,*,#2439,.T.);
#1569=ORIENTED_EDGE('',*,*,#2436,.T.);
#1570=ORIENTED_EDGE('',*,*,#1773,.F.);
#1571=ORIENTED_EDGE('',*,*,#2440,.F.);
#1572=ORIENTED_EDGE('',*,*,#2441,.T.);
#1573=ORIENTED_EDGE('',*,*,#2438,.T.);
#1574=ORIENTED_EDGE('',*,*,#1772,.F.);
#1575=ORIENTED_EDGE('',*,*,#2442,.F.);
#1576=ORIENTED_EDGE('',*,*,#2443,.T.);
#1577=ORIENTED_EDGE('',*,*,#2440,.T.);
#1578=ORIENTED_EDGE('',*,*,#1771,.F.);
#1579=ORIENTED_EDGE('',*,*,#2444,.F.);
#1580=ORIENTED_EDGE('',*,*,#2445,.T.);
#1581=ORIENTED_EDGE('',*,*,#2442,.T.);
#1582=ORIENTED_EDGE('',*,*,#1770,.F.);
#1583=ORIENTED_EDGE('',*,*,#2446,.F.);
#1584=ORIENTED_EDGE('',*,*,#2447,.T.);
#1585=ORIENTED_EDGE('',*,*,#2444,.T.);
#1586=ORIENTED_EDGE('',*,*,#1769,.F.);
#1587=ORIENTED_EDGE('',*,*,#2448,.F.);
#1588=ORIENTED_EDGE('',*,*,#2449,.T.);
#1589=ORIENTED_EDGE('',*,*,#2446,.T.);
#1590=ORIENTED_EDGE('',*,*,#1768,.F.);
#1591=ORIENTED_EDGE('',*,*,#2450,.F.);
#1592=ORIENTED_EDGE('',*,*,#2451,.T.);
#1593=ORIENTED_EDGE('',*,*,#2448,.T.);
#1594=ORIENTED_EDGE('',*,*,#1767,.F.);
#1595=ORIENTED_EDGE('',*,*,#2433,.F.);
#1596=ORIENTED_EDGE('',*,*,#2452,.T.);
#1597=ORIENTED_EDGE('',*,*,#2450,.T.);
#1598=ORIENTED_EDGE('',*,*,#2432,.F.);
#1599=ORIENTED_EDGE('',*,*,#2435,.F.);
#1600=ORIENTED_EDGE('',*,*,#2437,.F.);
#1601=ORIENTED_EDGE('',*,*,#2439,.F.);
#1602=ORIENTED_EDGE('',*,*,#2441,.F.);
#1603=ORIENTED_EDGE('',*,*,#2443,.F.);
#1604=ORIENTED_EDGE('',*,*,#2445,.F.);
#1605=ORIENTED_EDGE('',*,*,#2447,.F.);
#1606=ORIENTED_EDGE('',*,*,#2449,.F.);
#1607=ORIENTED_EDGE('',*,*,#2451,.F.);
#1608=ORIENTED_EDGE('',*,*,#2452,.F.);
#1609=ORIENTED_EDGE('',*,*,#1868,.F.);
#1610=ORIENTED_EDGE('',*,*,#2453,.F.);
#1611=ORIENTED_EDGE('',*,*,#2454,.T.);
#1612=ORIENTED_EDGE('',*,*,#2455,.T.);
#1613=ORIENTED_EDGE('',*,*,#1877,.F.);
#1614=ORIENTED_EDGE('',*,*,#2456,.F.);
#1615=ORIENTED_EDGE('',*,*,#2457,.T.);
#1616=ORIENTED_EDGE('',*,*,#2453,.T.);
#1617=ORIENTED_EDGE('',*,*,#1876,.F.);
#1618=ORIENTED_EDGE('',*,*,#2458,.F.);
#1619=ORIENTED_EDGE('',*,*,#2459,.T.);
#1620=ORIENTED_EDGE('',*,*,#2456,.T.);
#1621=ORIENTED_EDGE('',*,*,#1875,.F.);
#1622=ORIENTED_EDGE('',*,*,#2460,.F.);
#1623=ORIENTED_EDGE('',*,*,#2461,.T.);
#1624=ORIENTED_EDGE('',*,*,#2458,.T.);
#1625=ORIENTED_EDGE('',*,*,#1874,.F.);
#1626=ORIENTED_EDGE('',*,*,#2462,.F.);
#1627=ORIENTED_EDGE('',*,*,#2463,.T.);
#1628=ORIENTED_EDGE('',*,*,#2460,.T.);
#1629=ORIENTED_EDGE('',*,*,#1873,.F.);
#1630=ORIENTED_EDGE('',*,*,#2464,.F.);
#1631=ORIENTED_EDGE('',*,*,#2465,.T.);
#1632=ORIENTED_EDGE('',*,*,#2462,.T.);
#1633=ORIENTED_EDGE('',*,*,#1872,.F.);
#1634=ORIENTED_EDGE('',*,*,#2466,.F.);
#1635=ORIENTED_EDGE('',*,*,#2467,.T.);
#1636=ORIENTED_EDGE('',*,*,#2464,.T.);
#1637=ORIENTED_EDGE('',*,*,#1871,.F.);
#1638=ORIENTED_EDGE('',*,*,#2468,.F.);
#1639=ORIENTED_EDGE('',*,*,#2469,.T.);
#1640=ORIENTED_EDGE('',*,*,#2466,.T.);
#1641=ORIENTED_EDGE('',*,*,#1870,.F.);
#1642=ORIENTED_EDGE('',*,*,#2470,.F.);
#1643=ORIENTED_EDGE('',*,*,#2471,.T.);
#1644=ORIENTED_EDGE('',*,*,#2468,.T.);
#1645=ORIENTED_EDGE('',*,*,#1869,.F.);
#1646=ORIENTED_EDGE('',*,*,#2455,.F.);
#1647=ORIENTED_EDGE('',*,*,#2472,.T.);
#1648=ORIENTED_EDGE('',*,*,#2470,.T.);
#1649=ORIENTED_EDGE('',*,*,#2454,.F.);
#1650=ORIENTED_EDGE('',*,*,#2457,.F.);
#1651=ORIENTED_EDGE('',*,*,#2459,.F.);
#1652=ORIENTED_EDGE('',*,*,#2461,.F.);
#1653=ORIENTED_EDGE('',*,*,#2463,.F.);
#1654=ORIENTED_EDGE('',*,*,#2465,.F.);
#1655=ORIENTED_EDGE('',*,*,#2467,.F.);
#1656=ORIENTED_EDGE('',*,*,#2469,.F.);
#1657=ORIENTED_EDGE('',*,*,#2471,.F.);
#1658=ORIENTED_EDGE('',*,*,#2472,.F.);
#1659=ORIENTED_EDGE('',*,*,#1762,.F.);
#1660=ORIENTED_EDGE('',*,*,#2473,.F.);
#1661=ORIENTED_EDGE('',*,*,#2474,.T.);
#1662=ORIENTED_EDGE('',*,*,#2475,.T.);
#1663=ORIENTED_EDGE('',*,*,#1765,.F.);
#1664=ORIENTED_EDGE('',*,*,#2476,.F.);
#1665=ORIENTED_EDGE('',*,*,#2477,.T.);
#1666=ORIENTED_EDGE('',*,*,#2473,.T.);
#1667=ORIENTED_EDGE('',*,*,#1764,.F.);
#1668=ORIENTED_EDGE('',*,*,#2478,.F.);
#1669=ORIENTED_EDGE('',*,*,#2479,.T.);
#1670=ORIENTED_EDGE('',*,*,#2476,.T.);
#1671=ORIENTED_EDGE('',*,*,#1763,.F.);
#1672=ORIENTED_EDGE('',*,*,#2475,.F.);
#1673=ORIENTED_EDGE('',*,*,#2480,.T.);
#1674=ORIENTED_EDGE('',*,*,#2478,.T.);
#1675=ORIENTED_EDGE('',*,*,#2474,.F.);
#1676=ORIENTED_EDGE('',*,*,#2477,.F.);
#1677=ORIENTED_EDGE('',*,*,#2479,.F.);
#1678=ORIENTED_EDGE('',*,*,#2480,.F.);
#1679=ORIENTED_EDGE('',*,*,#1878,.F.);
#1680=ORIENTED_EDGE('',*,*,#2481,.F.);
#1681=ORIENTED_EDGE('',*,*,#2482,.T.);
#1682=ORIENTED_EDGE('',*,*,#2483,.T.);
#1683=ORIENTED_EDGE('',*,*,#1888,.F.);
#1684=ORIENTED_EDGE('',*,*,#2484,.F.);
#1685=ORIENTED_EDGE('',*,*,#2485,.T.);
#1686=ORIENTED_EDGE('',*,*,#2481,.T.);
#1687=ORIENTED_EDGE('',*,*,#1887,.F.);
#1688=ORIENTED_EDGE('',*,*,#2486,.F.);
#1689=ORIENTED_EDGE('',*,*,#2487,.T.);
#1690=ORIENTED_EDGE('',*,*,#2484,.T.);
#1691=ORIENTED_EDGE('',*,*,#1886,.F.);
#1692=ORIENTED_EDGE('',*,*,#2488,.F.);
#1693=ORIENTED_EDGE('',*,*,#2489,.T.);
#1694=ORIENTED_EDGE('',*,*,#2486,.T.);
#1695=ORIENTED_EDGE('',*,*,#1885,.F.);
#1696=ORIENTED_EDGE('',*,*,#2490,.F.);
#1697=ORIENTED_EDGE('',*,*,#2491,.T.);
#1698=ORIENTED_EDGE('',*,*,#2488,.T.);
#1699=ORIENTED_EDGE('',*,*,#1884,.F.);
#1700=ORIENTED_EDGE('',*,*,#2492,.F.);
#1701=ORIENTED_EDGE('',*,*,#2493,.T.);
#1702=ORIENTED_EDGE('',*,*,#2490,.T.);
#1703=ORIENTED_EDGE('',*,*,#1883,.F.);
#1704=ORIENTED_EDGE('',*,*,#2494,.F.);
#1705=ORIENTED_EDGE('',*,*,#2495,.T.);
#1706=ORIENTED_EDGE('',*,*,#2492,.T.);
#1707=ORIENTED_EDGE('',*,*,#1882,.F.);
#1708=ORIENTED_EDGE('',*,*,#2496,.F.);
#1709=ORIENTED_EDGE('',*,*,#2497,.T.);
#1710=ORIENTED_EDGE('',*,*,#2494,.T.);
#1711=ORIENTED_EDGE('',*,*,#1881,.F.);
#1712=ORIENTED_EDGE('',*,*,#2498,.F.);
#1713=ORIENTED_EDGE('',*,*,#2499,.T.);
#1714=ORIENTED_EDGE('',*,*,#2496,.T.);
#1715=ORIENTED_EDGE('',*,*,#1880,.F.);
#1716=ORIENTED_EDGE('',*,*,#2500,.F.);
#1717=ORIENTED_EDGE('',*,*,#2501,.T.);
#1718=ORIENTED_EDGE('',*,*,#2498,.T.);
#1719=ORIENTED_EDGE('',*,*,#1879,.F.);
#1720=ORIENTED_EDGE('',*,*,#2483,.F.);
#1721=ORIENTED_EDGE('',*,*,#2502,.T.);
#1722=ORIENTED_EDGE('',*,*,#2500,.T.);
#1723=ORIENTED_EDGE('',*,*,#2482,.F.);
#1724=ORIENTED_EDGE('',*,*,#2485,.F.);
#1725=ORIENTED_EDGE('',*,*,#2487,.F.);
#1726=ORIENTED_EDGE('',*,*,#2489,.F.);
#1727=ORIENTED_EDGE('',*,*,#2491,.F.);
#1728=ORIENTED_EDGE('',*,*,#2493,.F.);
#1729=ORIENTED_EDGE('',*,*,#2495,.F.);
#1730=ORIENTED_EDGE('',*,*,#2497,.F.);
#1731=ORIENTED_EDGE('',*,*,#2499,.F.);
#1732=ORIENTED_EDGE('',*,*,#2501,.F.);
#1733=ORIENTED_EDGE('',*,*,#2502,.F.);
#1734=ORIENTED_EDGE('',*,*,#2315,.T.);
#1735=ORIENTED_EDGE('',*,*,#2371,.T.);
#1736=ORIENTED_EDGE('',*,*,#2334,.T.);
#1737=ORIENTED_EDGE('',*,*,#2331,.T.);
#1738=ORIENTED_EDGE('',*,*,#2328,.T.);
#1739=ORIENTED_EDGE('',*,*,#2325,.T.);
#1740=ORIENTED_EDGE('',*,*,#2322,.T.);
#1741=ORIENTED_EDGE('',*,*,#2319,.T.);
#1742=ORIENTED_EDGE('',*,*,#2503,.F.);
#1743=ORIENTED_EDGE('',*,*,#2504,.T.);
#1744=ORIENTED_EDGE('',*,*,#2505,.F.);
#1745=ORIENTED_EDGE('',*,*,#2504,.F.);
#1746=ORIENTED_EDGE('',*,*,#2506,.F.);
#1747=ORIENTED_EDGE('',*,*,#2507,.T.);
#1748=ORIENTED_EDGE('',*,*,#2506,.T.);
#1749=ORIENTED_EDGE('',*,*,#2503,.T.);
#1750=ORIENTED_EDGE('',*,*,#2507,.F.);
#1751=ORIENTED_EDGE('',*,*,#2508,.F.);
#1752=ORIENTED_EDGE('',*,*,#2505,.T.);
#1753=ORIENTED_EDGE('',*,*,#2508,.T.);
#1754=ORIENTED_EDGE('',*,*,#2509,.T.);
#1755=ORIENTED_EDGE('',*,*,#2510,.F.);
#1756=ORIENTED_EDGE('',*,*,#2511,.F.);
#1757=ORIENTED_EDGE('',*,*,#2512,.T.);
#1758=ORIENTED_EDGE('',*,*,#2509,.F.);
#1759=ORIENTED_EDGE('',*,*,#2511,.T.);
#1760=ORIENTED_EDGE('',*,*,#2510,.T.);
#1761=ORIENTED_EDGE('',*,*,#2512,.F.);
#1762=EDGE_CURVE('',#2513,#2514,#3013,.T.);
#1763=EDGE_CURVE('',#2514,#2515,#3014,.T.);
#1764=EDGE_CURVE('',#2515,#2516,#3015,.T.);
#1765=EDGE_CURVE('',#2516,#2513,#3016,.T.);
#1766=EDGE_CURVE('',#2517,#2518,#170,.T.);
#1767=EDGE_CURVE('',#2518,#2519,#171,.T.);
#1768=EDGE_CURVE('',#2519,#2520,#3017,.T.);
#1769=EDGE_CURVE('',#2520,#2521,#172,.T.);
#1770=EDGE_CURVE('',#2521,#2522,#173,.T.);
#1771=EDGE_CURVE('',#2522,#2523,#174,.T.);
#1772=EDGE_CURVE('',#2523,#2524,#175,.T.);
#1773=EDGE_CURVE('',#2524,#2525,#3018,.T.);
#1774=EDGE_CURVE('',#2525,#2526,#176,.T.);
#1775=EDGE_CURVE('',#2526,#2527,#177,.T.);
#1776=EDGE_CURVE('',#2527,#2517,#3019,.T.);
#1777=EDGE_CURVE('',#2528,#2529,#3020,.T.);
#1778=EDGE_CURVE('',#2529,#2530,#3021,.T.);
#1779=EDGE_CURVE('',#2530,#2531,#3022,.T.);
#1780=EDGE_CURVE('',#2531,#2532,#3023,.T.);
#1781=EDGE_CURVE('',#2532,#2533,#3024,.T.);
#1782=EDGE_CURVE('',#2533,#2534,#3025,.T.);
#1783=EDGE_CURVE('',#2534,#2528,#3026,.T.);
#1784=EDGE_CURVE('',#2535,#2536,#3027,.T.);
#1785=EDGE_CURVE('',#2536,#2537,#3028,.T.);
#1786=EDGE_CURVE('',#2537,#2538,#3029,.T.);
#1787=EDGE_CURVE('',#2538,#2539,#3030,.T.);
#1788=EDGE_CURVE('',#2539,#2540,#3031,.T.);
#1789=EDGE_CURVE('',#2540,#2541,#3032,.T.);
#1790=EDGE_CURVE('',#2541,#2535,#3033,.T.);
#1791=EDGE_CURVE('',#2542,#2543,#3034,.T.);
#1792=EDGE_CURVE('',#2543,#2544,#3035,.T.);
#1793=EDGE_CURVE('',#2544,#2545,#3036,.T.);
#1794=EDGE_CURVE('',#2545,#2542,#3037,.T.);
#1795=EDGE_CURVE('',#2546,#2547,#3038,.T.);
#1796=EDGE_CURVE('',#2547,#2548,#3039,.T.);
#1797=EDGE_CURVE('',#2548,#2549,#3040,.T.);
#1798=EDGE_CURVE('',#2549,#2546,#3041,.T.);
#1799=EDGE_CURVE('',#2550,#2551,#178,.T.);
#1800=EDGE_CURVE('',#2551,#2552,#179,.T.);
#1801=EDGE_CURVE('',#2552,#2553,#3042,.T.);
#1802=EDGE_CURVE('',#2553,#2554,#180,.T.);
#1803=EDGE_CURVE('',#2554,#2555,#181,.T.);
#1804=EDGE_CURVE('',#2555,#2556,#182,.T.);
#1805=EDGE_CURVE('',#2556,#2557,#183,.T.);
#1806=EDGE_CURVE('',#2557,#2558,#3043,.T.);
#1807=EDGE_CURVE('',#2558,#2559,#184,.T.);
#1808=EDGE_CURVE('',#2559,#2560,#185,.T.);
#1809=EDGE_CURVE('',#2560,#2550,#3044,.T.);
#1810=EDGE_CURVE('',#2561,#2562,#3045,.T.);
#1811=EDGE_CURVE('',#2563,#2562,#93,.T.);
#1812=EDGE_CURVE('',#2564,#2563,#3046,.T.);
#1813=EDGE_CURVE('',#2565,#2564,#94,.T.);
#1814=EDGE_CURVE('',#2566,#2565,#3047,.T.);
#1815=EDGE_CURVE('',#2567,#2566,#95,.T.);
#1816=EDGE_CURVE('',#2567,#2568,#3048,.T.);
#1817=EDGE_CURVE('',#2561,#2568,#96,.T.);
#1818=EDGE_CURVE('',#2569,#2570,#3049,.T.);
#1819=EDGE_CURVE('',#2570,#2571,#3050,.T.);
#1820=EDGE_CURVE('',#2571,#2572,#3051,.T.);
#1821=EDGE_CURVE('',#2572,#2569,#3052,.T.);
#1822=EDGE_CURVE('',#2573,#2574,#3053,.T.);
#1823=EDGE_CURVE('',#2574,#2575,#3054,.T.);
#1824=EDGE_CURVE('',#2575,#2576,#3055,.T.);
#1825=EDGE_CURVE('',#2576,#2577,#3056,.T.);
#1826=EDGE_CURVE('',#2577,#2578,#3057,.T.);
#1827=EDGE_CURVE('',#2578,#2579,#3058,.T.);
#1828=EDGE_CURVE('',#2579,#2573,#3059,.T.);
#1829=EDGE_CURVE('',#2580,#2581,#3060,.T.);
#1830=EDGE_CURVE('',#2581,#2582,#3061,.T.);
#1831=EDGE_CURVE('',#2582,#2583,#3062,.T.);
#1832=EDGE_CURVE('',#2583,#2584,#3063,.T.);
#1833=EDGE_CURVE('',#2584,#2585,#3064,.T.);
#1834=EDGE_CURVE('',#2585,#2586,#3065,.T.);
#1835=EDGE_CURVE('',#2586,#2580,#3066,.T.);
#1836=EDGE_CURVE('',#2587,#2588,#186,.T.);
#1837=EDGE_CURVE('',#2588,#2589,#187,.T.);
#1838=EDGE_CURVE('',#2589,#2590,#188,.T.);
#1839=EDGE_CURVE('',#2590,#2591,#189,.T.);
#1840=EDGE_CURVE('',#2591,#2592,#190,.T.);
#1841=EDGE_CURVE('',#2592,#2593,#191,.T.);
#1842=EDGE_CURVE('',#2593,#2594,#192,.T.);
#1843=EDGE_CURVE('',#2594,#2595,#3067,.T.);
#1844=EDGE_CURVE('',#2595,#2596,#3068,.T.);
#1845=EDGE_CURVE('',#2596,#2597,#3069,.T.);
#1846=EDGE_CURVE('',#2597,#2598,#3070,.T.);
#1847=EDGE_CURVE('',#2598,#2599,#3071,.T.);
#1848=EDGE_CURVE('',#2599,#2600,#97,.T.);
#1849=EDGE_CURVE('',#2600,#2601,#3072,.T.);
#1850=EDGE_CURVE('',#2601,#2602,#98,.F.);
#1851=EDGE_CURVE('',#2602,#2603,#99,.F.);
#1852=EDGE_CURVE('',#2603,#2587,#3073,.T.);
#1853=EDGE_CURVE('',#2604,#2605,#3074,.T.);
#1854=EDGE_CURVE('',#2605,#2606,#3075,.T.);
#1855=EDGE_CURVE('',#2606,#2607,#3076,.T.);
#1856=EDGE_CURVE('',#2607,#2604,#3077,.T.);
#1857=EDGE_CURVE('',#2608,#2609,#193,.T.);
#1858=EDGE_CURVE('',#2609,#2610,#194,.T.);
#1859=EDGE_CURVE('',#2610,#2611,#3078,.T.);
#1860=EDGE_CURVE('',#2611,#2612,#195,.T.);
#1861=EDGE_CURVE('',#2612,#2613,#100,.T.);
#1862=EDGE_CURVE('',#2613,#2614,#101,.T.);
#1863=EDGE_CURVE('',#2614,#2615,#196,.T.);
#1864=EDGE_CURVE('',#2615,#2616,#3079,.T.);
#1865=EDGE_CURVE('',#2616,#2617,#197,.T.);
#1866=EDGE_CURVE('',#2617,#2618,#198,.T.);
#1867=EDGE_CURVE('',#2618,#2608,#3080,.T.);
#1868=EDGE_CURVE('',#2619,#2620,#3081,.T.);
#1869=EDGE_CURVE('',#2620,#2621,#3082,.T.);
#1870=EDGE_CURVE('',#2621,#2622,#3083,.T.);
#1871=EDGE_CURVE('',#2622,#2623,#3084,.T.);
#1872=EDGE_CURVE('',#2623,#2624,#3085,.T.);
#1873=EDGE_CURVE('',#2624,#2625,#3086,.T.);
#1874=EDGE_CURVE('',#2625,#2626,#3087,.T.);
#1875=EDGE_CURVE('',#2626,#2627,#3088,.T.);
#1876=EDGE_CURVE('',#2627,#2628,#3089,.T.);
#1877=EDGE_CURVE('',#2628,#2619,#3090,.T.);
#1878=EDGE_CURVE('',#2629,#2630,#199,.T.);
#1879=EDGE_CURVE('',#2630,#2631,#200,.T.);
#1880=EDGE_CURVE('',#2631,#2632,#3091,.T.);
#1881=EDGE_CURVE('',#2632,#2633,#201,.T.);
#1882=EDGE_CURVE('',#2633,#2634,#202,.T.);
#1883=EDGE_CURVE('',#2634,#2635,#203,.T.);
#1884=EDGE_CURVE('',#2635,#2636,#204,.T.);
#1885=EDGE_CURVE('',#2636,#2637,#3092,.T.);
#1886=EDGE_CURVE('',#2637,#2638,#205,.T.);
#1887=EDGE_CURVE('',#2638,#2639,#206,.T.);
#1888=EDGE_CURVE('',#2639,#2629,#3093,.T.);
#1889=EDGE_CURVE('',#2640,#2641,#3094,.T.);
#1890=EDGE_CURVE('',#2640,#2642,#3095,.T.);
#1891=EDGE_CURVE('',#2642,#2643,#3096,.T.);
#1892=EDGE_CURVE('',#2641,#2643,#3097,.T.);
#1893=EDGE_CURVE('',#2644,#2645,#3098,.T.);
#1894=EDGE_CURVE('',#2644,#2646,#3099,.T.);
#1895=EDGE_CURVE('',#2646,#2647,#3100,.T.);
#1896=EDGE_CURVE('',#2645,#2647,#3101,.T.);
#1897=EDGE_CURVE('',#2648,#2649,#3102,.T.);
#1898=EDGE_CURVE('',#2650,#2648,#3103,.T.);
#1899=EDGE_CURVE('',#2651,#2650,#3104,.T.);
#1900=EDGE_CURVE('',#2651,#2649,#3105,.T.);
#1901=EDGE_CURVE('',#2652,#2653,#3106,.T.);
#1902=EDGE_CURVE('',#2652,#2654,#3107,.T.);
#1903=EDGE_CURVE('',#2654,#2655,#3108,.T.);
#1904=EDGE_CURVE('',#2655,#2656,#3109,.T.);
#1905=EDGE_CURVE('',#2656,#2568,#3110,.T.);
#1906=EDGE_CURVE('',#2657,#2567,#3111,.T.);
#1907=EDGE_CURVE('',#2657,#2658,#3112,.T.);
#1908=EDGE_CURVE('',#2659,#2658,#3113,.T.);
#1909=EDGE_CURVE('',#2659,#2660,#3114,.T.);
#1910=EDGE_CURVE('',#2660,#2661,#3115,.T.);
#1911=EDGE_CURVE('',#2661,#2653,#3116,.T.);
#1912=EDGE_CURVE('',#2655,#2662,#3117,.T.);
#1913=EDGE_CURVE('',#2663,#2662,#3118,.T.);
#1914=EDGE_CURVE('',#2664,#2663,#102,.T.);
#1915=EDGE_CURVE('',#2664,#2656,#103,.T.);
#1916=EDGE_CURVE('',#2653,#2665,#3119,.T.);
#1917=EDGE_CURVE('',#2661,#2666,#3120,.T.);
#1918=EDGE_CURVE('',#2665,#2666,#3121,.T.);
#1919=EDGE_CURVE('',#2667,#2668,#3122,.T.);
#1920=EDGE_CURVE('',#2668,#2669,#3123,.T.);
#1921=EDGE_CURVE('',#2670,#2669,#3124,.T.);
#1922=EDGE_CURVE('',#2667,#2670,#3125,.T.);
#1923=EDGE_CURVE('',#2671,#2672,#3126,.T.);
#1924=EDGE_CURVE('',#2673,#2671,#3127,.T.);
#1925=EDGE_CURVE('',#2673,#2674,#3128,.T.);
#1926=EDGE_CURVE('',#2674,#2672,#3129,.T.);
#1927=EDGE_CURVE('',#2675,#2676,#3130,.T.);
#1928=EDGE_CURVE('',#2677,#2676,#104,.T.);
#1929=EDGE_CURVE('',#2678,#2677,#3131,.T.);
#1930=EDGE_CURVE('',#2678,#2675,#105,.T.);
#1931=EDGE_CURVE('',#2677,#2679,#3132,.T.);
#1932=EDGE_CURVE('',#2680,#2679,#3133,.T.);
#1933=EDGE_CURVE('',#2678,#2680,#3134,.T.);
#1934=EDGE_CURVE('',#2679,#2681,#3135,.T.);
#1935=EDGE_CURVE('',#2682,#2681,#3136,.T.);
#1936=EDGE_CURVE('',#2680,#2682,#3137,.T.);
#1937=EDGE_CURVE('',#2681,#2683,#3138,.T.);
#1938=EDGE_CURVE('',#2684,#2683,#3139,.T.);
#1939=EDGE_CURVE('',#2682,#2684,#3140,.T.);
#1940=EDGE_CURVE('',#2683,#2685,#3141,.T.);
#1941=EDGE_CURVE('',#2686,#2685,#3142,.T.);
#1942=EDGE_CURVE('',#2684,#2686,#3143,.T.);
#1943=EDGE_CURVE('',#2685,#2687,#3144,.T.);
#1944=EDGE_CURVE('',#2688,#2687,#3145,.T.);
#1945=EDGE_CURVE('',#2686,#2688,#3146,.T.);
#1946=EDGE_CURVE('',#2687,#2676,#3147,.T.);
#1947=EDGE_CURVE('',#2688,#2675,#3148,.T.);
#1948=EDGE_CURVE('',#2672,#2689,#106,.T.);
#1949=EDGE_CURVE('',#2670,#2674,#3149,.T.);
#1950=EDGE_CURVE('',#2690,#2669,#107,.T.);
#1951=EDGE_CURVE('',#2690,#2691,#3150,.T.);
#1952=EDGE_CURVE('',#2691,#2692,#3151,.T.);
#1953=EDGE_CURVE('',#2689,#2692,#3152,.T.);
#1954=EDGE_CURVE('',#2693,#2690,#3153,.T.);
#1955=EDGE_CURVE('',#2693,#2694,#3154,.T.);
#1956=EDGE_CURVE('',#2694,#2691,#3155,.T.);
#1957=EDGE_CURVE('',#2667,#2673,#3156,.T.);
#1958=EDGE_CURVE('',#2695,#2696,#3157,.T.);
#1959=EDGE_CURVE('',#2695,#2689,#3158,.T.);
#1960=EDGE_CURVE('',#2696,#2692,#3159,.T.);
#1961=EDGE_CURVE('',#2694,#2696,#3160,.T.);
#1962=EDGE_CURVE('',#2695,#2671,#3161,.T.);
#1963=EDGE_CURVE('',#2693,#2668,#3162,.T.);
#1964=EDGE_CURVE('',#2671,#2695,#108,.T.);
#1965=EDGE_CURVE('',#2693,#2668,#109,.T.);
#1966=EDGE_CURVE('',#2697,#2698,#3163,.T.);
#1967=EDGE_CURVE('',#2699,#2697,#3164,.T.);
#1968=EDGE_CURVE('',#2699,#2700,#3165,.T.);
#1969=EDGE_CURVE('',#2701,#2700,#110,.T.);
#1970=EDGE_CURVE('',#2701,#2702,#3166,.T.);
#1971=EDGE_CURVE('',#2702,#2703,#3167,.T.);
#1972=EDGE_CURVE('',#2703,#2698,#3168,.T.);
#1973=EDGE_CURVE('',#2704,#2705,#111,.T.);
#1974=EDGE_CURVE('',#2704,#2706,#3169,.T.);
#1975=EDGE_CURVE('',#2706,#2707,#3170,.T.);
#1976=EDGE_CURVE('',#2707,#2708,#3171,.T.);
#1977=EDGE_CURVE('',#2708,#2709,#3172,.T.);
#1978=EDGE_CURVE('',#2709,#2710,#3173,.T.);
#1979=EDGE_CURVE('',#2710,#2705,#3174,.T.);
#1980=EDGE_CURVE('',#2711,#2712,#112,.T.);
#1981=EDGE_CURVE('',#2711,#2713,#3175,.T.);
#1982=EDGE_CURVE('',#2713,#2714,#3176,.T.);
#1983=EDGE_CURVE('',#2714,#2715,#3177,.T.);
#1984=EDGE_CURVE('',#2715,#2716,#3178,.T.);
#1985=EDGE_CURVE('',#2716,#2717,#3179,.T.);
#1986=EDGE_CURVE('',#2717,#2712,#3180,.T.);
#1987=EDGE_CURVE('',#2718,#2719,#3181,.T.);
#1988=EDGE_CURVE('',#2719,#2720,#113,.T.);
#1989=EDGE_CURVE('',#2720,#2721,#3182,.T.);
#1990=EDGE_CURVE('',#2721,#2722,#114,.T.);
#1991=EDGE_CURVE('',#2723,#2722,#3183,.T.);
#1992=EDGE_CURVE('',#2723,#2724,#115,.T.);
#1993=EDGE_CURVE('',#2725,#2724,#3184,.T.);
#1994=EDGE_CURVE('',#2725,#2718,#116,.T.);
#1995=EDGE_CURVE('',#2726,#2727,#3185,.T.);
#1996=EDGE_CURVE('',#2726,#2727,#117,.T.);
#1997=EDGE_CURVE('',#2728,#2727,#3186,.T.);
#1998=EDGE_CURVE('',#2728,#2729,#3187,.T.);
#1999=EDGE_CURVE('',#2729,#2730,#3188,.T.);
#2000=EDGE_CURVE('',#2731,#2730,#3189,.T.);
#2001=EDGE_CURVE('',#2731,#2732,#3190,.T.);
#2002=EDGE_CURVE('',#2733,#2732,#3191,.T.);
#2003=EDGE_CURVE('',#2726,#2733,#3192,.T.);
#2004=EDGE_CURVE('',#2730,#2731,#118,.T.);
#2005=EDGE_CURVE('',#2731,#2734,#3193,.T.);
#2006=EDGE_CURVE('',#2734,#2735,#3194,.T.);
#2007=EDGE_CURVE('',#2732,#2735,#3195,.T.);
#2008=EDGE_CURVE('',#2736,#2735,#3196,.T.);
#2009=EDGE_CURVE('',#2733,#2736,#3197,.T.);
#2010=EDGE_CURVE('',#2726,#2737,#3198,.T.);
#2011=EDGE_CURVE('',#2737,#2736,#3199,.T.);
#2012=EDGE_CURVE('',#2737,#2738,#119,.T.);
#2013=EDGE_CURVE('',#2727,#2738,#3200,.T.);
#2014=EDGE_CURVE('',#2739,#2738,#3201,.T.);
#2015=EDGE_CURVE('',#2728,#2739,#3202,.T.);
#2016=EDGE_CURVE('',#2739,#2740,#3203,.T.);
#2017=EDGE_CURVE('',#2729,#2740,#3204,.T.);
#2018=EDGE_CURVE('',#2730,#2741,#3205,.T.);
#2019=EDGE_CURVE('',#2740,#2741,#3206,.T.);
#2020=EDGE_CURVE('',#2741,#2734,#120,.T.);
#2021=EDGE_CURVE('',#2742,#2743,#3207,.T.);
#2022=EDGE_CURVE('',#2743,#2744,#3208,.T.);
#2023=EDGE_CURVE('',#2745,#2744,#3209,.T.);
#2024=EDGE_CURVE('',#2746,#2745,#3210,.T.);
#2025=EDGE_CURVE('',#2747,#2746,#3211,.T.);
#2026=EDGE_CURVE('',#2747,#2748,#121,.T.);
#2027=EDGE_CURVE('',#2742,#2748,#3212,.T.);
#2028=EDGE_CURVE('',#2703,#2745,#3213,.T.);
#2029=EDGE_CURVE('',#2698,#2744,#3214,.T.);
#2030=EDGE_CURVE('',#2702,#2746,#3215,.T.);
#2031=EDGE_CURVE('',#2701,#2747,#3216,.T.);
#2032=EDGE_CURVE('',#2699,#2742,#3217,.T.);
#2033=EDGE_CURVE('',#2700,#2748,#3218,.T.);
#2034=EDGE_CURVE('',#2697,#2743,#3219,.T.);
#2035=EDGE_CURVE('',#2749,#2750,#3220,.T.);
#2036=EDGE_CURVE('',#2749,#2750,#122,.T.);
#2037=EDGE_CURVE('',#2751,#2750,#3221,.T.);
#2038=EDGE_CURVE('',#2751,#2752,#3222,.T.);
#2039=EDGE_CURVE('',#2752,#2753,#3223,.T.);
#2040=EDGE_CURVE('',#2754,#2753,#3224,.T.);
#2041=EDGE_CURVE('',#2754,#2755,#3225,.T.);
#2042=EDGE_CURVE('',#2756,#2755,#3226,.T.);
#2043=EDGE_CURVE('',#2749,#2756,#3227,.T.);
#2044=EDGE_CURVE('',#2753,#2754,#123,.T.);
#2045=EDGE_CURVE('',#2754,#2757,#3228,.T.);
#2046=EDGE_CURVE('',#2757,#2758,#3229,.T.);
#2047=EDGE_CURVE('',#2755,#2758,#3230,.T.);
#2048=EDGE_CURVE('',#2759,#2758,#3231,.T.);
#2049=EDGE_CURVE('',#2756,#2759,#3232,.T.);
#2050=EDGE_CURVE('',#2749,#2760,#3233,.T.);
#2051=EDGE_CURVE('',#2760,#2759,#3234,.T.);
#2052=EDGE_CURVE('',#2760,#2761,#124,.T.);
#2053=EDGE_CURVE('',#2750,#2761,#3235,.T.);
#2054=EDGE_CURVE('',#2762,#2761,#3236,.T.);
#2055=EDGE_CURVE('',#2751,#2762,#3237,.T.);
#2056=EDGE_CURVE('',#2762,#2763,#3238,.T.);
#2057=EDGE_CURVE('',#2752,#2763,#3239,.T.);
#2058=EDGE_CURVE('',#2753,#2764,#3240,.T.);
#2059=EDGE_CURVE('',#2763,#2764,#3241,.T.);
#2060=EDGE_CURVE('',#2764,#2757,#125,.T.);
#2061=EDGE_CURVE('',#2765,#2766,#3242,.T.);
#2062=EDGE_CURVE('',#2765,#2767,#126,.T.);
#2063=EDGE_CURVE('',#2768,#2767,#3243,.T.);
#2064=EDGE_CURVE('',#2769,#2768,#3244,.T.);
#2065=EDGE_CURVE('',#2770,#2769,#3245,.T.);
#2066=EDGE_CURVE('',#2771,#2770,#3246,.T.);
#2067=EDGE_CURVE('',#2766,#2771,#3247,.T.);
#2068=EDGE_CURVE('',#2710,#2768,#3248,.T.);
#2069=EDGE_CURVE('',#2705,#2767,#3249,.T.);
#2070=EDGE_CURVE('',#2709,#2769,#3250,.T.);
#2071=EDGE_CURVE('',#2708,#2770,#3251,.T.);
#2072=EDGE_CURVE('',#2707,#2771,#3252,.T.);
#2073=EDGE_CURVE('',#2706,#2766,#3253,.T.);
#2074=EDGE_CURVE('',#2704,#2765,#3254,.T.);
#2075=EDGE_CURVE('',#2772,#2773,#127,.T.);
#2076=EDGE_CURVE('',#2773,#2772,#3255,.T.);
#2077=EDGE_CURVE('',#2774,#2775,#3256,.T.);
#2078=EDGE_CURVE('',#2772,#2775,#3257,.T.);
#2079=EDGE_CURVE('',#2773,#2774,#3258,.T.);
#2080=EDGE_CURVE('',#2776,#2774,#3259,.T.);
#2081=EDGE_CURVE('',#2776,#2777,#3260,.T.);
#2082=EDGE_CURVE('',#2777,#2778,#3261,.T.);
#2083=EDGE_CURVE('',#2778,#2779,#3262,.T.);
#2084=EDGE_CURVE('',#2779,#2780,#3263,.T.);
#2085=EDGE_CURVE('',#2781,#2780,#3264,.T.);
#2086=EDGE_CURVE('',#2775,#2781,#3265,.T.);
#2087=EDGE_CURVE('',#2782,#2783,#3266,.T.);
#2088=EDGE_CURVE('',#2782,#2783,#128,.T.);
#2089=EDGE_CURVE('',#2782,#2778,#3267,.T.);
#2090=EDGE_CURVE('',#2783,#2779,#3268,.T.);
#2091=EDGE_CURVE('',#2779,#2784,#3269,.T.);
#2092=EDGE_CURVE('',#2784,#2785,#3270,.T.);
#2093=EDGE_CURVE('',#2780,#2785,#3271,.T.);
#2094=EDGE_CURVE('',#2786,#2785,#3272,.T.);
#2095=EDGE_CURVE('',#2781,#2786,#3273,.T.);
#2096=EDGE_CURVE('',#2775,#2787,#3274,.T.);
#2097=EDGE_CURVE('',#2787,#2786,#3275,.T.);
#2098=EDGE_CURVE('',#2787,#2788,#129,.T.);
#2099=EDGE_CURVE('',#2774,#2788,#3276,.T.);
#2100=EDGE_CURVE('',#2789,#2788,#3277,.T.);
#2101=EDGE_CURVE('',#2776,#2789,#3278,.T.);
#2102=EDGE_CURVE('',#2789,#2790,#3279,.T.);
#2103=EDGE_CURVE('',#2777,#2790,#3280,.T.);
#2104=EDGE_CURVE('',#2778,#2791,#3281,.T.);
#2105=EDGE_CURVE('',#2790,#2791,#3282,.T.);
#2106=EDGE_CURVE('',#2791,#2784,#130,.T.);
#2107=EDGE_CURVE('',#2792,#2793,#3283,.T.);
#2108=EDGE_CURVE('',#2792,#2794,#131,.T.);
#2109=EDGE_CURVE('',#2795,#2794,#3284,.T.);
#2110=EDGE_CURVE('',#2796,#2795,#3285,.T.);
#2111=EDGE_CURVE('',#2797,#2796,#3286,.T.);
#2112=EDGE_CURVE('',#2798,#2797,#3287,.T.);
#2113=EDGE_CURVE('',#2793,#2798,#3288,.T.);
#2114=EDGE_CURVE('',#2717,#2795,#3289,.T.);
#2115=EDGE_CURVE('',#2712,#2794,#3290,.T.);
#2116=EDGE_CURVE('',#2716,#2796,#3291,.T.);
#2117=EDGE_CURVE('',#2715,#2797,#3292,.T.);
#2118=EDGE_CURVE('',#2714,#2798,#3293,.T.);
#2119=EDGE_CURVE('',#2713,#2793,#3294,.T.);
#2120=EDGE_CURVE('',#2711,#2792,#3295,.T.);
#2121=EDGE_CURVE('',#2799,#2565,#3296,.T.);
#2122=EDGE_CURVE('',#2800,#2799,#3297,.T.);
#2123=EDGE_CURVE('',#2800,#2566,#3298,.T.);
#2124=EDGE_CURVE('',#2801,#2561,#3299,.T.);
#2125=EDGE_CURVE('',#2801,#2802,#3300,.T.);
#2126=EDGE_CURVE('',#2802,#2562,#3301,.T.);
#2127=EDGE_CURVE('',#2803,#2800,#132,.T.);
#2128=EDGE_CURVE('',#2803,#2804,#3302,.T.);
#2129=EDGE_CURVE('',#2804,#2805,#133,.F.);
#2130=EDGE_CURVE('',#2805,#2806,#3303,.F.);
#2131=EDGE_CURVE('',#2657,#2806,#134,.T.);
#2132=EDGE_CURVE('',#2807,#2808,#135,.F.);
#2133=EDGE_CURVE('',#2808,#2807,#136,.T.);
#2134=EDGE_CURVE('',#2803,#2809,#137,.T.);
#2135=EDGE_CURVE('',#2799,#2810,#138,.T.);
#2136=EDGE_CURVE('',#2811,#2810,#139,.T.);
#2137=EDGE_CURVE('',#2809,#2811,#3304,.T.);
#2138=EDGE_CURVE('',#2812,#2813,#3305,.T.);
#2139=EDGE_CURVE('',#2812,#2814,#3306,.T.);
#2140=EDGE_CURVE('',#2814,#2564,#3307,.T.);
#2141=EDGE_CURVE('',#2815,#2563,#3308,.T.);
#2142=EDGE_CURVE('',#2815,#2816,#3309,.T.);
#2143=EDGE_CURVE('',#2816,#2817,#3310,.T.);
#2144=EDGE_CURVE('',#2817,#2813,#3311,.T.);
#2145=EDGE_CURVE('',#2818,#2819,#3312,.T.);
#2146=EDGE_CURVE('',#2820,#2818,#140,.T.);
#2147=EDGE_CURVE('',#2820,#2807,#3313,.T.);
#2148=EDGE_CURVE('',#2808,#2810,#3314,.F.);
#2149=EDGE_CURVE('',#2814,#2819,#3315,.T.);
#2150=EDGE_CURVE('',#2821,#2822,#141,.F.);
#2151=EDGE_CURVE('',#2822,#2821,#142,.T.);
#2152=EDGE_CURVE('',#2823,#2824,#3316,.T.);
#2153=EDGE_CURVE('',#2824,#2815,#3317,.T.);
#2154=EDGE_CURVE('',#2825,#2802,#143,.T.);
#2155=EDGE_CURVE('',#2825,#2821,#3318,.T.);
#2156=EDGE_CURVE('',#2822,#2826,#3319,.F.);
#2157=EDGE_CURVE('',#2823,#2826,#144,.T.);
#2158=EDGE_CURVE('',#2658,#2827,#3320,.T.);
#2159=EDGE_CURVE('',#2828,#2806,#145,.T.);
#2160=EDGE_CURVE('',#2827,#2828,#3321,.T.);
#2161=EDGE_CURVE('',#2829,#2830,#146,.F.);
#2162=EDGE_CURVE('',#2830,#2829,#147,.T.);
#2163=EDGE_CURVE('',#2664,#2829,#3322,.T.);
#2164=EDGE_CURVE('',#2830,#2831,#3323,.F.);
#2165=EDGE_CURVE('',#2801,#2831,#148,.T.);
#2166=EDGE_CURVE('',#2825,#2832,#149,.T.);
#2167=EDGE_CURVE('',#2833,#2831,#150,.T.);
#2168=EDGE_CURVE('',#2833,#2832,#3324,.T.);
#2169=EDGE_CURVE('',#2725,#2833,#3325,.T.);
#2170=EDGE_CURVE('',#2718,#2663,#3326,.T.);
#2171=EDGE_CURVE('',#2724,#2832,#3327,.T.);
#2172=EDGE_CURVE('',#2723,#2823,#3328,.T.);
#2173=EDGE_CURVE('',#2812,#2834,#3329,.T.);
#2174=EDGE_CURVE('',#2834,#2835,#3330,.T.);
#2175=EDGE_CURVE('',#2816,#2835,#3331,.T.);
#2176=EDGE_CURVE('',#2722,#2818,#3332,.T.);
#2177=EDGE_CURVE('',#2721,#2811,#3333,.T.);
#2178=EDGE_CURVE('',#2720,#2809,#3334,.T.);
#2179=EDGE_CURVE('',#2719,#2828,#3335,.T.);
#2180=EDGE_CURVE('',#2836,#2837,#3336,.T.);
#2181=EDGE_CURVE('',#2836,#2665,#3337,.T.);
#2182=EDGE_CURVE('',#2645,#2666,#3338,.T.);
#2183=EDGE_CURVE('',#2647,#2827,#3339,.T.);
#2184=EDGE_CURVE('',#2837,#2662,#3340,.T.);
#2185=EDGE_CURVE('',#2838,#2642,#3341,.T.);
#2186=EDGE_CURVE('',#2838,#2839,#3342,.T.);
#2187=EDGE_CURVE('',#2839,#2643,#3343,.T.);
#2188=EDGE_CURVE('',#2840,#2660,#3344,.T.);
#2189=EDGE_CURVE('',#2838,#2840,#3345,.T.);
#2190=EDGE_CURVE('',#2841,#2640,#3346,.T.);
#2191=EDGE_CURVE('',#2841,#2842,#3347,.T.);
#2192=EDGE_CURVE('',#2842,#2644,#3348,.T.);
#2193=EDGE_CURVE('',#2843,#2659,#3349,.T.);
#2194=EDGE_CURVE('',#2840,#2843,#3350,.T.);
#2195=EDGE_CURVE('',#2844,#2646,#3351,.T.);
#2196=EDGE_CURVE('',#2844,#2845,#3352,.T.);
#2197=EDGE_CURVE('',#2845,#2846,#3353,.T.);
#2198=EDGE_CURVE('',#2846,#2641,#3354,.T.);
#2199=EDGE_CURVE('',#2839,#2843,#3355,.T.);
#2200=EDGE_CURVE('',#2847,#2652,#3356,.T.);
#2201=EDGE_CURVE('',#2848,#2836,#3357,.T.);
#2202=EDGE_CURVE('',#2849,#2848,#3358,.T.);
#2203=EDGE_CURVE('',#2850,#2849,#3359,.T.);
#2204=EDGE_CURVE('',#2850,#2851,#3360,.T.);
#2205=EDGE_CURVE('',#2851,#2649,#3361,.T.);
#2206=EDGE_CURVE('',#2651,#2847,#3362,.T.);
#2207=EDGE_CURVE('',#2852,#2837,#3363,.T.);
#2208=EDGE_CURVE('',#2852,#2848,#3364,.T.);
#2209=EDGE_CURVE('',#2853,#2654,#3365,.T.);
#2210=EDGE_CURVE('',#2650,#2853,#3366,.T.);
#2211=EDGE_CURVE('',#2854,#2648,#3367,.T.);
#2212=EDGE_CURVE('',#2855,#2854,#3368,.T.);
#2213=EDGE_CURVE('',#2856,#2855,#3369,.T.);
#2214=EDGE_CURVE('',#2856,#2857,#3370,.T.);
#2215=EDGE_CURVE('',#2857,#2852,#3371,.T.);
#2216=EDGE_CURVE('',#2853,#2847,#3372,.T.);
#2217=EDGE_CURVE('',#2851,#2854,#3373,.T.);
#2218=EDGE_CURVE('',#2857,#2849,#3374,.T.);
#2219=EDGE_CURVE('',#2856,#2850,#3375,.T.);
#2220=EDGE_CURVE('',#2858,#2855,#3376,.T.);
#2221=EDGE_CURVE('',#2859,#2858,#3377,.T.);
#2222=EDGE_CURVE('',#2859,#2850,#3378,.T.);
#2223=EDGE_CURVE('',#2860,#2851,#3379,.T.);
#2224=EDGE_CURVE('',#2859,#2860,#3380,.T.);
#2225=EDGE_CURVE('',#2858,#2860,#3381,.T.);
#2226=EDGE_CURVE('',#2842,#2844,#3382,.T.);
#2227=EDGE_CURVE('',#2841,#2845,#3383,.T.);
#2228=EDGE_CURVE('',#2841,#2861,#3384,.T.);
#2229=EDGE_CURVE('',#2861,#2846,#3385,.T.);
#2230=EDGE_CURVE('',#2861,#2640,#3386,.T.);
#2231=EDGE_CURVE('',#2817,#2862,#3387,.T.);
#2232=EDGE_CURVE('',#2863,#2862,#3388,.T.);
#2233=EDGE_CURVE('',#2813,#2863,#3389,.T.);
#2234=EDGE_CURVE('',#2864,#2864,#151,.T.);
#2235=EDGE_CURVE('',#2863,#2865,#152,.T.);
#2236=EDGE_CURVE('',#2834,#2865,#3390,.T.);
#2237=EDGE_CURVE('',#2866,#2866,#153,.T.);
#2238=EDGE_CURVE('',#2835,#2867,#3391,.T.);
#2239=EDGE_CURVE('',#2862,#2867,#154,.T.);
#2240=EDGE_CURVE('',#2865,#2867,#3392,.T.);
#2241=EDGE_CURVE('',#2868,#2569,#3393,.T.);
#2242=EDGE_CURVE('',#2868,#2869,#3394,.T.);
#2243=EDGE_CURVE('',#2869,#2570,#3395,.T.);
#2244=EDGE_CURVE('',#2870,#2572,#3396,.T.);
#2245=EDGE_CURVE('',#2870,#2868,#3397,.T.);
#2246=EDGE_CURVE('',#2871,#2571,#3398,.T.);
#2247=EDGE_CURVE('',#2871,#2870,#3399,.T.);
#2248=EDGE_CURVE('',#2869,#2871,#3400,.T.);
#2249=EDGE_CURVE('',#2872,#2550,#3401,.T.);
#2250=EDGE_CURVE('',#2872,#2873,#207,.T.);
#2251=EDGE_CURVE('',#2873,#2551,#3402,.T.);
#2252=EDGE_CURVE('',#2874,#2560,#3403,.T.);
#2253=EDGE_CURVE('',#2874,#2872,#3404,.T.);
#2254=EDGE_CURVE('',#2875,#2559,#3405,.T.);
#2255=EDGE_CURVE('',#2875,#2874,#208,.T.);
#2256=EDGE_CURVE('',#2876,#2558,#3406,.T.);
#2257=EDGE_CURVE('',#2876,#2875,#209,.T.);
#2258=EDGE_CURVE('',#2877,#2557,#3407,.T.);
#2259=EDGE_CURVE('',#2877,#2876,#3408,.T.);
#2260=EDGE_CURVE('',#2878,#2556,#3409,.T.);
#2261=EDGE_CURVE('',#2878,#2877,#210,.T.);
#2262=EDGE_CURVE('',#2879,#2555,#3410,.T.);
#2263=EDGE_CURVE('',#2879,#2878,#211,.T.);
#2264=EDGE_CURVE('',#2880,#2554,#3411,.T.);
#2265=EDGE_CURVE('',#2880,#2879,#212,.T.);
#2266=EDGE_CURVE('',#2881,#2553,#3412,.T.);
#2267=EDGE_CURVE('',#2881,#2880,#213,.T.);
#2268=EDGE_CURVE('',#2882,#2552,#3413,.T.);
#2269=EDGE_CURVE('',#2882,#2881,#3414,.T.);
#2270=EDGE_CURVE('',#2873,#2882,#214,.T.);
#2271=EDGE_CURVE('',#2883,#2573,#3415,.T.);
#2272=EDGE_CURVE('',#2883,#2884,#3416,.T.);
#2273=EDGE_CURVE('',#2884,#2574,#3417,.T.);
#2274=EDGE_CURVE('',#2885,#2579,#3418,.T.);
#2275=EDGE_CURVE('',#2885,#2883,#3419,.T.);
#2276=EDGE_CURVE('',#2886,#2578,#3420,.T.);
#2277=EDGE_CURVE('',#2886,#2885,#3421,.T.);
#2278=EDGE_CURVE('',#2887,#2577,#3422,.T.);
#2279=EDGE_CURVE('',#2887,#2886,#3423,.T.);
#2280=EDGE_CURVE('',#2888,#2576,#3424,.T.);
#2281=EDGE_CURVE('',#2888,#2887,#3425,.T.);
#2282=EDGE_CURVE('',#2889,#2575,#3426,.T.);
#2283=EDGE_CURVE('',#2889,#2888,#3427,.T.);
#2284=EDGE_CURVE('',#2884,#2889,#3428,.T.);
#2285=EDGE_CURVE('',#2890,#2546,#3429,.T.);
#2286=EDGE_CURVE('',#2890,#2891,#3430,.T.);
#2287=EDGE_CURVE('',#2891,#2547,#3431,.T.);
#2288=EDGE_CURVE('',#2892,#2549,#3432,.T.);
#2289=EDGE_CURVE('',#2892,#2890,#3433,.T.);
#2290=EDGE_CURVE('',#2893,#2548,#3434,.T.);
#2291=EDGE_CURVE('',#2893,#2892,#3435,.T.);
#2292=EDGE_CURVE('',#2891,#2893,#3436,.T.);
#2293=EDGE_CURVE('',#2894,#2580,#3437,.T.);
#2294=EDGE_CURVE('',#2894,#2895,#3438,.T.);
#2295=EDGE_CURVE('',#2895,#2581,#3439,.T.);
#2296=EDGE_CURVE('',#2896,#2586,#3440,.T.);
#2297=EDGE_CURVE('',#2896,#2894,#3441,.T.);
#2298=EDGE_CURVE('',#2897,#2585,#3442,.T.);
#2299=EDGE_CURVE('',#2897,#2896,#3443,.T.);
#2300=EDGE_CURVE('',#2898,#2584,#3444,.T.);
#2301=EDGE_CURVE('',#2898,#2897,#3445,.T.);
#2302=EDGE_CURVE('',#2899,#2583,#3446,.T.);
#2303=EDGE_CURVE('',#2899,#2898,#3447,.T.);
#2304=EDGE_CURVE('',#2900,#2582,#3448,.T.);
#2305=EDGE_CURVE('',#2900,#2899,#3449,.T.);
#2306=EDGE_CURVE('',#2895,#2900,#3450,.T.);
#2307=EDGE_CURVE('',#2901,#2542,#3451,.T.);
#2308=EDGE_CURVE('',#2901,#2902,#3452,.T.);
#2309=EDGE_CURVE('',#2902,#2543,#3453,.T.);
#2310=EDGE_CURVE('',#2903,#2545,#3454,.T.);
#2311=EDGE_CURVE('',#2903,#2901,#3455,.T.);
#2312=EDGE_CURVE('',#2904,#2544,#3456,.T.);
#2313=EDGE_CURVE('',#2904,#2903,#3457,.T.);
#2314=EDGE_CURVE('',#2902,#2904,#3458,.T.);
#2315=EDGE_CURVE('',#2905,#2906,#215,.T.);
#2316=EDGE_CURVE('',#2907,#2905,#3459,.T.);
#2317=EDGE_CURVE('',#2907,#2908,#216,.T.);
#2318=EDGE_CURVE('',#2908,#2906,#3460,.T.);
#2319=EDGE_CURVE('',#2909,#2905,#217,.T.);
#2320=EDGE_CURVE('',#2910,#2909,#3461,.T.);
#2321=EDGE_CURVE('',#2910,#2907,#218,.T.);
#2322=EDGE_CURVE('',#2911,#2909,#219,.T.);
#2323=EDGE_CURVE('',#2912,#2911,#3462,.T.);
#2324=EDGE_CURVE('',#2912,#2910,#220,.T.);
#2325=EDGE_CURVE('',#2913,#2911,#221,.T.);
#2326=EDGE_CURVE('',#2914,#2913,#3463,.T.);
#2327=EDGE_CURVE('',#2914,#2912,#222,.T.);
#2328=EDGE_CURVE('',#2915,#2913,#223,.T.);
#2329=EDGE_CURVE('',#2916,#2915,#3464,.T.);
#2330=EDGE_CURVE('',#2916,#2914,#224,.T.);
#2331=EDGE_CURVE('',#2917,#2915,#225,.T.);
#2332=EDGE_CURVE('',#2918,#2917,#3465,.T.);
#2333=EDGE_CURVE('',#2918,#2916,#226,.T.);
#2334=EDGE_CURVE('',#2919,#2917,#227,.T.);
#2335=EDGE_CURVE('',#2920,#2919,#3466,.T.);
#2336=EDGE_CURVE('',#2920,#2918,#228,.T.);
#2337=EDGE_CURVE('',#2921,#2587,#3467,.T.);
#2338=EDGE_CURVE('',#2921,#2922,#229,.T.);
#2339=EDGE_CURVE('',#2922,#2588,#3468,.T.);
#2340=EDGE_CURVE('',#2923,#2603,#3469,.T.);
#2341=EDGE_CURVE('',#2923,#2921,#3470,.T.);
#2342=EDGE_CURVE('',#2924,#2602,#3471,.T.);
#2343=EDGE_CURVE('',#2924,#2923,#155,.F.);
#2344=EDGE_CURVE('',#2925,#2601,#3472,.T.);
#2345=EDGE_CURVE('',#2925,#2924,#156,.F.);
#2346=EDGE_CURVE('',#2926,#2600,#3473,.T.);
#2347=EDGE_CURVE('',#2926,#2925,#3474,.T.);
#2348=EDGE_CURVE('',#2927,#2599,#3475,.T.);
#2349=EDGE_CURVE('',#2927,#2926,#157,.T.);
#2350=EDGE_CURVE('',#2928,#2598,#3476,.T.);
#2351=EDGE_CURVE('',#2928,#2927,#3477,.T.);
#2352=EDGE_CURVE('',#2929,#2597,#3478,.T.);
#2353=EDGE_CURVE('',#2929,#2928,#3479,.T.);
#2354=EDGE_CURVE('',#2930,#2596,#3480,.T.);
#2355=EDGE_CURVE('',#2930,#2929,#3481,.T.);
#2356=EDGE_CURVE('',#2931,#2595,#3482,.T.);
#2357=EDGE_CURVE('',#2931,#2930,#3483,.T.);
#2358=EDGE_CURVE('',#2932,#2594,#3484,.T.);
#2359=EDGE_CURVE('',#2932,#2931,#3485,.T.);
#2360=EDGE_CURVE('',#2933,#2593,#3486,.T.);
#2361=EDGE_CURVE('',#2933,#2932,#230,.T.);
#2362=EDGE_CURVE('',#2934,#2592,#3487,.T.);
#2363=EDGE_CURVE('',#2934,#2933,#231,.T.);
#2364=EDGE_CURVE('',#2935,#2591,#3488,.T.);
#2365=EDGE_CURVE('',#2935,#2934,#232,.T.);
#2366=EDGE_CURVE('',#2936,#2590,#3489,.T.);
#2367=EDGE_CURVE('',#2936,#2935,#233,.T.);
#2368=EDGE_CURVE('',#2937,#2589,#3490,.T.);
#2369=EDGE_CURVE('',#2937,#2936,#234,.T.);
#2370=EDGE_CURVE('',#2922,#2937,#235,.T.);
#2371=EDGE_CURVE('',#2906,#2919,#236,.T.);
#2372=EDGE_CURVE('',#2908,#2920,#237,.T.);
#2373=EDGE_CURVE('',#2938,#2535,#3491,.T.);
#2374=EDGE_CURVE('',#2938,#2939,#3492,.T.);
#2375=EDGE_CURVE('',#2939,#2536,#3493,.T.);
#2376=EDGE_CURVE('',#2940,#2541,#3494,.T.);
#2377=EDGE_CURVE('',#2940,#2938,#3495,.T.);
#2378=EDGE_CURVE('',#2941,#2540,#3496,.T.);
#2379=EDGE_CURVE('',#2941,#2940,#3497,.T.);
#2380=EDGE_CURVE('',#2942,#2539,#3498,.T.);
#2381=EDGE_CURVE('',#2942,#2941,#3499,.T.);
#2382=EDGE_CURVE('',#2943,#2538,#3500,.T.);
#2383=EDGE_CURVE('',#2943,#2942,#3501,.T.);
#2384=EDGE_CURVE('',#2944,#2537,#3502,.T.);
#2385=EDGE_CURVE('',#2944,#2943,#3503,.T.);
#2386=EDGE_CURVE('',#2939,#2944,#3504,.T.);
#2387=EDGE_CURVE('',#2945,#2604,#3505,.T.);
#2388=EDGE_CURVE('',#2945,#2946,#3506,.T.);
#2389=EDGE_CURVE('',#2946,#2605,#3507,.T.);
#2390=EDGE_CURVE('',#2947,#2607,#3508,.T.);
#2391=EDGE_CURVE('',#2947,#2945,#3509,.T.);
#2392=EDGE_CURVE('',#2948,#2606,#3510,.T.);
#2393=EDGE_CURVE('',#2948,#2947,#3511,.T.);
#2394=EDGE_CURVE('',#2946,#2948,#3512,.T.);
#2395=EDGE_CURVE('',#2949,#2528,#3513,.T.);
#2396=EDGE_CURVE('',#2949,#2950,#3514,.T.);
#2397=EDGE_CURVE('',#2950,#2529,#3515,.T.);
#2398=EDGE_CURVE('',#2951,#2534,#3516,.T.);
#2399=EDGE_CURVE('',#2951,#2949,#3517,.T.);
#2400=EDGE_CURVE('',#2952,#2533,#3518,.T.);
#2401=EDGE_CURVE('',#2952,#2951,#3519,.T.);
#2402=EDGE_CURVE('',#2953,#2532,#3520,.T.);
#2403=EDGE_CURVE('',#2953,#2952,#3521,.T.);
#2404=EDGE_CURVE('',#2954,#2531,#3522,.T.);
#2405=EDGE_CURVE('',#2954,#2953,#3523,.T.);
#2406=EDGE_CURVE('',#2955,#2530,#3524,.T.);
#2407=EDGE_CURVE('',#2955,#2954,#3525,.T.);
#2408=EDGE_CURVE('',#2950,#2955,#3526,.T.);
#2409=EDGE_CURVE('',#2956,#2608,#3527,.T.);
#2410=EDGE_CURVE('',#2956,#2957,#238,.T.);
#2411=EDGE_CURVE('',#2957,#2609,#3528,.T.);
#2412=EDGE_CURVE('',#2958,#2618,#3529,.T.);
#2413=EDGE_CURVE('',#2958,#2956,#3530,.T.);
#2414=EDGE_CURVE('',#2959,#2617,#3531,.T.);
#2415=EDGE_CURVE('',#2959,#2958,#239,.T.);
#2416=EDGE_CURVE('',#2960,#2616,#3532,.T.);
#2417=EDGE_CURVE('',#2960,#2959,#240,.T.);
#2418=EDGE_CURVE('',#2961,#2615,#3533,.T.);
#2419=EDGE_CURVE('',#2961,#2960,#3534,.T.);
#2420=EDGE_CURVE('',#2962,#2614,#3535,.T.);
#2421=EDGE_CURVE('',#2962,#2961,#241,.T.);
#2422=EDGE_CURVE('',#2963,#2613,#3536,.T.);
#2423=EDGE_CURVE('',#2963,#2962,#158,.T.);
#2424=EDGE_CURVE('',#2964,#2612,#3537,.T.);
#2425=EDGE_CURVE('',#2964,#2963,#159,.T.);
#2426=EDGE_CURVE('',#2965,#2611,#3538,.T.);
#2427=EDGE_CURVE('',#2965,#2964,#242,.T.);
#2428=EDGE_CURVE('',#2966,#2610,#3539,.T.);
#2429=EDGE_CURVE('',#2966,#2965,#3540,.T.);
#2430=EDGE_CURVE('',#2957,#2966,#243,.T.);
#2431=EDGE_CURVE('',#2967,#2517,#3541,.T.);
#2432=EDGE_CURVE('',#2967,#2968,#244,.T.);
#2433=EDGE_CURVE('',#2968,#2518,#3542,.T.);
#2434=EDGE_CURVE('',#2969,#2527,#3543,.T.);
#2435=EDGE_CURVE('',#2969,#2967,#3544,.T.);
#2436=EDGE_CURVE('',#2970,#2526,#3545,.T.);
#2437=EDGE_CURVE('',#2970,#2969,#245,.T.);
#2438=EDGE_CURVE('',#2971,#2525,#3546,.T.);
#2439=EDGE_CURVE('',#2971,#2970,#246,.T.);
#2440=EDGE_CURVE('',#2972,#2524,#3547,.T.);
#2441=EDGE_CURVE('',#2972,#2971,#3548,.T.);
#2442=EDGE_CURVE('',#2973,#2523,#3549,.T.);
#2443=EDGE_CURVE('',#2973,#2972,#247,.T.);
#2444=EDGE_CURVE('',#2974,#2522,#3550,.T.);
#2445=EDGE_CURVE('',#2974,#2973,#248,.T.);
#2446=EDGE_CURVE('',#2975,#2521,#3551,.T.);
#2447=EDGE_CURVE('',#2975,#2974,#249,.T.);
#2448=EDGE_CURVE('',#2976,#2520,#3552,.T.);
#2449=EDGE_CURVE('',#2976,#2975,#250,.T.);
#2450=EDGE_CURVE('',#2977,#2519,#3553,.T.);
#2451=EDGE_CURVE('',#2977,#2976,#3554,.T.);
#2452=EDGE_CURVE('',#2968,#2977,#251,.T.);
#2453=EDGE_CURVE('',#2978,#2619,#3555,.T.);
#2454=EDGE_CURVE('',#2978,#2979,#3556,.T.);
#2455=EDGE_CURVE('',#2979,#2620,#3557,.T.);
#2456=EDGE_CURVE('',#2980,#2628,#3558,.T.);
#2457=EDGE_CURVE('',#2980,#2978,#3559,.T.);
#2458=EDGE_CURVE('',#2981,#2627,#3560,.T.);
#2459=EDGE_CURVE('',#2981,#2980,#3561,.T.);
#2460=EDGE_CURVE('',#2982,#2626,#3562,.T.);
#2461=EDGE_CURVE('',#2982,#2981,#3563,.T.);
#2462=EDGE_CURVE('',#2983,#2625,#3564,.T.);
#2463=EDGE_CURVE('',#2983,#2982,#3565,.T.);
#2464=EDGE_CURVE('',#2984,#2624,#3566,.T.);
#2465=EDGE_CURVE('',#2984,#2983,#3567,.T.);
#2466=EDGE_CURVE('',#2985,#2623,#3568,.T.);
#2467=EDGE_CURVE('',#2985,#2984,#3569,.T.);
#2468=EDGE_CURVE('',#2986,#2622,#3570,.T.);
#2469=EDGE_CURVE('',#2986,#2985,#3571,.T.);
#2470=EDGE_CURVE('',#2987,#2621,#3572,.T.);
#2471=EDGE_CURVE('',#2987,#2986,#3573,.T.);
#2472=EDGE_CURVE('',#2979,#2987,#3574,.T.);
#2473=EDGE_CURVE('',#2988,#2513,#3575,.T.);
#2474=EDGE_CURVE('',#2988,#2989,#3576,.T.);
#2475=EDGE_CURVE('',#2989,#2514,#3577,.T.);
#2476=EDGE_CURVE('',#2990,#2516,#3578,.T.);
#2477=EDGE_CURVE('',#2990,#2988,#3579,.T.);
#2478=EDGE_CURVE('',#2991,#2515,#3580,.T.);
#2479=EDGE_CURVE('',#2991,#2990,#3581,.T.);
#2480=EDGE_CURVE('',#2989,#2991,#3582,.T.);
#2481=EDGE_CURVE('',#2992,#2629,#3583,.T.);
#2482=EDGE_CURVE('',#2992,#2993,#252,.T.);
#2483=EDGE_CURVE('',#2993,#2630,#3584,.T.);
#2484=EDGE_CURVE('',#2994,#2639,#3585,.T.);
#2485=EDGE_CURVE('',#2994,#2992,#3586,.T.);
#2486=EDGE_CURVE('',#2995,#2638,#3587,.T.);
#2487=EDGE_CURVE('',#2995,#2994,#253,.T.);
#2488=EDGE_CURVE('',#2996,#2637,#3588,.T.);
#2489=EDGE_CURVE('',#2996,#2995,#254,.T.);
#2490=EDGE_CURVE('',#2997,#2636,#3589,.T.);
#2491=EDGE_CURVE('',#2997,#2996,#3590,.T.);
#2492=EDGE_CURVE('',#2998,#2635,#3591,.T.);
#2493=EDGE_CURVE('',#2998,#2997,#255,.T.);
#2494=EDGE_CURVE('',#2999,#2634,#3592,.T.);
#2495=EDGE_CURVE('',#2999,#2998,#256,.T.);
#2496=EDGE_CURVE('',#3000,#2633,#3593,.T.);
#2497=EDGE_CURVE('',#3000,#2999,#257,.T.);
#2498=EDGE_CURVE('',#3001,#2632,#3594,.T.);
#2499=EDGE_CURVE('',#3001,#3000,#258,.T.);
#2500=EDGE_CURVE('',#3002,#2631,#3595,.T.);
#2501=EDGE_CURVE('',#3002,#3001,#3596,.T.);
#2502=EDGE_CURVE('',#2993,#3002,#259,.T.);
#2503=EDGE_CURVE('',#3003,#3003,#160,.T.);
#2504=EDGE_CURVE('',#3004,#3004,#161,.T.);
#2505=EDGE_CURVE('',#3005,#3005,#162,.T.);
#2506=EDGE_CURVE('',#3006,#3006,#163,.T.);
#2507=EDGE_CURVE('',#3007,#3007,#164,.T.);
#2508=EDGE_CURVE('',#3008,#3008,#165,.T.);
#2509=EDGE_CURVE('',#3009,#3009,#166,.T.);
#2510=EDGE_CURVE('',#3010,#3010,#167,.T.);
#2511=EDGE_CURVE('',#3011,#3011,#168,.T.);
#2512=EDGE_CURVE('',#3012,#3012,#169,.T.);
#2513=VERTEX_POINT('',#6927);
#2514=VERTEX_POINT('',#6928);
#2515=VERTEX_POINT('',#6930);
#2516=VERTEX_POINT('',#6932);
#2517=VERTEX_POINT('',#6937);
#2518=VERTEX_POINT('',#6938);
#2519=VERTEX_POINT('',#6942);
#2520=VERTEX_POINT('',#6944);
#2521=VERTEX_POINT('',#6948);
#2522=VERTEX_POINT('',#6952);
#2523=VERTEX_POINT('',#6956);
#2524=VERTEX_POINT('',#6960);
#2525=VERTEX_POINT('',#6962);
#2526=VERTEX_POINT('',#6966);
#2527=VERTEX_POINT('',#6970);
#2528=VERTEX_POINT('',#6973);
#2529=VERTEX_POINT('',#6974);
#2530=VERTEX_POINT('',#6976);
#2531=VERTEX_POINT('',#6978);
#2532=VERTEX_POINT('',#6980);
#2533=VERTEX_POINT('',#6982);
#2534=VERTEX_POINT('',#6984);
#2535=VERTEX_POINT('',#6987);
#2536=VERTEX_POINT('',#6988);
#2537=VERTEX_POINT('',#6990);
#2538=VERTEX_POINT('',#6992);
#2539=VERTEX_POINT('',#6994);
#2540=VERTEX_POINT('',#6996);
#2541=VERTEX_POINT('',#6998);
#2542=VERTEX_POINT('',#7001);
#2543=VERTEX_POINT('',#7002);
#2544=VERTEX_POINT('',#7004);
#2545=VERTEX_POINT('',#7006);
#2546=VERTEX_POINT('',#7009);
#2547=VERTEX_POINT('',#7010);
#2548=VERTEX_POINT('',#7012);
#2549=VERTEX_POINT('',#7014);
#2550=VERTEX_POINT('',#7019);
#2551=VERTEX_POINT('',#7020);
#2552=VERTEX_POINT('',#7024);
#2553=VERTEX_POINT('',#7026);
#2554=VERTEX_POINT('',#7030);
#2555=VERTEX_POINT('',#7034);
#2556=VERTEX_POINT('',#7038);
#2557=VERTEX_POINT('',#7042);
#2558=VERTEX_POINT('',#7044);
#2559=VERTEX_POINT('',#7048);
#2560=VERTEX_POINT('',#7052);
#2561=VERTEX_POINT('',#7055);
#2562=VERTEX_POINT('',#7056);
#2563=VERTEX_POINT('',#7058);
#2564=VERTEX_POINT('',#7060);
#2565=VERTEX_POINT('',#7062);
#2566=VERTEX_POINT('',#7064);
#2567=VERTEX_POINT('',#7066);
#2568=VERTEX_POINT('',#7068);
#2569=VERTEX_POINT('',#7071);
#2570=VERTEX_POINT('',#7072);
#2571=VERTEX_POINT('',#7074);
#2572=VERTEX_POINT('',#7076);
#2573=VERTEX_POINT('',#7079);
#2574=VERTEX_POINT('',#7080);
#2575=VERTEX_POINT('',#7082);
#2576=VERTEX_POINT('',#7084);
#2577=VERTEX_POINT('',#7086);
#2578=VERTEX_POINT('',#7088);
#2579=VERTEX_POINT('',#7090);
#2580=VERTEX_POINT('',#7093);
#2581=VERTEX_POINT('',#7094);
#2582=VERTEX_POINT('',#7096);
#2583=VERTEX_POINT('',#7098);
#2584=VERTEX_POINT('',#7100);
#2585=VERTEX_POINT('',#7102);
#2586=VERTEX_POINT('',#7104);
#2587=VERTEX_POINT('',#7109);
#2588=VERTEX_POINT('',#7110);
#2589=VERTEX_POINT('',#7114);
#2590=VERTEX_POINT('',#7118);
#2591=VERTEX_POINT('',#7122);
#2592=VERTEX_POINT('',#7126);
#2593=VERTEX_POINT('',#7130);
#2594=VERTEX_POINT('',#7134);
#2595=VERTEX_POINT('',#7136);
#2596=VERTEX_POINT('',#7138);
#2597=VERTEX_POINT('',#7140);
#2598=VERTEX_POINT('',#7142);
#2599=VERTEX_POINT('',#7144);
#2600=VERTEX_POINT('',#7146);
#2601=VERTEX_POINT('',#7148);
#2602=VERTEX_POINT('',#7150);
#2603=VERTEX_POINT('',#7152);
#2604=VERTEX_POINT('',#7155);
#2605=VERTEX_POINT('',#7156);
#2606=VERTEX_POINT('',#7158);
#2607=VERTEX_POINT('',#7160);
#2608=VERTEX_POINT('',#7165);
#2609=VERTEX_POINT('',#7166);
#2610=VERTEX_POINT('',#7170);
#2611=VERTEX_POINT('',#7172);
#2612=VERTEX_POINT('',#7176);
#2613=VERTEX_POINT('',#7178);
#2614=VERTEX_POINT('',#7180);
#2615=VERTEX_POINT('',#7184);
#2616=VERTEX_POINT('',#7186);
#2617=VERTEX_POINT('',#7190);
#2618=VERTEX_POINT('',#7194);
#2619=VERTEX_POINT('',#7197);
#2620=VERTEX_POINT('',#7198);
#2621=VERTEX_POINT('',#7200);
#2622=VERTEX_POINT('',#7202);
#2623=VERTEX_POINT('',#7204);
#2624=VERTEX_POINT('',#7206);
#2625=VERTEX_POINT('',#7208);
#2626=VERTEX_POINT('',#7210);
#2627=VERTEX_POINT('',#7212);
#2628=VERTEX_POINT('',#7214);
#2629=VERTEX_POINT('',#7219);
#2630=VERTEX_POINT('',#7220);
#2631=VERTEX_POINT('',#7224);
#2632=VERTEX_POINT('',#7226);
#2633=VERTEX_POINT('',#7230);
#2634=VERTEX_POINT('',#7234);
#2635=VERTEX_POINT('',#7238);
#2636=VERTEX_POINT('',#7242);
#2637=VERTEX_POINT('',#7244);
#2638=VERTEX_POINT('',#7248);
#2639=VERTEX_POINT('',#7252);
#2640=VERTEX_POINT('',#7256);
#2641=VERTEX_POINT('',#7257);
#2642=VERTEX_POINT('',#7259);
#2643=VERTEX_POINT('',#7261);
#2644=VERTEX_POINT('',#7265);
#2645=VERTEX_POINT('',#7266);
#2646=VERTEX_POINT('',#7268);
#2647=VERTEX_POINT('',#7270);
#2648=VERTEX_POINT('',#7274);
#2649=VERTEX_POINT('',#7275);
#2650=VERTEX_POINT('',#7277);
#2651=VERTEX_POINT('',#7279);
#2652=VERTEX_POINT('',#7283);
#2653=VERTEX_POINT('',#7284);
#2654=VERTEX_POINT('',#7286);
#2655=VERTEX_POINT('',#7288);
#2656=VERTEX_POINT('',#7290);
#2657=VERTEX_POINT('',#7293);
#2658=VERTEX_POINT('',#7295);
#2659=VERTEX_POINT('',#7297);
#2660=VERTEX_POINT('',#7299);
#2661=VERTEX_POINT('',#7301);
#2662=VERTEX_POINT('',#7305);
#2663=VERTEX_POINT('',#7307);
#2664=VERTEX_POINT('',#7309);
#2665=VERTEX_POINT('',#7313);
#2666=VERTEX_POINT('',#7315);
#2667=VERTEX_POINT('',#7319);
#2668=VERTEX_POINT('',#7320);
#2669=VERTEX_POINT('',#7322);
#2670=VERTEX_POINT('',#7324);
#2671=VERTEX_POINT('',#7328);
#2672=VERTEX_POINT('',#7329);
#2673=VERTEX_POINT('',#7331);
#2674=VERTEX_POINT('',#7333);
#2675=VERTEX_POINT('',#7337);
#2676=VERTEX_POINT('',#7338);
#2677=VERTEX_POINT('',#7340);
#2678=VERTEX_POINT('',#7342);
#2679=VERTEX_POINT('',#7346);
#2680=VERTEX_POINT('',#7348);
#2681=VERTEX_POINT('',#7352);
#2682=VERTEX_POINT('',#7354);
#2683=VERTEX_POINT('',#7358);
#2684=VERTEX_POINT('',#7360);
#2685=VERTEX_POINT('',#7364);
#2686=VERTEX_POINT('',#7366);
#2687=VERTEX_POINT('',#7370);
#2688=VERTEX_POINT('',#7372);
#2689=VERTEX_POINT('',#7379);
#2690=VERTEX_POINT('',#7382);
#2691=VERTEX_POINT('',#7384);
#2692=VERTEX_POINT('',#7386);
#2693=VERTEX_POINT('',#7390);
#2694=VERTEX_POINT('',#7392);
#2695=VERTEX_POINT('',#7398);
#2696=VERTEX_POINT('',#7399);
#2697=VERTEX_POINT('',#7415);
#2698=VERTEX_POINT('',#7416);
#2699=VERTEX_POINT('',#7418);
#2700=VERTEX_POINT('',#7420);
#2701=VERTEX_POINT('',#7422);
#2702=VERTEX_POINT('',#7424);
#2703=VERTEX_POINT('',#7426);
#2704=VERTEX_POINT('',#7429);
#2705=VERTEX_POINT('',#7430);
#2706=VERTEX_POINT('',#7432);
#2707=VERTEX_POINT('',#7434);
#2708=VERTEX_POINT('',#7436);
#2709=VERTEX_POINT('',#7438);
#2710=VERTEX_POINT('',#7440);
#2711=VERTEX_POINT('',#7443);
#2712=VERTEX_POINT('',#7444);
#2713=VERTEX_POINT('',#7446);
#2714=VERTEX_POINT('',#7448);
#2715=VERTEX_POINT('',#7450);
#2716=VERTEX_POINT('',#7452);
#2717=VERTEX_POINT('',#7454);
#2718=VERTEX_POINT('',#7457);
#2719=VERTEX_POINT('',#7458);
#2720=VERTEX_POINT('',#7460);
#2721=VERTEX_POINT('',#7462);
#2722=VERTEX_POINT('',#7464);
#2723=VERTEX_POINT('',#7466);
#2724=VERTEX_POINT('',#7468);
#2725=VERTEX_POINT('',#7470);
#2726=VERTEX_POINT('',#7474);
#2727=VERTEX_POINT('',#7475);
#2728=VERTEX_POINT('',#7479);
#2729=VERTEX_POINT('',#7481);
#2730=VERTEX_POINT('',#7483);
#2731=VERTEX_POINT('',#7485);
#2732=VERTEX_POINT('',#7487);
#2733=VERTEX_POINT('',#7489);
#2734=VERTEX_POINT('',#7495);
#2735=VERTEX_POINT('',#7497);
#2736=VERTEX_POINT('',#7501);
#2737=VERTEX_POINT('',#7505);
#2738=VERTEX_POINT('',#7509);
#2739=VERTEX_POINT('',#7513);
#2740=VERTEX_POINT('',#7517);
#2741=VERTEX_POINT('',#7521);
#2742=VERTEX_POINT('',#7527);
#2743=VERTEX_POINT('',#7528);
#2744=VERTEX_POINT('',#7530);
#2745=VERTEX_POINT('',#7532);
#2746=VERTEX_POINT('',#7534);
#2747=VERTEX_POINT('',#7536);
#2748=VERTEX_POINT('',#7538);
#2749=VERTEX_POINT('',#7556);
#2750=VERTEX_POINT('',#7557);
#2751=VERTEX_POINT('',#7561);
#2752=VERTEX_POINT('',#7563);
#2753=VERTEX_POINT('',#7565);
#2754=VERTEX_POINT('',#7567);
#2755=VERTEX_POINT('',#7569);
#2756=VERTEX_POINT('',#7571);
#2757=VERTEX_POINT('',#7577);
#2758=VERTEX_POINT('',#7579);
#2759=VERTEX_POINT('',#7583);
#2760=VERTEX_POINT('',#7587);
#2761=VERTEX_POINT('',#7591);
#2762=VERTEX_POINT('',#7595);
#2763=VERTEX_POINT('',#7599);
#2764=VERTEX_POINT('',#7603);
#2765=VERTEX_POINT('',#7609);
#2766=VERTEX_POINT('',#7610);
#2767=VERTEX_POINT('',#7612);
#2768=VERTEX_POINT('',#7614);
#2769=VERTEX_POINT('',#7616);
#2770=VERTEX_POINT('',#7618);
#2771=VERTEX_POINT('',#7620);
#2772=VERTEX_POINT('',#7638);
#2773=VERTEX_POINT('',#7639);
#2774=VERTEX_POINT('',#7643);
#2775=VERTEX_POINT('',#7644);
#2776=VERTEX_POINT('',#7649);
#2777=VERTEX_POINT('',#7651);
#2778=VERTEX_POINT('',#7653);
#2779=VERTEX_POINT('',#7655);
#2780=VERTEX_POINT('',#7657);
#2781=VERTEX_POINT('',#7659);
#2782=VERTEX_POINT('',#7663);
#2783=VERTEX_POINT('',#7664);
#2784=VERTEX_POINT('',#7671);
#2785=VERTEX_POINT('',#7673);
#2786=VERTEX_POINT('',#7677);
#2787=VERTEX_POINT('',#7681);
#2788=VERTEX_POINT('',#7685);
#2789=VERTEX_POINT('',#7689);
#2790=VERTEX_POINT('',#7693);
#2791=VERTEX_POINT('',#7697);
#2792=VERTEX_POINT('',#7703);
#2793=VERTEX_POINT('',#7704);
#2794=VERTEX_POINT('',#7706);
#2795=VERTEX_POINT('',#7708);
#2796=VERTEX_POINT('',#7710);
#2797=VERTEX_POINT('',#7712);
#2798=VERTEX_POINT('',#7714);
#2799=VERTEX_POINT('',#7732);
#2800=VERTEX_POINT('',#7734);
#2801=VERTEX_POINT('',#7738);
#2802=VERTEX_POINT('',#7740);
#2803=VERTEX_POINT('',#7744);
#2804=VERTEX_POINT('',#7746);
#2805=VERTEX_POINT('',#7748);
#2806=VERTEX_POINT('',#7750);
#2807=VERTEX_POINT('',#7754);
#2808=VERTEX_POINT('',#7755);
#2809=VERTEX_POINT('',#7759);
#2810=VERTEX_POINT('',#7761);
#2811=VERTEX_POINT('',#7763);
#2812=VERTEX_POINT('',#7767);
#2813=VERTEX_POINT('',#7768);
#2814=VERTEX_POINT('',#7770);
#2815=VERTEX_POINT('',#7773);
#2816=VERTEX_POINT('',#7775);
#2817=VERTEX_POINT('',#7777);
#2818=VERTEX_POINT('',#7781);
#2819=VERTEX_POINT('',#7782);
#2820=VERTEX_POINT('',#7784);
#2821=VERTEX_POINT('',#7790);
#2822=VERTEX_POINT('',#7791);
#2823=VERTEX_POINT('',#7795);
#2824=VERTEX_POINT('',#7796);
#2825=VERTEX_POINT('',#7799);
#2826=VERTEX_POINT('',#7802);
#2827=VERTEX_POINT('',#7806);
#2828=VERTEX_POINT('',#7808);
#2829=VERTEX_POINT('',#7812);
#2830=VERTEX_POINT('',#7813);
#2831=VERTEX_POINT('',#7818);
#2832=VERTEX_POINT('',#7822);
#2833=VERTEX_POINT('',#7824);
#2834=VERTEX_POINT('',#7835);
#2835=VERTEX_POINT('',#7837);
#2836=VERTEX_POINT('',#7848);
#2837=VERTEX_POINT('',#7849);
#2838=VERTEX_POINT('',#7856);
#2839=VERTEX_POINT('',#7858);
#2840=VERTEX_POINT('',#7862);
#2841=VERTEX_POINT('',#7865);
#2842=VERTEX_POINT('',#7867);
#2843=VERTEX_POINT('',#7871);
#2844=VERTEX_POINT('',#7875);
#2845=VERTEX_POINT('',#7877);
#2846=VERTEX_POINT('',#7879);
#2847=VERTEX_POINT('',#7885);
#2848=VERTEX_POINT('',#7887);
#2849=VERTEX_POINT('',#7889);
#2850=VERTEX_POINT('',#7891);
#2851=VERTEX_POINT('',#7893);
#2852=VERTEX_POINT('',#7898);
#2853=VERTEX_POINT('',#7902);
#2854=VERTEX_POINT('',#7905);
#2855=VERTEX_POINT('',#7907);
#2856=VERTEX_POINT('',#7909);
#2857=VERTEX_POINT('',#7911);
#2858=VERTEX_POINT('',#7924);
#2859=VERTEX_POINT('',#7926);
#2860=VERTEX_POINT('',#7930);
#2861=VERTEX_POINT('',#7941);
#2862=VERTEX_POINT('',#7948);
#2863=VERTEX_POINT('',#7950);
#2864=VERTEX_POINT('',#7954);
#2865=VERTEX_POINT('',#7956);
#2866=VERTEX_POINT('',#7960);
#2867=VERTEX_POINT('',#7962);
#2868=VERTEX_POINT('',#7970);
#2869=VERTEX_POINT('',#7972);
#2870=VERTEX_POINT('',#7976);
#2871=VERTEX_POINT('',#7980);
#2872=VERTEX_POINT('',#7994);
#2873=VERTEX_POINT('',#7998);
#2874=VERTEX_POINT('',#8002);
#2875=VERTEX_POINT('',#8013);
#2876=VERTEX_POINT('',#8026);
#2877=VERTEX_POINT('',#8032);
#2878=VERTEX_POINT('',#8043);
#2879=VERTEX_POINT('',#8056);
#2880=VERTEX_POINT('',#8069);
#2881=VERTEX_POINT('',#8082);
#2882=VERTEX_POINT('',#8088);
#2883=VERTEX_POINT('',#8104);
#2884=VERTEX_POINT('',#8106);
#2885=VERTEX_POINT('',#8110);
#2886=VERTEX_POINT('',#8114);
#2887=VERTEX_POINT('',#8118);
#2888=VERTEX_POINT('',#8122);
#2889=VERTEX_POINT('',#8126);
#2890=VERTEX_POINT('',#8133);
#2891=VERTEX_POINT('',#8135);
#2892=VERTEX_POINT('',#8139);
#2893=VERTEX_POINT('',#8143);
#2894=VERTEX_POINT('',#8150);
#2895=VERTEX_POINT('',#8152);
#2896=VERTEX_POINT('',#8156);
#2897=VERTEX_POINT('',#8160);
#2898=VERTEX_POINT('',#8164);
#2899=VERTEX_POINT('',#8168);
#2900=VERTEX_POINT('',#8172);
#2901=VERTEX_POINT('',#8179);
#2902=VERTEX_POINT('',#8181);
#2903=VERTEX_POINT('',#8185);
#2904=VERTEX_POINT('',#8189);
#2905=VERTEX_POINT('',#8205);
#2906=VERTEX_POINT('',#8206);
#2907=VERTEX_POINT('',#8208);
#2908=VERTEX_POINT('',#8212);
#2909=VERTEX_POINT('',#8225);
#2910=VERTEX_POINT('',#8227);
#2911=VERTEX_POINT('',#8242);
#2912=VERTEX_POINT('',#8244);
#2913=VERTEX_POINT('',#8259);
#2914=VERTEX_POINT('',#8261);
#2915=VERTEX_POINT('',#8276);
#2916=VERTEX_POINT('',#8278);
#2917=VERTEX_POINT('',#8293);
#2918=VERTEX_POINT('',#8295);
#2919=VERTEX_POINT('',#8310);
#2920=VERTEX_POINT('',#8312);
#2921=VERTEX_POINT('',#8325);
#2922=VERTEX_POINT('',#8329);
#2923=VERTEX_POINT('',#8333);
#2924=VERTEX_POINT('',#8337);
#2925=VERTEX_POINT('',#8341);
#2926=VERTEX_POINT('',#8345);
#2927=VERTEX_POINT('',#8349);
#2928=VERTEX_POINT('',#8353);
#2929=VERTEX_POINT('',#8357);
#2930=VERTEX_POINT('',#8361);
#2931=VERTEX_POINT('',#8365);
#2932=VERTEX_POINT('',#8369);
#2933=VERTEX_POINT('',#8380);
#2934=VERTEX_POINT('',#8393);
#2935=VERTEX_POINT('',#8406);
#2936=VERTEX_POINT('',#8419);
#2937=VERTEX_POINT('',#8432);
#2938=VERTEX_POINT('',#8464);
#2939=VERTEX_POINT('',#8466);
#2940=VERTEX_POINT('',#8470);
#2941=VERTEX_POINT('',#8474);
#2942=VERTEX_POINT('',#8478);
#2943=VERTEX_POINT('',#8482);
#2944=VERTEX_POINT('',#8486);
#2945=VERTEX_POINT('',#8493);
#2946=VERTEX_POINT('',#8495);
#2947=VERTEX_POINT('',#8499);
#2948=VERTEX_POINT('',#8503);
#2949=VERTEX_POINT('',#8510);
#2950=VERTEX_POINT('',#8512);
#2951=VERTEX_POINT('',#8516);
#2952=VERTEX_POINT('',#8520);
#2953=VERTEX_POINT('',#8524);
#2954=VERTEX_POINT('',#8528);
#2955=VERTEX_POINT('',#8532);
#2956=VERTEX_POINT('',#8546);
#2957=VERTEX_POINT('',#8550);
#2958=VERTEX_POINT('',#8554);
#2959=VERTEX_POINT('',#8565);
#2960=VERTEX_POINT('',#8578);
#2961=VERTEX_POINT('',#8584);
#2962=VERTEX_POINT('',#8595);
#2963=VERTEX_POINT('',#8601);
#2964=VERTEX_POINT('',#8605);
#2965=VERTEX_POINT('',#8616);
#2966=VERTEX_POINT('',#8622);
#2967=VERTEX_POINT('',#8645);
#2968=VERTEX_POINT('',#8649);
#2969=VERTEX_POINT('',#8653);
#2970=VERTEX_POINT('',#8664);
#2971=VERTEX_POINT('',#8677);
#2972=VERTEX_POINT('',#8683);
#2973=VERTEX_POINT('',#8694);
#2974=VERTEX_POINT('',#8707);
#2975=VERTEX_POINT('',#8720);
#2976=VERTEX_POINT('',#8733);
#2977=VERTEX_POINT('',#8739);
#2978=VERTEX_POINT('',#8755);
#2979=VERTEX_POINT('',#8757);
#2980=VERTEX_POINT('',#8761);
#2981=VERTEX_POINT('',#8765);
#2982=VERTEX_POINT('',#8769);
#2983=VERTEX_POINT('',#8773);
#2984=VERTEX_POINT('',#8777);
#2985=VERTEX_POINT('',#8781);
#2986=VERTEX_POINT('',#8785);
#2987=VERTEX_POINT('',#8789);
#2988=VERTEX_POINT('',#8796);
#2989=VERTEX_POINT('',#8798);
#2990=VERTEX_POINT('',#8802);
#2991=VERTEX_POINT('',#8806);
#2992=VERTEX_POINT('',#8820);
#2993=VERTEX_POINT('',#8824);
#2994=VERTEX_POINT('',#8828);
#2995=VERTEX_POINT('',#8839);
#2996=VERTEX_POINT('',#8852);
#2997=VERTEX_POINT('',#8858);
#2998=VERTEX_POINT('',#8869);
#2999=VERTEX_POINT('',#8882);
#3000=VERTEX_POINT('',#8895);
#3001=VERTEX_POINT('',#8908);
#3002=VERTEX_POINT('',#8914);
#3003=VERTEX_POINT('',#8932);
#3004=VERTEX_POINT('',#8934);
#3005=VERTEX_POINT('',#8937);
#3006=VERTEX_POINT('',#8940);
#3007=VERTEX_POINT('',#8942);
#3008=VERTEX_POINT('',#8947);
#3009=VERTEX_POINT('',#8952);
#3010=VERTEX_POINT('',#8954);
#3011=VERTEX_POINT('',#8957);
#3012=VERTEX_POINT('',#8959);
#3013=LINE('',#6926,#3597);
#3014=LINE('',#6929,#3598);
#3015=LINE('',#6931,#3599);
#3016=LINE('',#6933,#3600);
#3017=LINE('',#6943,#3601);
#3018=LINE('',#6961,#3602);
#3019=LINE('',#6971,#3603);
#3020=LINE('',#6972,#3604);
#3021=LINE('',#6975,#3605);
#3022=LINE('',#6977,#3606);
#3023=LINE('',#6979,#3607);
#3024=LINE('',#6981,#3608);
#3025=LINE('',#6983,#3609);
#3026=LINE('',#6985,#3610);
#3027=LINE('',#6986,#3611);
#3028=LINE('',#6989,#3612);
#3029=LINE('',#6991,#3613);
#3030=LINE('',#6993,#3614);
#3031=LINE('',#6995,#3615);
#3032=LINE('',#6997,#3616);
#3033=LINE('',#6999,#3617);
#3034=LINE('',#7000,#3618);
#3035=LINE('',#7003,#3619);
#3036=LINE('',#7005,#3620);
#3037=LINE('',#7007,#3621);
#3038=LINE('',#7008,#3622);
#3039=LINE('',#7011,#3623);
#3040=LINE('',#7013,#3624);
#3041=LINE('',#7015,#3625);
#3042=LINE('',#7025,#3626);
#3043=LINE('',#7043,#3627);
#3044=LINE('',#7053,#3628);
#3045=LINE('',#7054,#3629);
#3046=LINE('',#7059,#3630);
#3047=LINE('',#7063,#3631);
#3048=LINE('',#7067,#3632);
#3049=LINE('',#7070,#3633);
#3050=LINE('',#7073,#3634);
#3051=LINE('',#7075,#3635);
#3052=LINE('',#7077,#3636);
#3053=LINE('',#7078,#3637);
#3054=LINE('',#7081,#3638);
#3055=LINE('',#7083,#3639);
#3056=LINE('',#7085,#3640);
#3057=LINE('',#7087,#3641);
#3058=LINE('',#7089,#3642);
#3059=LINE('',#7091,#3643);
#3060=LINE('',#7092,#3644);
#3061=LINE('',#7095,#3645);
#3062=LINE('',#7097,#3646);
#3063=LINE('',#7099,#3647);
#3064=LINE('',#7101,#3648);
#3065=LINE('',#7103,#3649);
#3066=LINE('',#7105,#3650);
#3067=LINE('',#7135,#3651);
#3068=LINE('',#7137,#3652);
#3069=LINE('',#7139,#3653);
#3070=LINE('',#7141,#3654);
#3071=LINE('',#7143,#3655);
#3072=LINE('',#7147,#3656);
#3073=LINE('',#7153,#3657);
#3074=LINE('',#7154,#3658);
#3075=LINE('',#7157,#3659);
#3076=LINE('',#7159,#3660);
#3077=LINE('',#7161,#3661);
#3078=LINE('',#7171,#3662);
#3079=LINE('',#7185,#3663);
#3080=LINE('',#7195,#3664);
#3081=LINE('',#7196,#3665);
#3082=LINE('',#7199,#3666);
#3083=LINE('',#7201,#3667);
#3084=LINE('',#7203,#3668);
#3085=LINE('',#7205,#3669);
#3086=LINE('',#7207,#3670);
#3087=LINE('',#7209,#3671);
#3088=LINE('',#7211,#3672);
#3089=LINE('',#7213,#3673);
#3090=LINE('',#7215,#3674);
#3091=LINE('',#7225,#3675);
#3092=LINE('',#7243,#3676);
#3093=LINE('',#7253,#3677);
#3094=LINE('',#7255,#3678);
#3095=LINE('',#7258,#3679);
#3096=LINE('',#7260,#3680);
#3097=LINE('',#7262,#3681);
#3098=LINE('',#7264,#3682);
#3099=LINE('',#7267,#3683);
#3100=LINE('',#7269,#3684);
#3101=LINE('',#7271,#3685);
#3102=LINE('',#7273,#3686);
#3103=LINE('',#7276,#3687);
#3104=LINE('',#7278,#3688);
#3105=LINE('',#7280,#3689);
#3106=LINE('',#7282,#3690);
#3107=LINE('',#7285,#3691);
#3108=LINE('',#7287,#3692);
#3109=LINE('',#7289,#3693);
#3110=LINE('',#7291,#3694);
#3111=LINE('',#7292,#3695);
#3112=LINE('',#7294,#3696);
#3113=LINE('',#7296,#3697);
#3114=LINE('',#7298,#3698);
#3115=LINE('',#7300,#3699);
#3116=LINE('',#7302,#3700);
#3117=LINE('',#7304,#3701);
#3118=LINE('',#7306,#3702);
#3119=LINE('',#7312,#3703);
#3120=LINE('',#7314,#3704);
#3121=LINE('',#7316,#3705);
#3122=LINE('',#7318,#3706);
#3123=LINE('',#7321,#3707);
#3124=LINE('',#7323,#3708);
#3125=LINE('',#7325,#3709);
#3126=LINE('',#7327,#3710);
#3127=LINE('',#7330,#3711);
#3128=LINE('',#7332,#3712);
#3129=LINE('',#7334,#3713);
#3130=LINE('',#7336,#3714);
#3131=LINE('',#7341,#3715);
#3132=LINE('',#7345,#3716);
#3133=LINE('',#7347,#3717);
#3134=LINE('',#7349,#3718);
#3135=LINE('',#7351,#3719);
#3136=LINE('',#7353,#3720);
#3137=LINE('',#7355,#3721);
#3138=LINE('',#7357,#3722);
#3139=LINE('',#7359,#3723);
#3140=LINE('',#7361,#3724);
#3141=LINE('',#7363,#3725);
#3142=LINE('',#7365,#3726);
#3143=LINE('',#7367,#3727);
#3144=LINE('',#7369,#3728);
#3145=LINE('',#7371,#3729);
#3146=LINE('',#7373,#3730);
#3147=LINE('',#7375,#3731);
#3148=LINE('',#7376,#3732);
#3149=LINE('',#7380,#3733);
#3150=LINE('',#7383,#3734);
#3151=LINE('',#7385,#3735);
#3152=LINE('',#7387,#3736);
#3153=LINE('',#7389,#3737);
#3154=LINE('',#7391,#3738);
#3155=LINE('',#7393,#3739);
#3156=LINE('',#7395,#3740);
#3157=LINE('',#7397,#3741);
#3158=LINE('',#7400,#3742);
#3159=LINE('',#7401,#3743);
#3160=LINE('',#7403,#3744);
#3161=LINE('',#7405,#3745);
#3162=LINE('',#7406,#3746);
#3163=LINE('',#7414,#3747);
#3164=LINE('',#7417,#3748);
#3165=LINE('',#7419,#3749);
#3166=LINE('',#7423,#3750);
#3167=LINE('',#7425,#3751);
#3168=LINE('',#7427,#3752);
#3169=LINE('',#7431,#3753);
#3170=LINE('',#7433,#3754);
#3171=LINE('',#7435,#3755);
#3172=LINE('',#7437,#3756);
#3173=LINE('',#7439,#3757);
#3174=LINE('',#7441,#3758);
#3175=LINE('',#7445,#3759);
#3176=LINE('',#7447,#3760);
#3177=LINE('',#7449,#3761);
#3178=LINE('',#7451,#3762);
#3179=LINE('',#7453,#3763);
#3180=LINE('',#7455,#3764);
#3181=LINE('',#7456,#3765);
#3182=LINE('',#7461,#3766);
#3183=LINE('',#7465,#3767);
#3184=LINE('',#7469,#3768);
#3185=LINE('',#7473,#3769);
#3186=LINE('',#7478,#3770);
#3187=LINE('',#7480,#3771);
#3188=LINE('',#7482,#3772);
#3189=LINE('',#7484,#3773);
#3190=LINE('',#7486,#3774);
#3191=LINE('',#7488,#3775);
#3192=LINE('',#7490,#3776);
#3193=LINE('',#7494,#3777);
#3194=LINE('',#7496,#3778);
#3195=LINE('',#7498,#3779);
#3196=LINE('',#7500,#3780);
#3197=LINE('',#7502,#3781);
#3198=LINE('',#7504,#3782);
#3199=LINE('',#7506,#3783);
#3200=LINE('',#7510,#3784);
#3201=LINE('',#7512,#3785);
#3202=LINE('',#7514,#3786);
#3203=LINE('',#7516,#3787);
#3204=LINE('',#7518,#3788);
#3205=LINE('',#7520,#3789);
#3206=LINE('',#7522,#3790);
#3207=LINE('',#7526,#3791);
#3208=LINE('',#7529,#3792);
#3209=LINE('',#7531,#3793);
#3210=LINE('',#7533,#3794);
#3211=LINE('',#7535,#3795);
#3212=LINE('',#7539,#3796);
#3213=LINE('',#7541,#3797);
#3214=LINE('',#7542,#3798);
#3215=LINE('',#7544,#3799);
#3216=LINE('',#7546,#3800);
#3217=LINE('',#7548,#3801);
#3218=LINE('',#7549,#3802);
#3219=LINE('',#7551,#3803);
#3220=LINE('',#7555,#3804);
#3221=LINE('',#7560,#3805);
#3222=LINE('',#7562,#3806);
#3223=LINE('',#7564,#3807);
#3224=LINE('',#7566,#3808);
#3225=LINE('',#7568,#3809);
#3226=LINE('',#7570,#3810);
#3227=LINE('',#7572,#3811);
#3228=LINE('',#7576,#3812);
#3229=LINE('',#7578,#3813);
#3230=LINE('',#7580,#3814);
#3231=LINE('',#7582,#3815);
#3232=LINE('',#7584,#3816);
#3233=LINE('',#7586,#3817);
#3234=LINE('',#7588,#3818);
#3235=LINE('',#7592,#3819);
#3236=LINE('',#7594,#3820);
#3237=LINE('',#7596,#3821);
#3238=LINE('',#7598,#3822);
#3239=LINE('',#7600,#3823);
#3240=LINE('',#7602,#3824);
#3241=LINE('',#7604,#3825);
#3242=LINE('',#7608,#3826);
#3243=LINE('',#7613,#3827);
#3244=LINE('',#7615,#3828);
#3245=LINE('',#7617,#3829);
#3246=LINE('',#7619,#3830);
#3247=LINE('',#7621,#3831);
#3248=LINE('',#7623,#3832);
#3249=LINE('',#7624,#3833);
#3250=LINE('',#7626,#3834);
#3251=LINE('',#7628,#3835);
#3252=LINE('',#7630,#3836);
#3253=LINE('',#7632,#3837);
#3254=LINE('',#7634,#3838);
#3255=LINE('',#7640,#3839);
#3256=LINE('',#7642,#3840);
#3257=LINE('',#7645,#3841);
#3258=LINE('',#7646,#3842);
#3259=LINE('',#7648,#3843);
#3260=LINE('',#7650,#3844);
#3261=LINE('',#7652,#3845);
#3262=LINE('',#7654,#3846);
#3263=LINE('',#7656,#3847);
#3264=LINE('',#7658,#3848);
#3265=LINE('',#7660,#3849);
#3266=LINE('',#7662,#3850);
#3267=LINE('',#7667,#3851);
#3268=LINE('',#7668,#3852);
#3269=LINE('',#7670,#3853);
#3270=LINE('',#7672,#3854);
#3271=LINE('',#7674,#3855);
#3272=LINE('',#7676,#3856);
#3273=LINE('',#7678,#3857);
#3274=LINE('',#7680,#3858);
#3275=LINE('',#7682,#3859);
#3276=LINE('',#7686,#3860);
#3277=LINE('',#7688,#3861);
#3278=LINE('',#7690,#3862);
#3279=LINE('',#7692,#3863);
#3280=LINE('',#7694,#3864);
#3281=LINE('',#7696,#3865);
#3282=LINE('',#7698,#3866);
#3283=LINE('',#7702,#3867);
#3284=LINE('',#7707,#3868);
#3285=LINE('',#7709,#3869);
#3286=LINE('',#7711,#3870);
#3287=LINE('',#7713,#3871);
#3288=LINE('',#7715,#3872);
#3289=LINE('',#7717,#3873);
#3290=LINE('',#7718,#3874);
#3291=LINE('',#7720,#3875);
#3292=LINE('',#7722,#3876);
#3293=LINE('',#7724,#3877);
#3294=LINE('',#7726,#3878);
#3295=LINE('',#7728,#3879);
#3296=LINE('',#7731,#3880);
#3297=LINE('',#7733,#3881);
#3298=LINE('',#7735,#3882);
#3299=LINE('',#7737,#3883);
#3300=LINE('',#7739,#3884);
#3301=LINE('',#7741,#3885);
#3302=LINE('',#7745,#3886);
#3303=LINE('',#7749,#3887);
#3304=LINE('',#7764,#3888);
#3305=LINE('',#7766,#3889);
#3306=LINE('',#7769,#3890);
#3307=LINE('',#7771,#3891);
#3308=LINE('',#7772,#3892);
#3309=LINE('',#7774,#3893);
#3310=LINE('',#7776,#3894);
#3311=LINE('',#7778,#3895);
#3312=LINE('',#7780,#3896);
#3313=LINE('',#7785,#3897);
#3314=LINE('',#7786,#3898);
#3315=LINE('',#7787,#3899);
#3316=LINE('',#7794,#3900);
#3317=LINE('',#7797,#3901);
#3318=LINE('',#7800,#3902);
#3319=LINE('',#7801,#3903);
#3320=LINE('',#7805,#3904);
#3321=LINE('',#7809,#3905);
#3322=LINE('',#7816,#3906);
#3323=LINE('',#7817,#3907);
#3324=LINE('',#7825,#3908);
#3325=LINE('',#7827,#3909);
#3326=LINE('',#7828,#3910);
#3327=LINE('',#7830,#3911);
#3328=LINE('',#7832,#3912);
#3329=LINE('',#7834,#3913);
#3330=LINE('',#7836,#3914);
#3331=LINE('',#7838,#3915);
#3332=LINE('',#7839,#3916);
#3333=LINE('',#7841,#3917);
#3334=LINE('',#7843,#3918);
#3335=LINE('',#7845,#3919);
#3336=LINE('',#7847,#3920);
#3337=LINE('',#7850,#3921);
#3338=LINE('',#7851,#3922);
#3339=LINE('',#7852,#3923);
#3340=LINE('',#7853,#3924);
#3341=LINE('',#7855,#3925);
#3342=LINE('',#7857,#3926);
#3343=LINE('',#7859,#3927);
#3344=LINE('',#7861,#3928);
#3345=LINE('',#7863,#3929);
#3346=LINE('',#7864,#3930);
#3347=LINE('',#7866,#3931);
#3348=LINE('',#7868,#3932);
#3349=LINE('',#7870,#3933);
#3350=LINE('',#7872,#3934);
#3351=LINE('',#7874,#3935);
#3352=LINE('',#7876,#3936);
#3353=LINE('',#7878,#3937);
#3354=LINE('',#7880,#3938);
#3355=LINE('',#7881,#3939);
#3356=LINE('',#7884,#3940);
#3357=LINE('',#7886,#3941);
#3358=LINE('',#7888,#3942);
#3359=LINE('',#7890,#3943);
#3360=LINE('',#7892,#3944);
#3361=LINE('',#7894,#3945);
#3362=LINE('',#7895,#3946);
#3363=LINE('',#7897,#3947);
#3364=LINE('',#7899,#3948);
#3365=LINE('',#7901,#3949);
#3366=LINE('',#7903,#3950);
#3367=LINE('',#7904,#3951);
#3368=LINE('',#7906,#3952);
#3369=LINE('',#7908,#3953);
#3370=LINE('',#7910,#3954);
#3371=LINE('',#7912,#3955);
#3372=LINE('',#7914,#3956);
#3373=LINE('',#7917,#3957);
#3374=LINE('',#7919,#3958);
#3375=LINE('',#7921,#3959);
#3376=LINE('',#7923,#3960);
#3377=LINE('',#7925,#3961);
#3378=LINE('',#7927,#3962);
#3379=LINE('',#7929,#3963);
#3380=LINE('',#7931,#3964);
#3381=LINE('',#7933,#3965);
#3382=LINE('',#7936,#3966);
#3383=LINE('',#7938,#3967);
#3384=LINE('',#7940,#3968);
#3385=LINE('',#7942,#3969);
#3386=LINE('',#7944,#3970);
#3387=LINE('',#7947,#3971);
#3388=LINE('',#7949,#3972);
#3389=LINE('',#7951,#3973);
#3390=LINE('',#7957,#3974);
#3391=LINE('',#7961,#3975);
#3392=LINE('',#7965,#3976);
#3393=LINE('',#7969,#3977);
#3394=LINE('',#7971,#3978);
#3395=LINE('',#7973,#3979);
#3396=LINE('',#7975,#3980);
#3397=LINE('',#7977,#3981);
#3398=LINE('',#7979,#3982);
#3399=LINE('',#7981,#3983);
#3400=LINE('',#7983,#3984);
#3401=LINE('',#7993,#3985);
#3402=LINE('',#7999,#3986);
#3403=LINE('',#8001,#3987);
#3404=LINE('',#8003,#3988);
#3405=LINE('',#8012,#3989);
#3406=LINE('',#8025,#3990);
#3407=LINE('',#8031,#3991);
#3408=LINE('',#8033,#3992);
#3409=LINE('',#8042,#3993);
#3410=LINE('',#8055,#3994);
#3411=LINE('',#8068,#3995);
#3412=LINE('',#8081,#3996);
#3413=LINE('',#8087,#3997);
#3414=LINE('',#8089,#3998);
#3415=LINE('',#8103,#3999);
#3416=LINE('',#8105,#4000);
#3417=LINE('',#8107,#4001);
#3418=LINE('',#8109,#4002);
#3419=LINE('',#8111,#4003);
#3420=LINE('',#8113,#4004);
#3421=LINE('',#8115,#4005);
#3422=LINE('',#8117,#4006);
#3423=LINE('',#8119,#4007);
#3424=LINE('',#8121,#4008);
#3425=LINE('',#8123,#4009);
#3426=LINE('',#8125,#4010);
#3427=LINE('',#8127,#4011);
#3428=LINE('',#8129,#4012);
#3429=LINE('',#8132,#4013);
#3430=LINE('',#8134,#4014);
#3431=LINE('',#8136,#4015);
#3432=LINE('',#8138,#4016);
#3433=LINE('',#8140,#4017);
#3434=LINE('',#8142,#4018);
#3435=LINE('',#8144,#4019);
#3436=LINE('',#8146,#4020);
#3437=LINE('',#8149,#4021);
#3438=LINE('',#8151,#4022);
#3439=LINE('',#8153,#4023);
#3440=LINE('',#8155,#4024);
#3441=LINE('',#8157,#4025);
#3442=LINE('',#8159,#4026);
#3443=LINE('',#8161,#4027);
#3444=LINE('',#8163,#4028);
#3445=LINE('',#8165,#4029);
#3446=LINE('',#8167,#4030);
#3447=LINE('',#8169,#4031);
#3448=LINE('',#8171,#4032);
#3449=LINE('',#8173,#4033);
#3450=LINE('',#8175,#4034);
#3451=LINE('',#8178,#4035);
#3452=LINE('',#8180,#4036);
#3453=LINE('',#8182,#4037);
#3454=LINE('',#8184,#4038);
#3455=LINE('',#8186,#4039);
#3456=LINE('',#8188,#4040);
#3457=LINE('',#8190,#4041);
#3458=LINE('',#8192,#4042);
#3459=LINE('',#8207,#4043);
#3460=LINE('',#8213,#4044);
#3461=LINE('',#8226,#4045);
#3462=LINE('',#8243,#4046);
#3463=LINE('',#8260,#4047);
#3464=LINE('',#8277,#4048);
#3465=LINE('',#8294,#4049);
#3466=LINE('',#8311,#4050);
#3467=LINE('',#8324,#4051);
#3468=LINE('',#8330,#4052);
#3469=LINE('',#8332,#4053);
#3470=LINE('',#8334,#4054);
#3471=LINE('',#8336,#4055);
#3472=LINE('',#8340,#4056);
#3473=LINE('',#8344,#4057);
#3474=LINE('',#8346,#4058);
#3475=LINE('',#8348,#4059);
#3476=LINE('',#8352,#4060);
#3477=LINE('',#8354,#4061);
#3478=LINE('',#8356,#4062);
#3479=LINE('',#8358,#4063);
#3480=LINE('',#8360,#4064);
#3481=LINE('',#8362,#4065);
#3482=LINE('',#8364,#4066);
#3483=LINE('',#8366,#4067);
#3484=LINE('',#8368,#4068);
#3485=LINE('',#8370,#4069);
#3486=LINE('',#8379,#4070);
#3487=LINE('',#8392,#4071);
#3488=LINE('',#8405,#4072);
#3489=LINE('',#8418,#4073);
#3490=LINE('',#8431,#4074);
#3491=LINE('',#8463,#4075);
#3492=LINE('',#8465,#4076);
#3493=LINE('',#8467,#4077);
#3494=LINE('',#8469,#4078);
#3495=LINE('',#8471,#4079);
#3496=LINE('',#8473,#4080);
#3497=LINE('',#8475,#4081);
#3498=LINE('',#8477,#4082);
#3499=LINE('',#8479,#4083);
#3500=LINE('',#8481,#4084);
#3501=LINE('',#8483,#4085);
#3502=LINE('',#8485,#4086);
#3503=LINE('',#8487,#4087);
#3504=LINE('',#8489,#4088);
#3505=LINE('',#8492,#4089);
#3506=LINE('',#8494,#4090);
#3507=LINE('',#8496,#4091);
#3508=LINE('',#8498,#4092);
#3509=LINE('',#8500,#4093);
#3510=LINE('',#8502,#4094);
#3511=LINE('',#8504,#4095);
#3512=LINE('',#8506,#4096);
#3513=LINE('',#8509,#4097);
#3514=LINE('',#8511,#4098);
#3515=LINE('',#8513,#4099);
#3516=LINE('',#8515,#4100);
#3517=LINE('',#8517,#4101);
#3518=LINE('',#8519,#4102);
#3519=LINE('',#8521,#4103);
#3520=LINE('',#8523,#4104);
#3521=LINE('',#8525,#4105);
#3522=LINE('',#8527,#4106);
#3523=LINE('',#8529,#4107);
#3524=LINE('',#8531,#4108);
#3525=LINE('',#8533,#4109);
#3526=LINE('',#8535,#4110);
#3527=LINE('',#8545,#4111);
#3528=LINE('',#8551,#4112);
#3529=LINE('',#8553,#4113);
#3530=LINE('',#8555,#4114);
#3531=LINE('',#8564,#4115);
#3532=LINE('',#8577,#4116);
#3533=LINE('',#8583,#4117);
#3534=LINE('',#8585,#4118);
#3535=LINE('',#8594,#4119);
#3536=LINE('',#8600,#4120);
#3537=LINE('',#8604,#4121);
#3538=LINE('',#8615,#4122);
#3539=LINE('',#8621,#4123);
#3540=LINE('',#8623,#4124);
#3541=LINE('',#8644,#4125);
#3542=LINE('',#8650,#4126);
#3543=LINE('',#8652,#4127);
#3544=LINE('',#8654,#4128);
#3545=LINE('',#8663,#4129);
#3546=LINE('',#8676,#4130);
#3547=LINE('',#8682,#4131);
#3548=LINE('',#8684,#4132);
#3549=LINE('',#8693,#4133);
#3550=LINE('',#8706,#4134);
#3551=LINE('',#8719,#4135);
#3552=LINE('',#8732,#4136);
#3553=LINE('',#8738,#4137);
#3554=LINE('',#8740,#4138);
#3555=LINE('',#8754,#4139);
#3556=LINE('',#8756,#4140);
#3557=LINE('',#8758,#4141);
#3558=LINE('',#8760,#4142);
#3559=LINE('',#8762,#4143);
#3560=LINE('',#8764,#4144);
#3561=LINE('',#8766,#4145);
#3562=LINE('',#8768,#4146);
#3563=LINE('',#8770,#4147);
#3564=LINE('',#8772,#4148);
#3565=LINE('',#8774,#4149);
#3566=LINE('',#8776,#4150);
#3567=LINE('',#8778,#4151);
#3568=LINE('',#8780,#4152);
#3569=LINE('',#8782,#4153);
#3570=LINE('',#8784,#4154);
#3571=LINE('',#8786,#4155);
#3572=LINE('',#8788,#4156);
#3573=LINE('',#8790,#4157);
#3574=LINE('',#8792,#4158);
#3575=LINE('',#8795,#4159);
#3576=LINE('',#8797,#4160);
#3577=LINE('',#8799,#4161);
#3578=LINE('',#8801,#4162);
#3579=LINE('',#8803,#4163);
#3580=LINE('',#8805,#4164);
#3581=LINE('',#8807,#4165);
#3582=LINE('',#8809,#4166);
#3583=LINE('',#8819,#4167);
#3584=LINE('',#8825,#4168);
#3585=LINE('',#8827,#4169);
#3586=LINE('',#8829,#4170);
#3587=LINE('',#8838,#4171);
#3588=LINE('',#8851,#4172);
#3589=LINE('',#8857,#4173);
#3590=LINE('',#8859,#4174);
#3591=LINE('',#8868,#4175);
#3592=LINE('',#8881,#4176);
#3593=LINE('',#8894,#4177);
#3594=LINE('',#8907,#4178);
#3595=LINE('',#8913,#4179);
#3596=LINE('',#8915,#4180);
#3597=VECTOR('',#5696,1.);
#3598=VECTOR('',#5697,1.);
#3599=VECTOR('',#5698,1.);
#3600=VECTOR('',#5699,1.);
#3601=VECTOR('',#5700,1.);
#3602=VECTOR('',#5701,1.);
#3603=VECTOR('',#5702,1.);
#3604=VECTOR('',#5703,1.);
#3605=VECTOR('',#5704,1.);
#3606=VECTOR('',#5705,1.);
#3607=VECTOR('',#5706,1.);
#3608=VECTOR('',#5707,1.);
#3609=VECTOR('',#5708,1.);
#3610=VECTOR('',#5709,1.);
#3611=VECTOR('',#5710,1.);
#3612=VECTOR('',#5711,1.);
#3613=VECTOR('',#5712,1.);
#3614=VECTOR('',#5713,1.);
#3615=VECTOR('',#5714,1.);
#3616=VECTOR('',#5715,1.);
#3617=VECTOR('',#5716,1.);
#3618=VECTOR('',#5717,1.);
#3619=VECTOR('',#5718,1.);
#3620=VECTOR('',#5719,1.);
#3621=VECTOR('',#5720,1.);
#3622=VECTOR('',#5721,1.);
#3623=VECTOR('',#5722,1.);
#3624=VECTOR('',#5723,1.);
#3625=VECTOR('',#5724,1.);
#3626=VECTOR('',#5725,1.);
#3627=VECTOR('',#5726,1.);
#3628=VECTOR('',#5727,1.);
#3629=VECTOR('',#5728,1.);
#3630=VECTOR('',#5731,1.);
#3631=VECTOR('',#5734,1.);
#3632=VECTOR('',#5737,1.);
#3633=VECTOR('',#5740,1.);
#3634=VECTOR('',#5741,1.);
#3635=VECTOR('',#5742,1.);
#3636=VECTOR('',#5743,1.);
#3637=VECTOR('',#5744,1.);
#3638=VECTOR('',#5745,1.);
#3639=VECTOR('',#5746,1.);
#3640=VECTOR('',#5747,1.);
#3641=VECTOR('',#5748,1.);
#3642=VECTOR('',#5749,1.);
#3643=VECTOR('',#5750,1.);
#3644=VECTOR('',#5751,1.);
#3645=VECTOR('',#5752,1.);
#3646=VECTOR('',#5753,1.);
#3647=VECTOR('',#5754,1.);
#3648=VECTOR('',#5755,1.);
#3649=VECTOR('',#5756,1.);
#3650=VECTOR('',#5757,1.);
#3651=VECTOR('',#5758,1.);
#3652=VECTOR('',#5759,1.);
#3653=VECTOR('',#5760,1.);
#3654=VECTOR('',#5761,1.);
#3655=VECTOR('',#5762,1.);
#3656=VECTOR('',#5765,1.);
#3657=VECTOR('',#5770,1.);
#3658=VECTOR('',#5771,1.);
#3659=VECTOR('',#5772,1.);
#3660=VECTOR('',#5773,1.);
#3661=VECTOR('',#5774,1.);
#3662=VECTOR('',#5775,1.);
#3663=VECTOR('',#5780,1.);
#3664=VECTOR('',#5781,1.);
#3665=VECTOR('',#5782,1.);
#3666=VECTOR('',#5783,1.);
#3667=VECTOR('',#5784,1.);
#3668=VECTOR('',#5785,1.);
#3669=VECTOR('',#5786,1.);
#3670=VECTOR('',#5787,1.);
#3671=VECTOR('',#5788,1.);
#3672=VECTOR('',#5789,1.);
#3673=VECTOR('',#5790,1.);
#3674=VECTOR('',#5791,1.);
#3675=VECTOR('',#5792,1.);
#3676=VECTOR('',#5793,1.);
#3677=VECTOR('',#5794,1.);
#3678=VECTOR('',#5797,1.);
#3679=VECTOR('',#5798,1.);
#3680=VECTOR('',#5799,1.);
#3681=VECTOR('',#5800,1.);
#3682=VECTOR('',#5803,1.);
#3683=VECTOR('',#5804,1.);
#3684=VECTOR('',#5805,1.);
#3685=VECTOR('',#5806,1.);
#3686=VECTOR('',#5809,1.);
#3687=VECTOR('',#5810,1.);
#3688=VECTOR('',#5811,1.);
#3689=VECTOR('',#5812,1.);
#3690=VECTOR('',#5815,1.);
#3691=VECTOR('',#5816,1.);
#3692=VECTOR('',#5817,1.);
#3693=VECTOR('',#5818,1.);
#3694=VECTOR('',#5819,1.);
#3695=VECTOR('',#5820,1.);
#3696=VECTOR('',#5821,1.);
#3697=VECTOR('',#5822,1.);
#3698=VECTOR('',#5823,1.);
#3699=VECTOR('',#5824,1.);
#3700=VECTOR('',#5825,1.);
#3701=VECTOR('',#5828,1.);
#3702=VECTOR('',#5829,1.);
#3703=VECTOR('',#5836,1.);
#3704=VECTOR('',#5837,1.);
#3705=VECTOR('',#5838,1.);
#3706=VECTOR('',#5841,1.);
#3707=VECTOR('',#5842,1.);
#3708=VECTOR('',#5843,1.);
#3709=VECTOR('',#5844,1.);
#3710=VECTOR('',#5847,1.);
#3711=VECTOR('',#5848,1.);
#3712=VECTOR('',#5849,1.);
#3713=VECTOR('',#5850,1.);
#3714=VECTOR('',#5853,1.);
#3715=VECTOR('',#5856,1.);
#3716=VECTOR('',#5861,1.);
#3717=VECTOR('',#5862,1.);
#3718=VECTOR('',#5863,1.);
#3719=VECTOR('',#5866,1.);
#3720=VECTOR('',#5867,1.);
#3721=VECTOR('',#5868,1.);
#3722=VECTOR('',#5871,1.);
#3723=VECTOR('',#5872,1.);
#3724=VECTOR('',#5873,1.);
#3725=VECTOR('',#5876,1.);
#3726=VECTOR('',#5877,1.);
#3727=VECTOR('',#5878,1.);
#3728=VECTOR('',#5881,1.);
#3729=VECTOR('',#5882,1.);
#3730=VECTOR('',#5883,1.);
#3731=VECTOR('',#5886,1.);
#3732=VECTOR('',#5887,1.);
#3733=VECTOR('',#5892,1.);
#3734=VECTOR('',#5895,1.);
#3735=VECTOR('',#5896,1.);
#3736=VECTOR('',#5897,1.);
#3737=VECTOR('',#5900,1.);
#3738=VECTOR('',#5901,1.);
#3739=VECTOR('',#5902,1.);
#3740=VECTOR('',#5905,1.);
#3741=VECTOR('',#5908,1.);
#3742=VECTOR('',#5909,1.);
#3743=VECTOR('',#5910,1.);
#3744=VECTOR('',#5913,1.);
#3745=VECTOR('',#5916,1.);
#3746=VECTOR('',#5917,1.);
#3747=VECTOR('',#5932,1.);
#3748=VECTOR('',#5933,1.);
#3749=VECTOR('',#5934,1.);
#3750=VECTOR('',#5937,1.);
#3751=VECTOR('',#5938,1.);
#3752=VECTOR('',#5939,1.);
#3753=VECTOR('',#5942,1.);
#3754=VECTOR('',#5943,1.);
#3755=VECTOR('',#5944,1.);
#3756=VECTOR('',#5945,1.);
#3757=VECTOR('',#5946,1.);
#3758=VECTOR('',#5947,1.);
#3759=VECTOR('',#5950,1.);
#3760=VECTOR('',#5951,1.);
#3761=VECTOR('',#5952,1.);
#3762=VECTOR('',#5953,1.);
#3763=VECTOR('',#5954,1.);
#3764=VECTOR('',#5955,1.);
#3765=VECTOR('',#5956,1.);
#3766=VECTOR('',#5959,1.);
#3767=VECTOR('',#5962,1.);
#3768=VECTOR('',#5965,1.);
#3769=VECTOR('',#5970,1.);
#3770=VECTOR('',#5975,1.);
#3771=VECTOR('',#5976,1.);
#3772=VECTOR('',#5977,1.);
#3773=VECTOR('',#5978,1.);
#3774=VECTOR('',#5979,1.);
#3775=VECTOR('',#5980,1.);
#3776=VECTOR('',#5981,1.);
#3777=VECTOR('',#5988,1.);
#3778=VECTOR('',#5989,1.);
#3779=VECTOR('',#5990,1.);
#3780=VECTOR('',#5993,1.);
#3781=VECTOR('',#5994,1.);
#3782=VECTOR('',#5997,1.);
#3783=VECTOR('',#5998,1.);
#3784=VECTOR('',#6003,1.);
#3785=VECTOR('',#6006,1.);
#3786=VECTOR('',#6007,1.);
#3787=VECTOR('',#6010,1.);
#3788=VECTOR('',#6011,1.);
#3789=VECTOR('',#6014,1.);
#3790=VECTOR('',#6015,1.);
#3791=VECTOR('',#6022,1.);
#3792=VECTOR('',#6023,1.);
#3793=VECTOR('',#6024,1.);
#3794=VECTOR('',#6025,1.);
#3795=VECTOR('',#6026,1.);
#3796=VECTOR('',#6029,1.);
#3797=VECTOR('',#6032,1.);
#3798=VECTOR('',#6033,1.);
#3799=VECTOR('',#6036,1.);
#3800=VECTOR('',#6039,1.);
#3801=VECTOR('',#6042,1.);
#3802=VECTOR('',#6043,1.);
#3803=VECTOR('',#6046,1.);
#3804=VECTOR('',#6053,1.);
#3805=VECTOR('',#6058,1.);
#3806=VECTOR('',#6059,1.);
#3807=VECTOR('',#6060,1.);
#3808=VECTOR('',#6061,1.);
#3809=VECTOR('',#6062,1.);
#3810=VECTOR('',#6063,1.);
#3811=VECTOR('',#6064,1.);
#3812=VECTOR('',#6071,1.);
#3813=VECTOR('',#6072,1.);
#3814=VECTOR('',#6073,1.);
#3815=VECTOR('',#6076,1.);
#3816=VECTOR('',#6077,1.);
#3817=VECTOR('',#6080,1.);
#3818=VECTOR('',#6081,1.);
#3819=VECTOR('',#6086,1.);
#3820=VECTOR('',#6089,1.);
#3821=VECTOR('',#6090,1.);
#3822=VECTOR('',#6093,1.);
#3823=VECTOR('',#6094,1.);
#3824=VECTOR('',#6097,1.);
#3825=VECTOR('',#6098,1.);
#3826=VECTOR('',#6105,1.);
#3827=VECTOR('',#6108,1.);
#3828=VECTOR('',#6109,1.);
#3829=VECTOR('',#6110,1.);
#3830=VECTOR('',#6111,1.);
#3831=VECTOR('',#6112,1.);
#3832=VECTOR('',#6115,1.);
#3833=VECTOR('',#6116,1.);
#3834=VECTOR('',#6119,1.);
#3835=VECTOR('',#6122,1.);
#3836=VECTOR('',#6125,1.);
#3837=VECTOR('',#6128,1.);
#3838=VECTOR('',#6131,1.);
#3839=VECTOR('',#6138,1.);
#3840=VECTOR('',#6141,1.);
#3841=VECTOR('',#6142,1.);
#3842=VECTOR('',#6143,1.);
#3843=VECTOR('',#6146,1.);
#3844=VECTOR('',#6147,1.);
#3845=VECTOR('',#6148,1.);
#3846=VECTOR('',#6149,1.);
#3847=VECTOR('',#6150,1.);
#3848=VECTOR('',#6151,1.);
#3849=VECTOR('',#6152,1.);
#3850=VECTOR('',#6155,1.);
#3851=VECTOR('',#6160,1.);
#3852=VECTOR('',#6161,1.);
#3853=VECTOR('',#6164,1.);
#3854=VECTOR('',#6165,1.);
#3855=VECTOR('',#6166,1.);
#3856=VECTOR('',#6169,1.);
#3857=VECTOR('',#6170,1.);
#3858=VECTOR('',#6173,1.);
#3859=VECTOR('',#6174,1.);
#3860=VECTOR('',#6179,1.);
#3861=VECTOR('',#6182,1.);
#3862=VECTOR('',#6183,1.);
#3863=VECTOR('',#6186,1.);
#3864=VECTOR('',#6187,1.);
#3865=VECTOR('',#6190,1.);
#3866=VECTOR('',#6191,1.);
#3867=VECTOR('',#6198,1.);
#3868=VECTOR('',#6201,1.);
#3869=VECTOR('',#6202,1.);
#3870=VECTOR('',#6203,1.);
#3871=VECTOR('',#6204,1.);
#3872=VECTOR('',#6205,1.);
#3873=VECTOR('',#6208,1.);
#3874=VECTOR('',#6209,1.);
#3875=VECTOR('',#6212,1.);
#3876=VECTOR('',#6215,1.);
#3877=VECTOR('',#6218,1.);
#3878=VECTOR('',#6221,1.);
#3879=VECTOR('',#6224,1.);
#3880=VECTOR('',#6229,1.);
#3881=VECTOR('',#6230,1.);
#3882=VECTOR('',#6231,1.);
#3883=VECTOR('',#6234,1.);
#3884=VECTOR('',#6235,1.);
#3885=VECTOR('',#6236,1.);
#3886=VECTOR('',#6241,1.);
#3887=VECTOR('',#6244,1.);
#3888=VECTOR('',#6261,1.);
#3889=VECTOR('',#6264,1.);
#3890=VECTOR('',#6265,1.);
#3891=VECTOR('',#6266,1.);
#3892=VECTOR('',#6267,1.);
#3893=VECTOR('',#6268,1.);
#3894=VECTOR('',#6269,1.);
#3895=VECTOR('',#6270,1.);
#3896=VECTOR('',#6273,1.);
#3897=VECTOR('',#6276,1.);
#3898=VECTOR('',#6277,1.);
#3899=VECTOR('',#6278,1.);
#3900=VECTOR('',#6287,1.);
#3901=VECTOR('',#6288,1.);
#3902=VECTOR('',#6291,1.);
#3903=VECTOR('',#6292,1.);
#3904=VECTOR('',#6297,1.);
#3905=VECTOR('',#6300,1.);
#3906=VECTOR('',#6309,1.);
#3907=VECTOR('',#6310,1.);
#3908=VECTOR('',#6319,1.);
#3909=VECTOR('',#6322,1.);
#3910=VECTOR('',#6323,1.);
#3911=VECTOR('',#6326,1.);
#3912=VECTOR('',#6329,1.);
#3913=VECTOR('',#6332,1.);
#3914=VECTOR('',#6333,1.);
#3915=VECTOR('',#6334,1.);
#3916=VECTOR('',#6335,1.);
#3917=VECTOR('',#6338,1.);
#3918=VECTOR('',#6341,1.);
#3919=VECTOR('',#6344,1.);
#3920=VECTOR('',#6347,1.);
#3921=VECTOR('',#6348,1.);
#3922=VECTOR('',#6349,1.);
#3923=VECTOR('',#6350,1.);
#3924=VECTOR('',#6351,1.);
#3925=VECTOR('',#6354,1.);
#3926=VECTOR('',#6355,1.);
#3927=VECTOR('',#6356,1.);
#3928=VECTOR('',#6359,1.);
#3929=VECTOR('',#6360,1.);
#3930=VECTOR('',#6361,1.);
#3931=VECTOR('',#6362,1.);
#3932=VECTOR('',#6363,1.);
#3933=VECTOR('',#6366,1.);
#3934=VECTOR('',#6367,1.);
#3935=VECTOR('',#6370,1.);
#3936=VECTOR('',#6371,1.);
#3937=VECTOR('',#6372,1.);
#3938=VECTOR('',#6373,1.);
#3939=VECTOR('',#6374,1.);
#3940=VECTOR('',#6379,1.);
#3941=VECTOR('',#6380,1.);
#3942=VECTOR('',#6381,1.);
#3943=VECTOR('',#6382,1.);
#3944=VECTOR('',#6383,1.);
#3945=VECTOR('',#6384,1.);
#3946=VECTOR('',#6385,1.);
#3947=VECTOR('',#6388,1.);
#3948=VECTOR('',#6389,1.);
#3949=VECTOR('',#6392,1.);
#3950=VECTOR('',#6393,1.);
#3951=VECTOR('',#6394,1.);
#3952=VECTOR('',#6395,1.);
#3953=VECTOR('',#6396,1.);
#3954=VECTOR('',#6397,1.);
#3955=VECTOR('',#6398,1.);
#3956=VECTOR('',#6401,1.);
#3957=VECTOR('',#6406,1.);
#3958=VECTOR('',#6409,1.);
#3959=VECTOR('',#6412,1.);
#3960=VECTOR('',#6415,1.);
#3961=VECTOR('',#6416,1.);
#3962=VECTOR('',#6417,1.);
#3963=VECTOR('',#6420,1.);
#3964=VECTOR('',#6421,1.);
#3965=VECTOR('',#6424,1.);
#3966=VECTOR('',#6429,1.);
#3967=VECTOR('',#6432,1.);
#3968=VECTOR('',#6435,1.);
#3969=VECTOR('',#6436,1.);
#3970=VECTOR('',#6439,1.);
#3971=VECTOR('',#6444,1.);
#3972=VECTOR('',#6445,1.);
#3973=VECTOR('',#6446,1.);
#3974=VECTOR('',#6453,1.);
#3975=VECTOR('',#6458,1.);
#3976=VECTOR('',#6463,1.);
#3977=VECTOR('',#6470,1.);
#3978=VECTOR('',#6471,1.);
#3979=VECTOR('',#6472,1.);
#3980=VECTOR('',#6475,1.);
#3981=VECTOR('',#6476,1.);
#3982=VECTOR('',#6479,1.);
#3983=VECTOR('',#6480,1.);
#3984=VECTOR('',#6483,1.);
#3985=VECTOR('',#6486,1.);
#3986=VECTOR('',#6487,1.);
#3987=VECTOR('',#6490,1.);
#3988=VECTOR('',#6491,1.);
#3989=VECTOR('',#6492,1.);
#3990=VECTOR('',#6493,1.);
#3991=VECTOR('',#6496,1.);
#3992=VECTOR('',#6497,1.);
#3993=VECTOR('',#6498,1.);
#3994=VECTOR('',#6499,1.);
#3995=VECTOR('',#6500,1.);
#3996=VECTOR('',#6501,1.);
#3997=VECTOR('',#6504,1.);
#3998=VECTOR('',#6505,1.);
#3999=VECTOR('',#6510,1.);
#4000=VECTOR('',#6511,1.);
#4001=VECTOR('',#6512,1.);
#4002=VECTOR('',#6515,1.);
#4003=VECTOR('',#6516,1.);
#4004=VECTOR('',#6519,1.);
#4005=VECTOR('',#6520,1.);
#4006=VECTOR('',#6523,1.);
#4007=VECTOR('',#6524,1.);
#4008=VECTOR('',#6527,1.);
#4009=VECTOR('',#6528,1.);
#4010=VECTOR('',#6531,1.);
#4011=VECTOR('',#6532,1.);
#4012=VECTOR('',#6535,1.);
#4013=VECTOR('',#6540,1.);
#4014=VECTOR('',#6541,1.);
#4015=VECTOR('',#6542,1.);
#4016=VECTOR('',#6545,1.);
#4017=VECTOR('',#6546,1.);
#4018=VECTOR('',#6549,1.);
#4019=VECTOR('',#6550,1.);
#4020=VECTOR('',#6553,1.);
#4021=VECTOR('',#6558,1.);
#4022=VECTOR('',#6559,1.);
#4023=VECTOR('',#6560,1.);
#4024=VECTOR('',#6563,1.);
#4025=VECTOR('',#6564,1.);
#4026=VECTOR('',#6567,1.);
#4027=VECTOR('',#6568,1.);
#4028=VECTOR('',#6571,1.);
#4029=VECTOR('',#6572,1.);
#4030=VECTOR('',#6575,1.);
#4031=VECTOR('',#6576,1.);
#4032=VECTOR('',#6579,1.);
#4033=VECTOR('',#6580,1.);
#4034=VECTOR('',#6583,1.);
#4035=VECTOR('',#6588,1.);
#4036=VECTOR('',#6589,1.);
#4037=VECTOR('',#6590,1.);
#4038=VECTOR('',#6593,1.);
#4039=VECTOR('',#6594,1.);
#4040=VECTOR('',#6597,1.);
#4041=VECTOR('',#6598,1.);
#4042=VECTOR('',#6601,1.);
#4043=VECTOR('',#6604,1.);
#4044=VECTOR('',#6605,1.);
#4045=VECTOR('',#6606,1.);
#4046=VECTOR('',#6607,1.);
#4047=VECTOR('',#6608,1.);
#4048=VECTOR('',#6609,1.);
#4049=VECTOR('',#6610,1.);
#4050=VECTOR('',#6611,1.);
#4051=VECTOR('',#6612,1.);
#4052=VECTOR('',#6613,1.);
#4053=VECTOR('',#6616,1.);
#4054=VECTOR('',#6617,1.);
#4055=VECTOR('',#6620,1.);
#4056=VECTOR('',#6625,1.);
#4057=VECTOR('',#6630,1.);
#4058=VECTOR('',#6631,1.);
#4059=VECTOR('',#6634,1.);
#4060=VECTOR('',#6639,1.);
#4061=VECTOR('',#6640,1.);
#4062=VECTOR('',#6643,1.);
#4063=VECTOR('',#6644,1.);
#4064=VECTOR('',#6647,1.);
#4065=VECTOR('',#6648,1.);
#4066=VECTOR('',#6651,1.);
#4067=VECTOR('',#6652,1.);
#4068=VECTOR('',#6655,1.);
#4069=VECTOR('',#6656,1.);
#4070=VECTOR('',#6657,1.);
#4071=VECTOR('',#6658,1.);
#4072=VECTOR('',#6659,1.);
#4073=VECTOR('',#6660,1.);
#4074=VECTOR('',#6661,1.);
#4075=VECTOR('',#6666,1.);
#4076=VECTOR('',#6667,1.);
#4077=VECTOR('',#6668,1.);
#4078=VECTOR('',#6671,1.);
#4079=VECTOR('',#6672,1.);
#4080=VECTOR('',#6675,1.);
#4081=VECTOR('',#6676,1.);
#4082=VECTOR('',#6679,1.);
#4083=VECTOR('',#6680,1.);
#4084=VECTOR('',#6683,1.);
#4085=VECTOR('',#6684,1.);
#4086=VECTOR('',#6687,1.);
#4087=VECTOR('',#6688,1.);
#4088=VECTOR('',#6691,1.);
#4089=VECTOR('',#6696,1.);
#4090=VECTOR('',#6697,1.);
#4091=VECTOR('',#6698,1.);
#4092=VECTOR('',#6701,1.);
#4093=VECTOR('',#6702,1.);
#4094=VECTOR('',#6705,1.);
#4095=VECTOR('',#6706,1.);
#4096=VECTOR('',#6709,1.);
#4097=VECTOR('',#6714,1.);
#4098=VECTOR('',#6715,1.);
#4099=VECTOR('',#6716,1.);
#4100=VECTOR('',#6719,1.);
#4101=VECTOR('',#6720,1.);
#4102=VECTOR('',#6723,1.);
#4103=VECTOR('',#6724,1.);
#4104=VECTOR('',#6727,1.);
#4105=VECTOR('',#6728,1.);
#4106=VECTOR('',#6731,1.);
#4107=VECTOR('',#6732,1.);
#4108=VECTOR('',#6735,1.);
#4109=VECTOR('',#6736,1.);
#4110=VECTOR('',#6739,1.);
#4111=VECTOR('',#6742,1.);
#4112=VECTOR('',#6743,1.);
#4113=VECTOR('',#6746,1.);
#4114=VECTOR('',#6747,1.);
#4115=VECTOR('',#6748,1.);
#4116=VECTOR('',#6749,1.);
#4117=VECTOR('',#6752,1.);
#4118=VECTOR('',#6753,1.);
#4119=VECTOR('',#6754,1.);
#4120=VECTOR('',#6757,1.);
#4121=VECTOR('',#6762,1.);
#4122=VECTOR('',#6765,1.);
#4123=VECTOR('',#6768,1.);
#4124=VECTOR('',#6769,1.);
#4125=VECTOR('',#6772,1.);
#4126=VECTOR('',#6773,1.);
#4127=VECTOR('',#6776,1.);
#4128=VECTOR('',#6777,1.);
#4129=VECTOR('',#6778,1.);
#4130=VECTOR('',#6779,1.);
#4131=VECTOR('',#6782,1.);
#4132=VECTOR('',#6783,1.);
#4133=VECTOR('',#6784,1.);
#4134=VECTOR('',#6785,1.);
#4135=VECTOR('',#6786,1.);
#4136=VECTOR('',#6787,1.);
#4137=VECTOR('',#6790,1.);
#4138=VECTOR('',#6791,1.);
#4139=VECTOR('',#6796,1.);
#4140=VECTOR('',#6797,1.);
#4141=VECTOR('',#6798,1.);
#4142=VECTOR('',#6801,1.);
#4143=VECTOR('',#6802,1.);
#4144=VECTOR('',#6805,1.);
#4145=VECTOR('',#6806,1.);
#4146=VECTOR('',#6809,1.);
#4147=VECTOR('',#6810,1.);
#4148=VECTOR('',#6813,1.);
#4149=VECTOR('',#6814,1.);
#4150=VECTOR('',#6817,1.);
#4151=VECTOR('',#6818,1.);
#4152=VECTOR('',#6821,1.);
#4153=VECTOR('',#6822,1.);
#4154=VECTOR('',#6825,1.);
#4155=VECTOR('',#6826,1.);
#4156=VECTOR('',#6829,1.);
#4157=VECTOR('',#6830,1.);
#4158=VECTOR('',#6833,1.);
#4159=VECTOR('',#6838,1.);
#4160=VECTOR('',#6839,1.);
#4161=VECTOR('',#6840,1.);
#4162=VECTOR('',#6843,1.);
#4163=VECTOR('',#6844,1.);
#4164=VECTOR('',#6847,1.);
#4165=VECTOR('',#6848,1.);
#4166=VECTOR('',#6851,1.);
#4167=VECTOR('',#6854,1.);
#4168=VECTOR('',#6855,1.);
#4169=VECTOR('',#6858,1.);
#4170=VECTOR('',#6859,1.);
#4171=VECTOR('',#6860,1.);
#4172=VECTOR('',#6861,1.);
#4173=VECTOR('',#6864,1.);
#4174=VECTOR('',#6865,1.);
#4175=VECTOR('',#6866,1.);
#4176=VECTOR('',#6867,1.);
#4177=VECTOR('',#6868,1.);
#4178=VECTOR('',#6869,1.);
#4179=VECTOR('',#6872,1.);
#4180=VECTOR('',#6873,1.);
#4181=EDGE_LOOP('',(#260,#261,#262,#263));
#4182=EDGE_LOOP('',(#264,#265,#266,#267,#268,#269,#270,#271,#272,#273,#274));
#4183=EDGE_LOOP('',(#275,#276,#277,#278,#279,#280,#281));
#4184=EDGE_LOOP('',(#282,#283,#284,#285,#286,#287,#288));
#4185=EDGE_LOOP('',(#289,#290,#291,#292));
#4186=EDGE_LOOP('',(#293,#294,#295,#296));
#4187=EDGE_LOOP('',(#297,#298,#299,#300,#301,#302,#303,#304,#305,#306,#307));
#4188=EDGE_LOOP('',(#308,#309,#310,#311,#312,#313,#314,#315));
#4189=EDGE_LOOP('',(#316,#317,#318,#319));
#4190=EDGE_LOOP('',(#320,#321,#322,#323,#324,#325,#326));
#4191=EDGE_LOOP('',(#327,#328,#329,#330,#331,#332,#333));
#4192=EDGE_LOOP('',(#334,#335,#336,#337,#338,#339,#340,#341,#342,#343,#344,
#345,#346,#347,#348,#349,#350));
#4193=EDGE_LOOP('',(#351,#352,#353,#354));
#4194=EDGE_LOOP('',(#355,#356,#357,#358,#359,#360,#361,#362,#363,#364,#365));
#4195=EDGE_LOOP('',(#366,#367,#368,#369,#370,#371,#372,#373,#374,#375));
#4196=EDGE_LOOP('',(#376,#377,#378,#379,#380,#381,#382,#383,#384,#385,#386));
#4197=EDGE_LOOP('',(#387,#388,#389,#390));
#4198=EDGE_LOOP('',(#391,#392,#393,#394));
#4199=EDGE_LOOP('',(#395,#396,#397,#398));
#4200=EDGE_LOOP('',(#399,#400,#401,#402,#403,#404,#405,#406,#407,#408,#409,
#410));
#4201=EDGE_LOOP('',(#411,#412,#413,#414,#415));
#4202=EDGE_LOOP('',(#416,#417,#418,#419));
#4203=EDGE_LOOP('',(#420,#421,#422,#423));
#4204=EDGE_LOOP('',(#424,#425,#426,#427));
#4205=EDGE_LOOP('',(#428,#429,#430,#431));
#4206=EDGE_LOOP('',(#432,#433,#434,#435));
#4207=EDGE_LOOP('',(#436,#437,#438,#439));
#4208=EDGE_LOOP('',(#440,#441,#442,#443));
#4209=EDGE_LOOP('',(#444,#445,#446,#447));
#4210=EDGE_LOOP('',(#448,#449,#450,#451));
#4211=EDGE_LOOP('',(#452,#453,#454,#455));
#4212=EDGE_LOOP('',(#456,#457,#458,#459,#460,#461,#462,#463));
#4213=EDGE_LOOP('',(#464,#465,#466,#467,#468,#469,#470));
#4214=EDGE_LOOP('',(#471,#472,#473,#474));
#4215=EDGE_LOOP('',(#475,#476,#477,#478));
#4216=EDGE_LOOP('',(#479,#480,#481,#482));
#4217=EDGE_LOOP('',(#483,#484,#485,#486));
#4218=EDGE_LOOP('',(#487,#488,#489,#490,#491,#492,#493,#494));
#4219=EDGE_LOOP('',(#495,#496,#497,#498));
#4220=EDGE_LOOP('',(#499,#500));
#4221=EDGE_LOOP('',(#501,#502,#503,#504));
#4222=EDGE_LOOP('',(#505,#506));
#4223=EDGE_LOOP('',(#507,#508,#509,#510,#511,#512,#513));
#4224=EDGE_LOOP('',(#514,#515,#516,#517,#518,#519,#520));
#4225=EDGE_LOOP('',(#521,#522,#523,#524,#525,#526,#527));
#4226=EDGE_LOOP('',(#528,#529,#530,#531,#532,#533,#534));
#4227=EDGE_LOOP('',(#535,#536,#537,#538,#539,#540,#541,#542));
#4228=EDGE_LOOP('',(#543,#544));
#4229=EDGE_LOOP('',(#545,#546,#547,#548,#549,#550,#551,#552));
#4230=EDGE_LOOP('',(#553,#554));
#4231=EDGE_LOOP('',(#555,#556,#557,#558));
#4232=EDGE_LOOP('',(#559,#560,#561,#562));
#4233=EDGE_LOOP('',(#563,#564,#565,#566));
#4234=EDGE_LOOP('',(#567,#568,#569,#570));
#4235=EDGE_LOOP('',(#571,#572,#573,#574));
#4236=EDGE_LOOP('',(#575,#576,#577,#578));
#4237=EDGE_LOOP('',(#579,#580,#581,#582));
#4238=EDGE_LOOP('',(#583,#584,#585,#586));
#4239=EDGE_LOOP('',(#587,#588,#589,#590,#591,#592,#593,#594));
#4240=EDGE_LOOP('',(#595,#596,#597,#598,#599,#600,#601));
#4241=EDGE_LOOP('',(#602,#603,#604,#605));
#4242=EDGE_LOOP('',(#606,#607,#608,#609));
#4243=EDGE_LOOP('',(#610,#611,#612,#613));
#4244=EDGE_LOOP('',(#614,#615,#616,#617));
#4245=EDGE_LOOP('',(#618,#619,#620,#621));
#4246=EDGE_LOOP('',(#622,#623,#624,#625));
#4247=EDGE_LOOP('',(#626,#627,#628,#629));
#4248=EDGE_LOOP('',(#630,#631));
#4249=EDGE_LOOP('',(#632,#633,#634,#635,#636,#637,#638,#639));
#4250=EDGE_LOOP('',(#640,#641));
#4251=EDGE_LOOP('',(#642,#643,#644,#645));
#4252=EDGE_LOOP('',(#646,#647,#648,#649));
#4253=EDGE_LOOP('',(#650,#651,#652,#653));
#4254=EDGE_LOOP('',(#654,#655,#656,#657));
#4255=EDGE_LOOP('',(#658,#659,#660,#661));
#4256=EDGE_LOOP('',(#662,#663,#664,#665));
#4257=EDGE_LOOP('',(#666,#667,#668,#669));
#4258=EDGE_LOOP('',(#670,#671,#672,#673));
#4259=EDGE_LOOP('',(#674,#675,#676,#677,#678,#679,#680,#681));
#4260=EDGE_LOOP('',(#682,#683,#684,#685,#686,#687,#688));
#4261=EDGE_LOOP('',(#689,#690,#691,#692));
#4262=EDGE_LOOP('',(#693,#694,#695,#696));
#4263=EDGE_LOOP('',(#697,#698,#699,#700));
#4264=EDGE_LOOP('',(#701,#702,#703,#704));
#4265=EDGE_LOOP('',(#705,#706,#707,#708));
#4266=EDGE_LOOP('',(#709,#710,#711,#712));
#4267=EDGE_LOOP('',(#713,#714,#715,#716));
#4268=EDGE_LOOP('',(#717,#718));
#4269=EDGE_LOOP('',(#719,#720,#721,#722));
#4270=EDGE_LOOP('',(#723,#724,#725,#726,#727,#728,#729,#730));
#4271=EDGE_LOOP('',(#731,#732));
#4272=EDGE_LOOP('',(#733,#734,#735,#736));
#4273=EDGE_LOOP('',(#737,#738,#739,#740));
#4274=EDGE_LOOP('',(#741,#742,#743,#744));
#4275=EDGE_LOOP('',(#745,#746,#747,#748));
#4276=EDGE_LOOP('',(#749,#750,#751,#752,#753,#754));
#4277=EDGE_LOOP('',(#755,#756,#757,#758));
#4278=EDGE_LOOP('',(#759,#760,#761,#762));
#4279=EDGE_LOOP('',(#763,#764,#765,#766));
#4280=EDGE_LOOP('',(#767,#768,#769,#770,#771,#772));
#4281=EDGE_LOOP('',(#773,#774,#775,#776,#777,#778,#779,#780));
#4282=EDGE_LOOP('',(#781,#782,#783,#784,#785,#786,#787));
#4283=EDGE_LOOP('',(#788,#789,#790,#791));
#4284=EDGE_LOOP('',(#792,#793,#794,#795));
#4285=EDGE_LOOP('',(#796,#797,#798,#799));
#4286=EDGE_LOOP('',(#800,#801,#802,#803));
#4287=EDGE_LOOP('',(#804,#805,#806,#807));
#4288=EDGE_LOOP('',(#808,#809,#810,#811));
#4289=EDGE_LOOP('',(#812,#813,#814,#815));
#4290=EDGE_LOOP('',(#816,#817,#818,#819));
#4291=EDGE_LOOP('',(#820,#821,#822,#823));
#4292=EDGE_LOOP('',(#824,#825,#826,#827,#828,#829,#830,#831));
#4293=EDGE_LOOP('',(#832,#833));
#4294=EDGE_LOOP('',(#834,#835,#836,#837,#838,#839));
#4295=EDGE_LOOP('',(#840,#841,#842,#843,#844,#845,#846,#847));
#4296=EDGE_LOOP('',(#848,#849,#850,#851,#852,#853,#854,#855,#856,#857));
#4297=EDGE_LOOP('',(#858,#859));
#4298=EDGE_LOOP('',(#860,#861,#862,#863,#864,#865,#866,#867,#868,#869));
#4299=EDGE_LOOP('',(#870,#871,#872,#873,#874));
#4300=EDGE_LOOP('',(#875,#876));
#4301=EDGE_LOOP('',(#877,#878,#879,#880,#881,#882,#883,#884));
#4302=EDGE_LOOP('',(#885,#886,#887,#888,#889,#890));
#4303=EDGE_LOOP('',(#891,#892,#893,#894,#895,#896,#897,#898));
#4304=EDGE_LOOP('',(#899,#900,#901,#902));
#4305=EDGE_LOOP('',(#903,#904,#905,#906,#907,#908,#909,#910));
#4306=EDGE_LOOP('',(#911,#912,#913,#914,#915,#916,#917,#918,#919,#920,#921,
#922));
#4307=EDGE_LOOP('',(#923,#924,#925,#926,#927,#928,#929,#930));
#4308=EDGE_LOOP('',(#931,#932,#933,#934));
#4309=EDGE_LOOP('',(#935,#936,#937,#938,#939,#940,#941,#942));
#4310=EDGE_LOOP('',(#943,#944,#945,#946,#947,#948,#949,#950,#951,#952,#953,
#954));
#4311=EDGE_LOOP('',(#955,#956,#957,#958));
#4312=EDGE_LOOP('',(#959,#960,#961,#962,#963,#964,#965,#966,#967,#968,#969));
#4313=EDGE_LOOP('',(#970,#971,#972,#973));
#4314=EDGE_LOOP('',(#974,#975,#976,#977,#978,#979,#980,#981,#982,#983,#984,
#985));
#4315=EDGE_LOOP('',(#986,#987,#988,#989));
#4316=EDGE_LOOP('',(#990,#991,#992,#993,#994,#995,#996,#997,#998,#999,#1000));
#4317=EDGE_LOOP('',(#1001,#1002,#1003,#1004));
#4318=EDGE_LOOP('',(#1005,#1006,#1007,#1008,#1009,#1010,#1011,#1012,#1013,
#1014,#1015,#1016));
#4319=EDGE_LOOP('',(#1017,#1018,#1019,#1020));
#4320=EDGE_LOOP('',(#1021,#1022,#1023,#1024));
#4321=EDGE_LOOP('',(#1025,#1026,#1027,#1028));
#4322=EDGE_LOOP('',(#1029,#1030,#1031,#1032));
#4323=EDGE_LOOP('',(#1033,#1034,#1035,#1036));
#4324=EDGE_LOOP('',(#1037,#1038,#1039,#1040,#1041));
#4325=EDGE_LOOP('',(#1042,#1043,#1044,#1045));
#4326=EDGE_LOOP('',(#1046,#1047,#1048,#1049,#1050));
#4327=EDGE_LOOP('',(#1051,#1052,#1053));
#4328=EDGE_LOOP('',(#1054,#1055,#1056,#1057));
#4329=EDGE_LOOP('',(#1058,#1059,#1060,#1061));
#4330=EDGE_LOOP('',(#1062,#1063,#1064,#1065));
#4331=EDGE_LOOP('',(#1066,#1067,#1068,#1069));
#4332=EDGE_LOOP('',(#1070,#1071,#1072));
#4333=EDGE_LOOP('',(#1073,#1074,#1075,#1076));
#4334=EDGE_LOOP('',(#1077));
#4335=EDGE_LOOP('',(#1078,#1079,#1080,#1081,#1082));
#4336=EDGE_LOOP('',(#1083));
#4337=EDGE_LOOP('',(#1084,#1085,#1086,#1087,#1088));
#4338=EDGE_LOOP('',(#1089,#1090,#1091,#1092));
#4339=EDGE_LOOP('',(#1093,#1094,#1095,#1096));
#4340=EDGE_LOOP('',(#1097));
#4341=EDGE_LOOP('',(#1098));
#4342=EDGE_LOOP('',(#1099,#1100,#1101,#1102));
#4343=EDGE_LOOP('',(#1103,#1104,#1105,#1106));
#4344=EDGE_LOOP('',(#1107,#1108,#1109,#1110));
#4345=EDGE_LOOP('',(#1111,#1112,#1113,#1114));
#4346=EDGE_LOOP('',(#1115,#1116,#1117,#1118));
#4347=EDGE_LOOP('',(#1119,#1120,#1121,#1122));
#4348=EDGE_LOOP('',(#1123,#1124,#1125,#1126));
#4349=EDGE_LOOP('',(#1127,#1128,#1129,#1130));
#4350=EDGE_LOOP('',(#1131,#1132,#1133,#1134));
#4351=EDGE_LOOP('',(#1135,#1136,#1137,#1138));
#4352=EDGE_LOOP('',(#1139,#1140,#1141,#1142));
#4353=EDGE_LOOP('',(#1143,#1144,#1145,#1146));
#4354=EDGE_LOOP('',(#1147,#1148,#1149,#1150));
#4355=EDGE_LOOP('',(#1151,#1152,#1153,#1154));
#4356=EDGE_LOOP('',(#1155,#1156,#1157,#1158));
#4357=EDGE_LOOP('',(#1159,#1160,#1161,#1162));
#4358=EDGE_LOOP('',(#1163,#1164,#1165,#1166,#1167,#1168,#1169,#1170,#1171,
#1172,#1173));
#4359=EDGE_LOOP('',(#1174,#1175,#1176,#1177));
#4360=EDGE_LOOP('',(#1178,#1179,#1180,#1181));
#4361=EDGE_LOOP('',(#1182,#1183,#1184,#1185));
#4362=EDGE_LOOP('',(#1186,#1187,#1188,#1189));
#4363=EDGE_LOOP('',(#1190,#1191,#1192,#1193));
#4364=EDGE_LOOP('',(#1194,#1195,#1196,#1197));
#4365=EDGE_LOOP('',(#1198,#1199,#1200,#1201));
#4366=EDGE_LOOP('',(#1202,#1203,#1204,#1205,#1206,#1207,#1208));
#4367=EDGE_LOOP('',(#1209,#1210,#1211,#1212));
#4368=EDGE_LOOP('',(#1213,#1214,#1215,#1216));
#4369=EDGE_LOOP('',(#1217,#1218,#1219,#1220));
#4370=EDGE_LOOP('',(#1221,#1222,#1223,#1224));
#4371=EDGE_LOOP('',(#1225,#1226,#1227,#1228));
#4372=EDGE_LOOP('',(#1229,#1230,#1231,#1232));
#4373=EDGE_LOOP('',(#1233,#1234,#1235,#1236));
#4374=EDGE_LOOP('',(#1237,#1238,#1239,#1240));
#4375=EDGE_LOOP('',(#1241,#1242,#1243,#1244));
#4376=EDGE_LOOP('',(#1245,#1246,#1247,#1248));
#4377=EDGE_LOOP('',(#1249,#1250,#1251,#1252));
#4378=EDGE_LOOP('',(#1253,#1254,#1255,#1256));
#4379=EDGE_LOOP('',(#1257,#1258,#1259,#1260,#1261,#1262,#1263));
#4380=EDGE_LOOP('',(#1264,#1265,#1266,#1267));
#4381=EDGE_LOOP('',(#1268,#1269,#1270,#1271));
#4382=EDGE_LOOP('',(#1272,#1273,#1274,#1275));
#4383=EDGE_LOOP('',(#1276,#1277,#1278,#1279));
#4384=EDGE_LOOP('',(#1280,#1281,#1282,#1283));
#4385=EDGE_LOOP('',(#1284,#1285,#1286,#1287));
#4386=EDGE_LOOP('',(#1288,#1289,#1290,#1291));
#4387=EDGE_LOOP('',(#1292,#1293,#1294,#1295));
#4388=EDGE_LOOP('',(#1296,#1297,#1298,#1299));
#4389=EDGE_LOOP('',(#1300,#1301,#1302,#1303));
#4390=EDGE_LOOP('',(#1304,#1305,#1306,#1307));
#4391=EDGE_LOOP('',(#1308,#1309,#1310,#1311));
#4392=EDGE_LOOP('',(#1312,#1313,#1314,#1315));
#4393=EDGE_LOOP('',(#1316,#1317,#1318,#1319));
#4394=EDGE_LOOP('',(#1320,#1321,#1322,#1323));
#4395=EDGE_LOOP('',(#1324,#1325,#1326,#1327));
#4396=EDGE_LOOP('',(#1328,#1329,#1330,#1331));
#4397=EDGE_LOOP('',(#1332,#1333,#1334,#1335));
#4398=EDGE_LOOP('',(#1336,#1337,#1338,#1339));
#4399=EDGE_LOOP('',(#1340,#1341,#1342,#1343));
#4400=EDGE_LOOP('',(#1344,#1345,#1346,#1347));
#4401=EDGE_LOOP('',(#1348,#1349,#1350,#1351));
#4402=EDGE_LOOP('',(#1352,#1353,#1354,#1355));
#4403=EDGE_LOOP('',(#1356,#1357,#1358,#1359));
#4404=EDGE_LOOP('',(#1360,#1361,#1362,#1363));
#4405=EDGE_LOOP('',(#1364,#1365,#1366,#1367));
#4406=EDGE_LOOP('',(#1368,#1369,#1370,#1371));
#4407=EDGE_LOOP('',(#1372,#1373,#1374,#1375));
#4408=EDGE_LOOP('',(#1376,#1377,#1378,#1379));
#4409=EDGE_LOOP('',(#1380,#1381,#1382,#1383));
#4410=EDGE_LOOP('',(#1384,#1385,#1386,#1387,#1388,#1389,#1390,#1391,#1392,
#1393,#1394,#1395,#1396,#1397,#1398,#1399,#1400));
#4411=EDGE_LOOP('',(#1401,#1402,#1403,#1404,#1405,#1406,#1407,#1408));
#4412=EDGE_LOOP('',(#1409,#1410,#1411,#1412));
#4413=EDGE_LOOP('',(#1413,#1414,#1415,#1416));
#4414=EDGE_LOOP('',(#1417,#1418,#1419,#1420));
#4415=EDGE_LOOP('',(#1421,#1422,#1423,#1424));
#4416=EDGE_LOOP('',(#1425,#1426,#1427,#1428));
#4417=EDGE_LOOP('',(#1429,#1430,#1431,#1432));
#4418=EDGE_LOOP('',(#1433,#1434,#1435,#1436));
#4419=EDGE_LOOP('',(#1437,#1438,#1439,#1440,#1441,#1442,#1443));
#4420=EDGE_LOOP('',(#1444,#1445,#1446,#1447));
#4421=EDGE_LOOP('',(#1448,#1449,#1450,#1451));
#4422=EDGE_LOOP('',(#1452,#1453,#1454,#1455));
#4423=EDGE_LOOP('',(#1456,#1457,#1458,#1459));
#4424=EDGE_LOOP('',(#1460,#1461,#1462,#1463));
#4425=EDGE_LOOP('',(#1464,#1465,#1466,#1467));
#4426=EDGE_LOOP('',(#1468,#1469,#1470,#1471));
#4427=EDGE_LOOP('',(#1472,#1473,#1474,#1475));
#4428=EDGE_LOOP('',(#1476,#1477,#1478,#1479));
#4429=EDGE_LOOP('',(#1480,#1481,#1482,#1483));
#4430=EDGE_LOOP('',(#1484,#1485,#1486,#1487));
#4431=EDGE_LOOP('',(#1488,#1489,#1490,#1491));
#4432=EDGE_LOOP('',(#1492,#1493,#1494,#1495,#1496,#1497,#1498));
#4433=EDGE_LOOP('',(#1499,#1500,#1501,#1502));
#4434=EDGE_LOOP('',(#1503,#1504,#1505,#1506));
#4435=EDGE_LOOP('',(#1507,#1508,#1509,#1510));
#4436=EDGE_LOOP('',(#1511,#1512,#1513,#1514));
#4437=EDGE_LOOP('',(#1515,#1516,#1517,#1518));
#4438=EDGE_LOOP('',(#1519,#1520,#1521,#1522));
#4439=EDGE_LOOP('',(#1523,#1524,#1525,#1526));
#4440=EDGE_LOOP('',(#1527,#1528,#1529,#1530));
#4441=EDGE_LOOP('',(#1531,#1532,#1533,#1534));
#4442=EDGE_LOOP('',(#1535,#1536,#1537,#1538));
#4443=EDGE_LOOP('',(#1539,#1540,#1541,#1542));
#4444=EDGE_LOOP('',(#1543,#1544,#1545,#1546,#1547,#1548,#1549,#1550,#1551,
#1552,#1553));
#4445=EDGE_LOOP('',(#1554,#1555,#1556,#1557));
#4446=EDGE_LOOP('',(#1558,#1559,#1560,#1561));
#4447=EDGE_LOOP('',(#1562,#1563,#1564,#1565));
#4448=EDGE_LOOP('',(#1566,#1567,#1568,#1569));
#4449=EDGE_LOOP('',(#1570,#1571,#1572,#1573));
#4450=EDGE_LOOP('',(#1574,#1575,#1576,#1577));
#4451=EDGE_LOOP('',(#1578,#1579,#1580,#1581));
#4452=EDGE_LOOP('',(#1582,#1583,#1584,#1585));
#4453=EDGE_LOOP('',(#1586,#1587,#1588,#1589));
#4454=EDGE_LOOP('',(#1590,#1591,#1592,#1593));
#4455=EDGE_LOOP('',(#1594,#1595,#1596,#1597));
#4456=EDGE_LOOP('',(#1598,#1599,#1600,#1601,#1602,#1603,#1604,#1605,#1606,
#1607,#1608));
#4457=EDGE_LOOP('',(#1609,#1610,#1611,#1612));
#4458=EDGE_LOOP('',(#1613,#1614,#1615,#1616));
#4459=EDGE_LOOP('',(#1617,#1618,#1619,#1620));
#4460=EDGE_LOOP('',(#1621,#1622,#1623,#1624));
#4461=EDGE_LOOP('',(#1625,#1626,#1627,#1628));
#4462=EDGE_LOOP('',(#1629,#1630,#1631,#1632));
#4463=EDGE_LOOP('',(#1633,#1634,#1635,#1636));
#4464=EDGE_LOOP('',(#1637,#1638,#1639,#1640));
#4465=EDGE_LOOP('',(#1641,#1642,#1643,#1644));
#4466=EDGE_LOOP('',(#1645,#1646,#1647,#1648));
#4467=EDGE_LOOP('',(#1649,#1650,#1651,#1652,#1653,#1654,#1655,#1656,#1657,
#1658));
#4468=EDGE_LOOP('',(#1659,#1660,#1661,#1662));
#4469=EDGE_LOOP('',(#1663,#1664,#1665,#1666));
#4470=EDGE_LOOP('',(#1667,#1668,#1669,#1670));
#4471=EDGE_LOOP('',(#1671,#1672,#1673,#1674));
#4472=EDGE_LOOP('',(#1675,#1676,#1677,#1678));
#4473=EDGE_LOOP('',(#1679,#1680,#1681,#1682));
#4474=EDGE_LOOP('',(#1683,#1684,#1685,#1686));
#4475=EDGE_LOOP('',(#1687,#1688,#1689,#1690));
#4476=EDGE_LOOP('',(#1691,#1692,#1693,#1694));
#4477=EDGE_LOOP('',(#1695,#1696,#1697,#1698));
#4478=EDGE_LOOP('',(#1699,#1700,#1701,#1702));
#4479=EDGE_LOOP('',(#1703,#1704,#1705,#1706));
#4480=EDGE_LOOP('',(#1707,#1708,#1709,#1710));
#4481=EDGE_LOOP('',(#1711,#1712,#1713,#1714));
#4482=EDGE_LOOP('',(#1715,#1716,#1717,#1718));
#4483=EDGE_LOOP('',(#1719,#1720,#1721,#1722));
#4484=EDGE_LOOP('',(#1723,#1724,#1725,#1726,#1727,#1728,#1729,#1730,#1731,
#1732,#1733));
#4485=EDGE_LOOP('',(#1734,#1735,#1736,#1737,#1738,#1739,#1740,#1741));
#4486=EDGE_LOOP('',(#1742));
#4487=EDGE_LOOP('',(#1743));
#4488=EDGE_LOOP('',(#1744));
#4489=EDGE_LOOP('',(#1745));
#4490=EDGE_LOOP('',(#1746));
#4491=EDGE_LOOP('',(#1747));
#4492=EDGE_LOOP('',(#1748));
#4493=EDGE_LOOP('',(#1749));
#4494=EDGE_LOOP('',(#1750));
#4495=EDGE_LOOP('',(#1751));
#4496=EDGE_LOOP('',(#1752));
#4497=EDGE_LOOP('',(#1753));
#4498=EDGE_LOOP('',(#1754));
#4499=EDGE_LOOP('',(#1755));
#4500=EDGE_LOOP('',(#1756));
#4501=EDGE_LOOP('',(#1757));
#4502=EDGE_LOOP('',(#1758));
#4503=EDGE_LOOP('',(#1759));
#4504=EDGE_LOOP('',(#1760));
#4505=EDGE_LOOP('',(#1761));
#4506=FACE_BOUND('',#4181,.T.);
#4507=FACE_BOUND('',#4182,.T.);
#4508=FACE_BOUND('',#4183,.T.);
#4509=FACE_BOUND('',#4184,.T.);
#4510=FACE_BOUND('',#4185,.T.);
#4511=FACE_BOUND('',#4186,.T.);
#4512=FACE_BOUND('',#4187,.T.);
#4513=FACE_BOUND('',#4188,.T.);
#4514=FACE_BOUND('',#4189,.T.);
#4515=FACE_BOUND('',#4190,.T.);
#4516=FACE_BOUND('',#4191,.T.);
#4517=FACE_BOUND('',#4192,.T.);
#4518=FACE_BOUND('',#4193,.T.);
#4519=FACE_BOUND('',#4194,.T.);
#4520=FACE_BOUND('',#4195,.T.);
#4521=FACE_BOUND('',#4196,.T.);
#4522=FACE_BOUND('',#4197,.T.);
#4523=FACE_BOUND('',#4198,.T.);
#4524=FACE_BOUND('',#4199,.T.);
#4525=FACE_BOUND('',#4200,.T.);
#4526=FACE_BOUND('',#4201,.T.);
#4527=FACE_BOUND('',#4202,.T.);
#4528=FACE_BOUND('',#4203,.T.);
#4529=FACE_BOUND('',#4204,.T.);
#4530=FACE_BOUND('',#4205,.T.);
#4531=FACE_BOUND('',#4206,.T.);
#4532=FACE_BOUND('',#4207,.T.);
#4533=FACE_BOUND('',#4208,.T.);
#4534=FACE_BOUND('',#4209,.T.);
#4535=FACE_BOUND('',#4210,.T.);
#4536=FACE_BOUND('',#4211,.T.);
#4537=FACE_BOUND('',#4212,.T.);
#4538=FACE_BOUND('',#4213,.T.);
#4539=FACE_BOUND('',#4214,.T.);
#4540=FACE_BOUND('',#4215,.T.);
#4541=FACE_BOUND('',#4216,.T.);
#4542=FACE_BOUND('',#4217,.T.);
#4543=FACE_BOUND('',#4218,.T.);
#4544=FACE_BOUND('',#4219,.T.);
#4545=FACE_BOUND('',#4220,.T.);
#4546=FACE_BOUND('',#4221,.T.);
#4547=FACE_BOUND('',#4222,.T.);
#4548=FACE_BOUND('',#4223,.T.);
#4549=FACE_BOUND('',#4224,.T.);
#4550=FACE_BOUND('',#4225,.T.);
#4551=FACE_BOUND('',#4226,.T.);
#4552=FACE_BOUND('',#4227,.T.);
#4553=FACE_BOUND('',#4228,.T.);
#4554=FACE_BOUND('',#4229,.T.);
#4555=FACE_BOUND('',#4230,.T.);
#4556=FACE_BOUND('',#4231,.T.);
#4557=FACE_BOUND('',#4232,.T.);
#4558=FACE_BOUND('',#4233,.T.);
#4559=FACE_BOUND('',#4234,.T.);
#4560=FACE_BOUND('',#4235,.T.);
#4561=FACE_BOUND('',#4236,.T.);
#4562=FACE_BOUND('',#4237,.T.);
#4563=FACE_BOUND('',#4238,.T.);
#4564=FACE_BOUND('',#4239,.T.);
#4565=FACE_BOUND('',#4240,.T.);
#4566=FACE_BOUND('',#4241,.T.);
#4567=FACE_BOUND('',#4242,.T.);
#4568=FACE_BOUND('',#4243,.T.);
#4569=FACE_BOUND('',#4244,.T.);
#4570=FACE_BOUND('',#4245,.T.);
#4571=FACE_BOUND('',#4246,.T.);
#4572=FACE_BOUND('',#4247,.T.);
#4573=FACE_BOUND('',#4248,.T.);
#4574=FACE_BOUND('',#4249,.T.);
#4575=FACE_BOUND('',#4250,.T.);
#4576=FACE_BOUND('',#4251,.T.);
#4577=FACE_BOUND('',#4252,.T.);
#4578=FACE_BOUND('',#4253,.T.);
#4579=FACE_BOUND('',#4254,.T.);
#4580=FACE_BOUND('',#4255,.T.);
#4581=FACE_BOUND('',#4256,.T.);
#4582=FACE_BOUND('',#4257,.T.);
#4583=FACE_BOUND('',#4258,.T.);
#4584=FACE_BOUND('',#4259,.T.);
#4585=FACE_BOUND('',#4260,.T.);
#4586=FACE_BOUND('',#4261,.T.);
#4587=FACE_BOUND('',#4262,.T.);
#4588=FACE_BOUND('',#4263,.T.);
#4589=FACE_BOUND('',#4264,.T.);
#4590=FACE_BOUND('',#4265,.T.);
#4591=FACE_BOUND('',#4266,.T.);
#4592=FACE_BOUND('',#4267,.T.);
#4593=FACE_BOUND('',#4268,.T.);
#4594=FACE_BOUND('',#4269,.T.);
#4595=FACE_BOUND('',#4270,.T.);
#4596=FACE_BOUND('',#4271,.T.);
#4597=FACE_BOUND('',#4272,.T.);
#4598=FACE_BOUND('',#4273,.T.);
#4599=FACE_BOUND('',#4274,.T.);
#4600=FACE_BOUND('',#4275,.T.);
#4601=FACE_BOUND('',#4276,.T.);
#4602=FACE_BOUND('',#4277,.T.);
#4603=FACE_BOUND('',#4278,.T.);
#4604=FACE_BOUND('',#4279,.T.);
#4605=FACE_BOUND('',#4280,.T.);
#4606=FACE_BOUND('',#4281,.T.);
#4607=FACE_BOUND('',#4282,.T.);
#4608=FACE_BOUND('',#4283,.T.);
#4609=FACE_BOUND('',#4284,.T.);
#4610=FACE_BOUND('',#4285,.T.);
#4611=FACE_BOUND('',#4286,.T.);
#4612=FACE_BOUND('',#4287,.T.);
#4613=FACE_BOUND('',#4288,.T.);
#4614=FACE_BOUND('',#4289,.T.);
#4615=FACE_BOUND('',#4290,.T.);
#4616=FACE_BOUND('',#4291,.T.);
#4617=FACE_BOUND('',#4292,.T.);
#4618=FACE_BOUND('',#4293,.T.);
#4619=FACE_BOUND('',#4294,.T.);
#4620=FACE_BOUND('',#4295,.T.);
#4621=FACE_BOUND('',#4296,.T.);
#4622=FACE_BOUND('',#4297,.T.);
#4623=FACE_BOUND('',#4298,.T.);
#4624=FACE_BOUND('',#4299,.T.);
#4625=FACE_BOUND('',#4300,.T.);
#4626=FACE_BOUND('',#4301,.T.);
#4627=FACE_BOUND('',#4302,.T.);
#4628=FACE_BOUND('',#4303,.T.);
#4629=FACE_BOUND('',#4304,.T.);
#4630=FACE_BOUND('',#4305,.T.);
#4631=FACE_BOUND('',#4306,.T.);
#4632=FACE_BOUND('',#4307,.T.);
#4633=FACE_BOUND('',#4308,.T.);
#4634=FACE_BOUND('',#4309,.T.);
#4635=FACE_BOUND('',#4310,.T.);
#4636=FACE_BOUND('',#4311,.T.);
#4637=FACE_BOUND('',#4312,.T.);
#4638=FACE_BOUND('',#4313,.T.);
#4639=FACE_BOUND('',#4314,.T.);
#4640=FACE_BOUND('',#4315,.T.);
#4641=FACE_BOUND('',#4316,.T.);
#4642=FACE_BOUND('',#4317,.T.);
#4643=FACE_BOUND('',#4318,.T.);
#4644=FACE_BOUND('',#4319,.T.);
#4645=FACE_BOUND('',#4320,.T.);
#4646=FACE_BOUND('',#4321,.T.);
#4647=FACE_BOUND('',#4322,.T.);
#4648=FACE_BOUND('',#4323,.T.);
#4649=FACE_BOUND('',#4324,.T.);
#4650=FACE_BOUND('',#4325,.T.);
#4651=FACE_BOUND('',#4326,.T.);
#4652=FACE_BOUND('',#4327,.T.);
#4653=FACE_BOUND('',#4328,.T.);
#4654=FACE_BOUND('',#4329,.T.);
#4655=FACE_BOUND('',#4330,.T.);
#4656=FACE_BOUND('',#4331,.T.);
#4657=FACE_BOUND('',#4332,.T.);
#4658=FACE_BOUND('',#4333,.T.);
#4659=FACE_BOUND('',#4334,.T.);
#4660=FACE_BOUND('',#4335,.T.);
#4661=FACE_BOUND('',#4336,.T.);
#4662=FACE_BOUND('',#4337,.T.);
#4663=FACE_BOUND('',#4338,.T.);
#4664=FACE_BOUND('',#4339,.T.);
#4665=FACE_BOUND('',#4340,.T.);
#4666=FACE_BOUND('',#4341,.T.);
#4667=FACE_BOUND('',#4342,.T.);
#4668=FACE_BOUND('',#4343,.T.);
#4669=FACE_BOUND('',#4344,.T.);
#4670=FACE_BOUND('',#4345,.T.);
#4671=FACE_BOUND('',#4346,.T.);
#4672=FACE_BOUND('',#4347,.T.);
#4673=FACE_BOUND('',#4348,.T.);
#4674=FACE_BOUND('',#4349,.T.);
#4675=FACE_BOUND('',#4350,.T.);
#4676=FACE_BOUND('',#4351,.T.);
#4677=FACE_BOUND('',#4352,.T.);
#4678=FACE_BOUND('',#4353,.T.);
#4679=FACE_BOUND('',#4354,.T.);
#4680=FACE_BOUND('',#4355,.T.);
#4681=FACE_BOUND('',#4356,.T.);
#4682=FACE_BOUND('',#4357,.T.);
#4683=FACE_BOUND('',#4358,.T.);
#4684=FACE_BOUND('',#4359,.T.);
#4685=FACE_BOUND('',#4360,.T.);
#4686=FACE_BOUND('',#4361,.T.);
#4687=FACE_BOUND('',#4362,.T.);
#4688=FACE_BOUND('',#4363,.T.);
#4689=FACE_BOUND('',#4364,.T.);
#4690=FACE_BOUND('',#4365,.T.);
#4691=FACE_BOUND('',#4366,.T.);
#4692=FACE_BOUND('',#4367,.T.);
#4693=FACE_BOUND('',#4368,.T.);
#4694=FACE_BOUND('',#4369,.T.);
#4695=FACE_BOUND('',#4370,.T.);
#4696=FACE_BOUND('',#4371,.T.);
#4697=FACE_BOUND('',#4372,.T.);
#4698=FACE_BOUND('',#4373,.T.);
#4699=FACE_BOUND('',#4374,.T.);
#4700=FACE_BOUND('',#4375,.T.);
#4701=FACE_BOUND('',#4376,.T.);
#4702=FACE_BOUND('',#4377,.T.);
#4703=FACE_BOUND('',#4378,.T.);
#4704=FACE_BOUND('',#4379,.T.);
#4705=FACE_BOUND('',#4380,.T.);
#4706=FACE_BOUND('',#4381,.T.);
#4707=FACE_BOUND('',#4382,.T.);
#4708=FACE_BOUND('',#4383,.T.);
#4709=FACE_BOUND('',#4384,.T.);
#4710=FACE_BOUND('',#4385,.T.);
#4711=FACE_BOUND('',#4386,.T.);
#4712=FACE_BOUND('',#4387,.T.);
#4713=FACE_BOUND('',#4388,.T.);
#4714=FACE_BOUND('',#4389,.T.);
#4715=FACE_BOUND('',#4390,.T.);
#4716=FACE_BOUND('',#4391,.T.);
#4717=FACE_BOUND('',#4392,.T.);
#4718=FACE_BOUND('',#4393,.T.);
#4719=FACE_BOUND('',#4394,.T.);
#4720=FACE_BOUND('',#4395,.T.);
#4721=FACE_BOUND('',#4396,.T.);
#4722=FACE_BOUND('',#4397,.T.);
#4723=FACE_BOUND('',#4398,.T.);
#4724=FACE_BOUND('',#4399,.T.);
#4725=FACE_BOUND('',#4400,.T.);
#4726=FACE_BOUND('',#4401,.T.);
#4727=FACE_BOUND('',#4402,.T.);
#4728=FACE_BOUND('',#4403,.T.);
#4729=FACE_BOUND('',#4404,.T.);
#4730=FACE_BOUND('',#4405,.T.);
#4731=FACE_BOUND('',#4406,.T.);
#4732=FACE_BOUND('',#4407,.T.);
#4733=FACE_BOUND('',#4408,.T.);
#4734=FACE_BOUND('',#4409,.T.);
#4735=FACE_BOUND('',#4410,.T.);
#4736=FACE_BOUND('',#4411,.T.);
#4737=FACE_BOUND('',#4412,.T.);
#4738=FACE_BOUND('',#4413,.T.);
#4739=FACE_BOUND('',#4414,.T.);
#4740=FACE_BOUND('',#4415,.T.);
#4741=FACE_BOUND('',#4416,.T.);
#4742=FACE_BOUND('',#4417,.T.);
#4743=FACE_BOUND('',#4418,.T.);
#4744=FACE_BOUND('',#4419,.T.);
#4745=FACE_BOUND('',#4420,.T.);
#4746=FACE_BOUND('',#4421,.T.);
#4747=FACE_BOUND('',#4422,.T.);
#4748=FACE_BOUND('',#4423,.T.);
#4749=FACE_BOUND('',#4424,.T.);
#4750=FACE_BOUND('',#4425,.T.);
#4751=FACE_BOUND('',#4426,.T.);
#4752=FACE_BOUND('',#4427,.T.);
#4753=FACE_BOUND('',#4428,.T.);
#4754=FACE_BOUND('',#4429,.T.);
#4755=FACE_BOUND('',#4430,.T.);
#4756=FACE_BOUND('',#4431,.T.);
#4757=FACE_BOUND('',#4432,.T.);
#4758=FACE_BOUND('',#4433,.T.);
#4759=FACE_BOUND('',#4434,.T.);
#4760=FACE_BOUND('',#4435,.T.);
#4761=FACE_BOUND('',#4436,.T.);
#4762=FACE_BOUND('',#4437,.T.);
#4763=FACE_BOUND('',#4438,.T.);
#4764=FACE_BOUND('',#4439,.T.);
#4765=FACE_BOUND('',#4440,.T.);
#4766=FACE_BOUND('',#4441,.T.);
#4767=FACE_BOUND('',#4442,.T.);
#4768=FACE_BOUND('',#4443,.T.);
#4769=FACE_BOUND('',#4444,.T.);
#4770=FACE_BOUND('',#4445,.T.);
#4771=FACE_BOUND('',#4446,.T.);
#4772=FACE_BOUND('',#4447,.T.);
#4773=FACE_BOUND('',#4448,.T.);
#4774=FACE_BOUND('',#4449,.T.);
#4775=FACE_BOUND('',#4450,.T.);
#4776=FACE_BOUND('',#4451,.T.);
#4777=FACE_BOUND('',#4452,.T.);
#4778=FACE_BOUND('',#4453,.T.);
#4779=FACE_BOUND('',#4454,.T.);
#4780=FACE_BOUND('',#4455,.T.);
#4781=FACE_BOUND('',#4456,.T.);
#4782=FACE_BOUND('',#4457,.T.);
#4783=FACE_BOUND('',#4458,.T.);
#4784=FACE_BOUND('',#4459,.T.);
#4785=FACE_BOUND('',#4460,.T.);
#4786=FACE_BOUND('',#4461,.T.);
#4787=FACE_BOUND('',#4462,.T.);
#4788=FACE_BOUND('',#4463,.T.);
#4789=FACE_BOUND('',#4464,.T.);
#4790=FACE_BOUND('',#4465,.T.);
#4791=FACE_BOUND('',#4466,.T.);
#4792=FACE_BOUND('',#4467,.T.);
#4793=FACE_BOUND('',#4468,.T.);
#4794=FACE_BOUND('',#4469,.T.);
#4795=FACE_BOUND('',#4470,.T.);
#4796=FACE_BOUND('',#4471,.T.);
#4797=FACE_BOUND('',#4472,.T.);
#4798=FACE_BOUND('',#4473,.T.);
#4799=FACE_BOUND('',#4474,.T.);
#4800=FACE_BOUND('',#4475,.T.);
#4801=FACE_BOUND('',#4476,.T.);
#4802=FACE_BOUND('',#4477,.T.);
#4803=FACE_BOUND('',#4478,.T.);
#4804=FACE_BOUND('',#4479,.T.);
#4805=FACE_BOUND('',#4480,.T.);
#4806=FACE_BOUND('',#4481,.T.);
#4807=FACE_BOUND('',#4482,.T.);
#4808=FACE_BOUND('',#4483,.T.);
#4809=FACE_BOUND('',#4484,.T.);
#4810=FACE_BOUND('',#4485,.T.);
#4811=FACE_BOUND('',#4486,.T.);
#4812=FACE_BOUND('',#4487,.T.);
#4813=FACE_BOUND('',#4488,.T.);
#4814=FACE_BOUND('',#4489,.T.);
#4815=FACE_BOUND('',#4490,.T.);
#4816=FACE_BOUND('',#4491,.T.);
#4817=FACE_BOUND('',#4492,.T.);
#4818=FACE_BOUND('',#4493,.T.);
#4819=FACE_BOUND('',#4494,.T.);
#4820=FACE_BOUND('',#4495,.T.);
#4821=FACE_BOUND('',#4496,.T.);
#4822=FACE_BOUND('',#4497,.T.);
#4823=FACE_BOUND('',#4498,.T.);
#4824=FACE_BOUND('',#4499,.T.);
#4825=FACE_BOUND('',#4500,.T.);
#4826=FACE_BOUND('',#4501,.T.);
#4827=FACE_BOUND('',#4502,.T.);
#4828=FACE_BOUND('',#4503,.T.);
#4829=FACE_BOUND('',#4504,.T.);
#4830=FACE_BOUND('',#4505,.T.);
#4831=PLANE('',#5369);
#4832=PLANE('',#5379);
#4833=PLANE('',#5380);
#4834=PLANE('',#5381);
#4835=PLANE('',#5382);
#4836=PLANE('',#5383);
#4837=PLANE('',#5386);
#4838=PLANE('',#5387);
#4839=PLANE('',#5388);
#4840=PLANE('',#5392);
#4841=PLANE('',#5393);
#4842=PLANE('',#5394);
#4843=PLANE('',#5395);
#4844=PLANE('',#5396);
#4845=PLANE('',#5397);
#4846=PLANE('',#5398);
#4847=PLANE('',#5401);
#4848=PLANE('',#5402);
#4849=PLANE('',#5403);
#4850=PLANE('',#5404);
#4851=PLANE('',#5405);
#4852=PLANE('',#5408);
#4853=PLANE('',#5411);
#4854=PLANE('',#5412);
#4855=PLANE('',#5420);
#4856=PLANE('',#5422);
#4857=PLANE('',#5423);
#4858=PLANE('',#5425);
#4859=PLANE('',#5426);
#4860=PLANE('',#5427);
#4861=PLANE('',#5430);
#4862=PLANE('',#5431);
#4863=PLANE('',#5432);
#4864=PLANE('',#5435);
#4865=PLANE('',#5437);
#4866=PLANE('',#5438);
#4867=PLANE('',#5439);
#4868=PLANE('',#5440);
#4869=PLANE('',#5441);
#4870=PLANE('',#5442);
#4871=PLANE('',#5444);
#4872=PLANE('',#5446);
#4873=PLANE('',#5447);
#4874=PLANE('',#5449);
#4875=PLANE('',#5450);
#4876=PLANE('',#5451);
#4877=PLANE('',#5454);
#4878=PLANE('',#5455);
#4879=PLANE('',#5456);
#4880=PLANE('',#5459);
#4881=PLANE('',#5461);
#4882=PLANE('',#5462);
#4883=PLANE('',#5463);
#4884=PLANE('',#5464);
#4885=PLANE('',#5465);
#4886=PLANE('',#5466);
#4887=PLANE('',#5468);
#4888=PLANE('',#5470);
#4889=PLANE('',#5471);
#4890=PLANE('',#5472);
#4891=PLANE('',#5474);
#4892=PLANE('',#5475);
#4893=PLANE('',#5476);
#4894=PLANE('',#5477);
#4895=PLANE('',#5480);
#4896=PLANE('',#5481);
#4897=PLANE('',#5482);
#4898=PLANE('',#5485);
#4899=PLANE('',#5487);
#4900=PLANE('',#5488);
#4901=PLANE('',#5489);
#4902=PLANE('',#5490);
#4903=PLANE('',#5491);
#4904=PLANE('',#5492);
#4905=PLANE('',#5494);
#4906=PLANE('',#5495);
#4907=PLANE('',#5500);
#4908=PLANE('',#5503);
#4909=PLANE('',#5507);
#4910=PLANE('',#5510);
#4911=PLANE('',#5516);
#4912=PLANE('',#5518);
#4913=PLANE('',#5523);
#4914=PLANE('',#5527);
#4915=PLANE('',#5529);
#4916=PLANE('',#5531);
#4917=PLANE('',#5533);
#4918=PLANE('',#5534);
#4919=PLANE('',#5535);
#4920=PLANE('',#5536);
#4921=PLANE('',#5537);
#4922=PLANE('',#5538);
#4923=PLANE('',#5539);
#4924=PLANE('',#5540);
#4925=PLANE('',#5541);
#4926=PLANE('',#5542);
#4927=PLANE('',#5543);
#4928=PLANE('',#5544);
#4929=PLANE('',#5545);
#4930=PLANE('',#5546);
#4931=PLANE('',#5547);
#4932=PLANE('',#5548);
#4933=PLANE('',#5549);
#4934=PLANE('',#5550);
#4935=PLANE('',#5551);
#4936=PLANE('',#5552);
#4937=PLANE('',#5553);
#4938=PLANE('',#5554);
#4939=PLANE('',#5555);
#4940=PLANE('',#5556);
#4941=PLANE('',#5557);
#4942=PLANE('',#5560);
#4943=PLANE('',#5564);
#4944=PLANE('',#5566);
#4945=PLANE('',#5567);
#4946=PLANE('',#5568);
#4947=PLANE('',#5569);
#4948=PLANE('',#5570);
#4949=PLANE('',#5571);
#4950=PLANE('',#5572);
#4951=PLANE('',#5573);
#4952=PLANE('',#5574);
#4953=PLANE('',#5575);
#4954=PLANE('',#5576);
#4955=PLANE('',#5577);
#4956=PLANE('',#5578);
#4957=PLANE('',#5579);
#4958=PLANE('',#5580);
#4959=PLANE('',#5581);
#4960=PLANE('',#5582);
#4961=PLANE('',#5583);
#4962=PLANE('',#5584);
#4963=PLANE('',#5585);
#4964=PLANE('',#5586);
#4965=PLANE('',#5587);
#4966=PLANE('',#5588);
#4967=PLANE('',#5589);
#4968=PLANE('',#5590);
#4969=PLANE('',#5591);
#4970=PLANE('',#5592);
#4971=PLANE('',#5593);
#4972=PLANE('',#5594);
#4973=PLANE('',#5595);
#4974=PLANE('',#5596);
#4975=PLANE('',#5597);
#4976=PLANE('',#5598);
#4977=PLANE('',#5599);
#4978=PLANE('',#5600);
#4979=PLANE('',#5601);
#4980=PLANE('',#5606);
#4981=PLANE('',#5609);
#4982=PLANE('',#5610);
#4983=PLANE('',#5611);
#4984=PLANE('',#5612);
#4985=PLANE('',#5613);
#4986=PLANE('',#5614);
#4987=PLANE('',#5615);
#4988=PLANE('',#5616);
#4989=PLANE('',#5617);
#4990=PLANE('',#5618);
#4991=PLANE('',#5619);
#4992=PLANE('',#5620);
#4993=PLANE('',#5621);
#4994=PLANE('',#5622);
#4995=PLANE('',#5623);
#4996=PLANE('',#5624);
#4997=PLANE('',#5625);
#4998=PLANE('',#5626);
#4999=PLANE('',#5627);
#5000=PLANE('',#5628);
#5001=PLANE('',#5629);
#5002=PLANE('',#5630);
#5003=PLANE('',#5631);
#5004=PLANE('',#5632);
#5005=PLANE('',#5633);
#5006=PLANE('',#5634);
#5007=PLANE('',#5635);
#5008=PLANE('',#5636);
#5009=PLANE('',#5637);
#5010=PLANE('',#5642);
#5011=PLANE('',#5643);
#5012=PLANE('',#5644);
#5013=PLANE('',#5645);
#5014=PLANE('',#5646);
#5015=PLANE('',#5647);
#5016=PLANE('',#5648);
#5017=PLANE('',#5649);
#5018=PLANE('',#5650);
#5019=PLANE('',#5651);
#5020=PLANE('',#5652);
#5021=PLANE('',#5653);
#5022=PLANE('',#5654);
#5023=PLANE('',#5655);
#5024=PLANE('',#5656);
#5025=PLANE('',#5657);
#5026=PLANE('',#5658);
#5027=PLANE('',#5659);
#5028=PLANE('',#5660);
#5029=PLANE('',#5661);
#5030=PLANE('',#5662);
#5031=PLANE('',#5663);
#5032=PLANE('',#5664);
#5033=PLANE('',#5665);
#5034=PLANE('',#5666);
#5035=PLANE('',#5667);
#5036=PLANE('',#5668);
#5037=PLANE('',#5673);
#5038=PLANE('',#5678);
#5039=PLANE('',#5679);
#5040=PLANE('',#5682);
#5041=PLANE('',#5690);
#5042=PLANE('',#5691);
#5043=ADVANCED_FACE('',(#4506,#4507,#4508,#4509,#4510,#4511,#4512,#4513,
#4514,#4515,#4516,#4517,#4518,#4519,#4520,#4521),#4831,.F.);
#5044=ADVANCED_FACE('',(#4522),#4832,.F.);
#5045=ADVANCED_FACE('',(#4523),#4833,.T.);
#5046=ADVANCED_FACE('',(#4524),#4834,.F.);
#5047=ADVANCED_FACE('',(#4525),#4835,.T.);
#5048=ADVANCED_FACE('',(#4526),#4836,.T.);
#5049=ADVANCED_FACE('',(#4527),#4837,.T.);
#5050=ADVANCED_FACE('',(#4528),#4838,.T.);
#5051=ADVANCED_FACE('',(#4529),#4839,.F.);
#5052=ADVANCED_FACE('',(#4530),#61,.F.);
#5053=ADVANCED_FACE('',(#4531),#4840,.F.);
#5054=ADVANCED_FACE('',(#4532),#4841,.F.);
#5055=ADVANCED_FACE('',(#4533),#4842,.F.);
#5056=ADVANCED_FACE('',(#4534),#4843,.F.);
#5057=ADVANCED_FACE('',(#4535),#4844,.F.);
#5058=ADVANCED_FACE('',(#4536),#4845,.F.);
#5059=ADVANCED_FACE('',(#4537,#4538),#4846,.T.);
#5060=ADVANCED_FACE('',(#4539),#4847,.T.);
#5061=ADVANCED_FACE('',(#4540),#4848,.F.);
#5062=ADVANCED_FACE('',(#4541),#4849,.F.);
#5063=ADVANCED_FACE('',(#4542),#4850,.T.);
#5064=ADVANCED_FACE('',(#4543),#4851,.T.);
#5065=ADVANCED_FACE('',(#4544),#62,.F.);
#5066=ADVANCED_FACE('',(#4545),#4852,.T.);
#5067=ADVANCED_FACE('',(#4546),#63,.F.);
#5068=ADVANCED_FACE('',(#4547),#4853,.T.);
#5069=ADVANCED_FACE('',(#4548,#4549,#4550,#4551,#4552),#4854,.T.);
#5070=ADVANCED_FACE('',(#4553),#4855,.T.);
#5071=ADVANCED_FACE('',(#4554),#4856,.T.);
#5072=ADVANCED_FACE('',(#4555),#4857,.T.);
#5073=ADVANCED_FACE('',(#4556),#4858,.F.);
#5074=ADVANCED_FACE('',(#4557),#4859,.T.);
#5075=ADVANCED_FACE('',(#4558),#4860,.T.);
#5076=ADVANCED_FACE('',(#4559),#64,.F.);
#5077=ADVANCED_FACE('',(#4560),#4861,.T.);
#5078=ADVANCED_FACE('',(#4561),#4862,.F.);
#5079=ADVANCED_FACE('',(#4562),#4863,.F.);
#5080=ADVANCED_FACE('',(#4563),#65,.F.);
#5081=ADVANCED_FACE('',(#4564,#4565),#4864,.T.);
#5082=ADVANCED_FACE('',(#4566),#4865,.F.);
#5083=ADVANCED_FACE('',(#4567),#4866,.F.);
#5084=ADVANCED_FACE('',(#4568),#4867,.F.);
#5085=ADVANCED_FACE('',(#4569),#4868,.F.);
#5086=ADVANCED_FACE('',(#4570),#4869,.T.);
#5087=ADVANCED_FACE('',(#4571),#4870,.T.);
#5088=ADVANCED_FACE('',(#4572),#66,.F.);
#5089=ADVANCED_FACE('',(#4573),#4871,.T.);
#5090=ADVANCED_FACE('',(#4574),#4872,.T.);
#5091=ADVANCED_FACE('',(#4575),#4873,.T.);
#5092=ADVANCED_FACE('',(#4576),#4874,.F.);
#5093=ADVANCED_FACE('',(#4577),#4875,.T.);
#5094=ADVANCED_FACE('',(#4578),#4876,.T.);
#5095=ADVANCED_FACE('',(#4579),#67,.F.);
#5096=ADVANCED_FACE('',(#4580),#4877,.T.);
#5097=ADVANCED_FACE('',(#4581),#4878,.F.);
#5098=ADVANCED_FACE('',(#4582),#4879,.F.);
#5099=ADVANCED_FACE('',(#4583),#68,.F.);
#5100=ADVANCED_FACE('',(#4584,#4585),#4880,.T.);
#5101=ADVANCED_FACE('',(#4586),#4881,.F.);
#5102=ADVANCED_FACE('',(#4587),#4882,.F.);
#5103=ADVANCED_FACE('',(#4588),#4883,.F.);
#5104=ADVANCED_FACE('',(#4589),#4884,.F.);
#5105=ADVANCED_FACE('',(#4590),#4885,.F.);
#5106=ADVANCED_FACE('',(#4591),#4886,.F.);
#5107=ADVANCED_FACE('',(#4592),#69,.F.);
#5108=ADVANCED_FACE('',(#4593),#4887,.T.);
#5109=ADVANCED_FACE('',(#4594),#4888,.F.);
#5110=ADVANCED_FACE('',(#4595),#4889,.T.);
#5111=ADVANCED_FACE('',(#4596),#4890,.T.);
#5112=ADVANCED_FACE('',(#4597),#4891,.T.);
#5113=ADVANCED_FACE('',(#4598),#4892,.F.);
#5114=ADVANCED_FACE('',(#4599),#4893,.T.);
#5115=ADVANCED_FACE('',(#4600),#4894,.T.);
#5116=ADVANCED_FACE('',(#4601),#70,.F.);
#5117=ADVANCED_FACE('',(#4602),#4895,.T.);
#5118=ADVANCED_FACE('',(#4603),#4896,.F.);
#5119=ADVANCED_FACE('',(#4604),#4897,.F.);
#5120=ADVANCED_FACE('',(#4605),#71,.F.);
#5121=ADVANCED_FACE('',(#4606,#4607),#4898,.T.);
#5122=ADVANCED_FACE('',(#4608),#4899,.F.);
#5123=ADVANCED_FACE('',(#4609),#4900,.F.);
#5124=ADVANCED_FACE('',(#4610),#4901,.F.);
#5125=ADVANCED_FACE('',(#4611),#4902,.F.);
#5126=ADVANCED_FACE('',(#4612),#4903,.F.);
#5127=ADVANCED_FACE('',(#4613),#4904,.F.);
#5128=ADVANCED_FACE('',(#4614),#72,.F.);
#5129=ADVANCED_FACE('',(#4615),#4905,.F.);
#5130=ADVANCED_FACE('',(#4616),#4906,.T.);
#5131=ADVANCED_FACE('',(#4617),#73,.T.);
#5132=ADVANCED_FACE('',(#4618),#4907,.F.);
#5133=ADVANCED_FACE('',(#4619),#4908,.T.);
#5134=ADVANCED_FACE('',(#4620),#4909,.F.);
#5135=ADVANCED_FACE('',(#4621),#74,.T.);
#5136=ADVANCED_FACE('',(#4622),#4910,.F.);
#5137=ADVANCED_FACE('',(#4623),#75,.T.);
#5138=ADVANCED_FACE('',(#4624),#4911,.T.);
#5139=ADVANCED_FACE('',(#4625),#4912,.F.);
#5140=ADVANCED_FACE('',(#4626),#76,.T.);
#5141=ADVANCED_FACE('',(#4627),#4913,.T.);
#5142=ADVANCED_FACE('',(#4628),#77,.T.);
#5143=ADVANCED_FACE('',(#4629),#4914,.T.);
#5144=ADVANCED_FACE('',(#4630),#78,.T.);
#5145=ADVANCED_FACE('',(#4631),#4915,.T.);
#5146=ADVANCED_FACE('',(#4632),#79,.T.);
#5147=ADVANCED_FACE('',(#4633),#4916,.F.);
#5148=ADVANCED_FACE('',(#4634),#80,.T.);
#5149=ADVANCED_FACE('',(#4635),#4917,.F.);
#5150=ADVANCED_FACE('',(#4636),#4918,.T.);
#5151=ADVANCED_FACE('',(#4637),#4919,.F.);
#5152=ADVANCED_FACE('',(#4638),#4920,.F.);
#5153=ADVANCED_FACE('',(#4639),#4921,.T.);
#5154=ADVANCED_FACE('',(#4640),#4922,.T.);
#5155=ADVANCED_FACE('',(#4641),#4923,.T.);
#5156=ADVANCED_FACE('',(#4642),#4924,.F.);
#5157=ADVANCED_FACE('',(#4643),#4925,.F.);
#5158=ADVANCED_FACE('',(#4644),#4926,.F.);
#5159=ADVANCED_FACE('',(#4645),#4927,.T.);
#5160=ADVANCED_FACE('',(#4646),#4928,.F.);
#5161=ADVANCED_FACE('',(#4647),#4929,.T.);
#5162=ADVANCED_FACE('',(#4648),#4930,.T.);
#5163=ADVANCED_FACE('',(#4649),#4931,.F.);
#5164=ADVANCED_FACE('',(#4650),#4932,.T.);
#5165=ADVANCED_FACE('',(#4651),#4933,.F.);
#5166=ADVANCED_FACE('',(#4652),#4934,.F.);
#5167=ADVANCED_FACE('',(#4653),#4935,.T.);
#5168=ADVANCED_FACE('',(#4654),#4936,.T.);
#5169=ADVANCED_FACE('',(#4655),#4937,.T.);
#5170=ADVANCED_FACE('',(#4656),#4938,.T.);
#5171=ADVANCED_FACE('',(#4657),#4939,.F.);
#5172=ADVANCED_FACE('',(#4658),#4940,.F.);
#5173=ADVANCED_FACE('',(#4659,#4660),#4941,.T.);
#5174=ADVANCED_FACE('',(#4661,#4662),#4942,.F.);
#5175=ADVANCED_FACE('',(#4663),#81,.T.);
#5176=ADVANCED_FACE('',(#4664),#4943,.T.);
#5177=ADVANCED_FACE('',(#4665,#4666),#82,.F.);
#5178=ADVANCED_FACE('',(#4667),#4944,.T.);
#5179=ADVANCED_FACE('',(#4668),#4945,.T.);
#5180=ADVANCED_FACE('',(#4669),#4946,.T.);
#5181=ADVANCED_FACE('',(#4670),#4947,.T.);
#5182=ADVANCED_FACE('',(#4671),#4948,.T.);
#5183=ADVANCED_FACE('',(#4672),#16,.T.);
#5184=ADVANCED_FACE('',(#4673),#4949,.T.);
#5185=ADVANCED_FACE('',(#4674),#17,.T.);
#5186=ADVANCED_FACE('',(#4675),#18,.T.);
#5187=ADVANCED_FACE('',(#4676),#4950,.T.);
#5188=ADVANCED_FACE('',(#4677),#19,.T.);
#5189=ADVANCED_FACE('',(#4678),#20,.T.);
#5190=ADVANCED_FACE('',(#4679),#21,.T.);
#5191=ADVANCED_FACE('',(#4680),#22,.T.);
#5192=ADVANCED_FACE('',(#4681),#4951,.T.);
#5193=ADVANCED_FACE('',(#4682),#23,.T.);
#5194=ADVANCED_FACE('',(#4683),#4952,.T.);
#5195=ADVANCED_FACE('',(#4684),#4953,.T.);
#5196=ADVANCED_FACE('',(#4685),#4954,.T.);
#5197=ADVANCED_FACE('',(#4686),#4955,.T.);
#5198=ADVANCED_FACE('',(#4687),#4956,.T.);
#5199=ADVANCED_FACE('',(#4688),#4957,.T.);
#5200=ADVANCED_FACE('',(#4689),#4958,.T.);
#5201=ADVANCED_FACE('',(#4690),#4959,.T.);
#5202=ADVANCED_FACE('',(#4691),#4960,.T.);
#5203=ADVANCED_FACE('',(#4692),#4961,.T.);
#5204=ADVANCED_FACE('',(#4693),#4962,.T.);
#5205=ADVANCED_FACE('',(#4694),#4963,.T.);
#5206=ADVANCED_FACE('',(#4695),#4964,.T.);
#5207=ADVANCED_FACE('',(#4696),#4965,.T.);
#5208=ADVANCED_FACE('',(#4697),#4966,.T.);
#5209=ADVANCED_FACE('',(#4698),#4967,.T.);
#5210=ADVANCED_FACE('',(#4699),#4968,.T.);
#5211=ADVANCED_FACE('',(#4700),#4969,.T.);
#5212=ADVANCED_FACE('',(#4701),#4970,.T.);
#5213=ADVANCED_FACE('',(#4702),#4971,.T.);
#5214=ADVANCED_FACE('',(#4703),#4972,.T.);
#5215=ADVANCED_FACE('',(#4704),#4973,.T.);
#5216=ADVANCED_FACE('',(#4705),#4974,.T.);
#5217=ADVANCED_FACE('',(#4706),#4975,.T.);
#5218=ADVANCED_FACE('',(#4707),#4976,.T.);
#5219=ADVANCED_FACE('',(#4708),#4977,.T.);
#5220=ADVANCED_FACE('',(#4709),#4978,.T.);
#5221=ADVANCED_FACE('',(#4710),#24,.T.);
#5222=ADVANCED_FACE('',(#4711),#25,.T.);
#5223=ADVANCED_FACE('',(#4712),#26,.T.);
#5224=ADVANCED_FACE('',(#4713),#27,.T.);
#5225=ADVANCED_FACE('',(#4714),#28,.T.);
#5226=ADVANCED_FACE('',(#4715),#29,.T.);
#5227=ADVANCED_FACE('',(#4716),#30,.T.);
#5228=ADVANCED_FACE('',(#4717),#31,.T.);
#5229=ADVANCED_FACE('',(#4718),#4979,.T.);
#5230=ADVANCED_FACE('',(#4719),#83,.F.);
#5231=ADVANCED_FACE('',(#4720),#84,.F.);
#5232=ADVANCED_FACE('',(#4721),#4980,.T.);
#5233=ADVANCED_FACE('',(#4722),#85,.T.);
#5234=ADVANCED_FACE('',(#4723),#4981,.T.);
#5235=ADVANCED_FACE('',(#4724),#4982,.T.);
#5236=ADVANCED_FACE('',(#4725),#4983,.T.);
#5237=ADVANCED_FACE('',(#4726),#4984,.T.);
#5238=ADVANCED_FACE('',(#4727),#4985,.T.);
#5239=ADVANCED_FACE('',(#4728),#32,.T.);
#5240=ADVANCED_FACE('',(#4729),#33,.T.);
#5241=ADVANCED_FACE('',(#4730),#34,.T.);
#5242=ADVANCED_FACE('',(#4731),#35,.T.);
#5243=ADVANCED_FACE('',(#4732),#36,.T.);
#5244=ADVANCED_FACE('',(#4733),#37,.T.);
#5245=ADVANCED_FACE('',(#4734),#38,.T.);
#5246=ADVANCED_FACE('',(#4735,#4736),#4986,.T.);
#5247=ADVANCED_FACE('',(#4737),#4987,.T.);
#5248=ADVANCED_FACE('',(#4738),#4988,.T.);
#5249=ADVANCED_FACE('',(#4739),#4989,.T.);
#5250=ADVANCED_FACE('',(#4740),#4990,.T.);
#5251=ADVANCED_FACE('',(#4741),#4991,.T.);
#5252=ADVANCED_FACE('',(#4742),#4992,.T.);
#5253=ADVANCED_FACE('',(#4743),#4993,.T.);
#5254=ADVANCED_FACE('',(#4744),#4994,.T.);
#5255=ADVANCED_FACE('',(#4745),#4995,.T.);
#5256=ADVANCED_FACE('',(#4746),#4996,.T.);
#5257=ADVANCED_FACE('',(#4747),#4997,.T.);
#5258=ADVANCED_FACE('',(#4748),#4998,.T.);
#5259=ADVANCED_FACE('',(#4749),#4999,.T.);
#5260=ADVANCED_FACE('',(#4750),#5000,.T.);
#5261=ADVANCED_FACE('',(#4751),#5001,.T.);
#5262=ADVANCED_FACE('',(#4752),#5002,.T.);
#5263=ADVANCED_FACE('',(#4753),#5003,.T.);
#5264=ADVANCED_FACE('',(#4754),#5004,.T.);
#5265=ADVANCED_FACE('',(#4755),#5005,.T.);
#5266=ADVANCED_FACE('',(#4756),#5006,.T.);
#5267=ADVANCED_FACE('',(#4757),#5007,.T.);
#5268=ADVANCED_FACE('',(#4758),#39,.T.);
#5269=ADVANCED_FACE('',(#4759),#5008,.T.);
#5270=ADVANCED_FACE('',(#4760),#40,.T.);
#5271=ADVANCED_FACE('',(#4761),#41,.T.);
#5272=ADVANCED_FACE('',(#4762),#5009,.T.);
#5273=ADVANCED_FACE('',(#4763),#42,.T.);
#5274=ADVANCED_FACE('',(#4764),#86,.T.);
#5275=ADVANCED_FACE('',(#4765),#87,.T.);
#5276=ADVANCED_FACE('',(#4766),#43,.T.);
#5277=ADVANCED_FACE('',(#4767),#5010,.T.);
#5278=ADVANCED_FACE('',(#4768),#44,.T.);
#5279=ADVANCED_FACE('',(#4769),#5011,.T.);
#5280=ADVANCED_FACE('',(#4770),#45,.T.);
#5281=ADVANCED_FACE('',(#4771),#5012,.T.);
#5282=ADVANCED_FACE('',(#4772),#46,.T.);
#5283=ADVANCED_FACE('',(#4773),#47,.T.);
#5284=ADVANCED_FACE('',(#4774),#5013,.T.);
#5285=ADVANCED_FACE('',(#4775),#48,.T.);
#5286=ADVANCED_FACE('',(#4776),#49,.T.);
#5287=ADVANCED_FACE('',(#4777),#50,.T.);
#5288=ADVANCED_FACE('',(#4778),#51,.T.);
#5289=ADVANCED_FACE('',(#4779),#5014,.T.);
#5290=ADVANCED_FACE('',(#4780),#52,.T.);
#5291=ADVANCED_FACE('',(#4781),#5015,.T.);
#5292=ADVANCED_FACE('',(#4782),#5016,.T.);
#5293=ADVANCED_FACE('',(#4783),#5017,.T.);
#5294=ADVANCED_FACE('',(#4784),#5018,.T.);
#5295=ADVANCED_FACE('',(#4785),#5019,.T.);
#5296=ADVANCED_FACE('',(#4786),#5020,.T.);
#5297=ADVANCED_FACE('',(#4787),#5021,.T.);
#5298=ADVANCED_FACE('',(#4788),#5022,.T.);
#5299=ADVANCED_FACE('',(#4789),#5023,.T.);
#5300=ADVANCED_FACE('',(#4790),#5024,.T.);
#5301=ADVANCED_FACE('',(#4791),#5025,.T.);
#5302=ADVANCED_FACE('',(#4792),#5026,.T.);
#5303=ADVANCED_FACE('',(#4793),#5027,.T.);
#5304=ADVANCED_FACE('',(#4794),#5028,.T.);
#5305=ADVANCED_FACE('',(#4795),#5029,.T.);
#5306=ADVANCED_FACE('',(#4796),#5030,.T.);
#5307=ADVANCED_FACE('',(#4797),#5031,.T.);
#5308=ADVANCED_FACE('',(#4798),#53,.T.);
#5309=ADVANCED_FACE('',(#4799),#5032,.T.);
#5310=ADVANCED_FACE('',(#4800),#54,.T.);
#5311=ADVANCED_FACE('',(#4801),#55,.T.);
#5312=ADVANCED_FACE('',(#4802),#5033,.T.);
#5313=ADVANCED_FACE('',(#4803),#56,.T.);
#5314=ADVANCED_FACE('',(#4804),#57,.T.);
#5315=ADVANCED_FACE('',(#4805),#58,.T.);
#5316=ADVANCED_FACE('',(#4806),#59,.T.);
#5317=ADVANCED_FACE('',(#4807),#5034,.T.);
#5318=ADVANCED_FACE('',(#4808),#60,.T.);
#5319=ADVANCED_FACE('',(#4809),#5035,.T.);
#5320=ADVANCED_FACE('',(#4810),#5036,.F.);
#5321=ADVANCED_FACE('',(#4811,#4812),#88,.T.);
#5322=ADVANCED_FACE('',(#4813,#4814),#5037,.F.);
#5323=ADVANCED_FACE('',(#4815,#4816),#89,.T.);
#5324=ADVANCED_FACE('',(#4817),#5038,.T.);
#5325=ADVANCED_FACE('',(#4818,#4819),#5039,.F.);
#5326=ADVANCED_FACE('',(#4820,#4821),#90,.F.);
#5327=ADVANCED_FACE('',(#4822),#5040,.T.);
#5328=ADVANCED_FACE('',(#4823,#4824),#91,.F.);
#5329=ADVANCED_FACE('',(#4825,#4826),#92,.T.);
#5330=ADVANCED_FACE('',(#4827,#4828),#5041,.T.);
#5331=ADVANCED_FACE('',(#4829,#4830),#5042,.F.);
#5332=CLOSED_SHELL('',(#5043,#5044,#5045,#5046,#5047,#5048,#5049,#5050,
#5051,#5052,#5053,#5054,#5055,#5056,#5057,#5058,#5059,#5060,#5061,#5062,
#5063,#5064,#5065,#5066,#5067,#5068,#5069,#5070,#5071,#5072,#5073,#5074,
#5075,#5076,#5077,#5078,#5079,#5080,#5081,#5082,#5083,#5084,#5085,#5086,
#5087,#5088,#5089,#5090,#5091,#5092,#5093,#5094,#5095,#5096,#5097,#5098,
#5099,#5100,#5101,#5102,#5103,#5104,#5105,#5106,#5107,#5108,#5109,#5110,
#5111,#5112,#5113,#5114,#5115,#5116,#5117,#5118,#5119,#5120,#5121,#5122,
#5123,#5124,#5125,#5126,#5127,#5128,#5129,#5130,#5131,#5132,#5133,#5134,
#5135,#5136,#5137,#5138,#5139,#5140,#5141,#5142,#5143,#5144,#5145,#5146,
#5147,#5148,#5149,#5150,#5151,#5152,#5153,#5154,#5155,#5156,#5157,#5158,
#5159,#5160,#5161,#5162,#5163,#5164,#5165,#5166,#5167,#5168,#5169,#5170,
#5171,#5172,#5173,#5174,#5175,#5176,#5177,#5178,#5179,#5180,#5181,#5182,
#5183,#5184,#5185,#5186,#5187,#5188,#5189,#5190,#5191,#5192,#5193,#5194,
#5195,#5196,#5197,#5198,#5199,#5200,#5201,#5202,#5203,#5204,#5205,#5206,
#5207,#5208,#5209,#5210,#5211,#5212,#5213,#5214,#5215,#5216,#5217,#5218,
#5219,#5220,#5221,#5222,#5223,#5224,#5225,#5226,#5227,#5228,#5229,#5230,
#5231,#5232,#5233,#5234,#5235,#5236,#5237,#5238,#5239,#5240,#5241,#5242,
#5243,#5244,#5245,#5246,#5247,#5248,#5249,#5250,#5251,#5252,#5253,#5254,
#5255,#5256,#5257,#5258,#5259,#5260,#5261,#5262,#5263,#5264,#5265,#5266,
#5267,#5268,#5269,#5270,#5271,#5272,#5273,#5274,#5275,#5276,#5277,#5278,
#5279,#5280,#5281,#5282,#5283,#5284,#5285,#5286,#5287,#5288,#5289,#5290,
#5291,#5292,#5293,#5294,#5295,#5296,#5297,#5298,#5299,#5300,#5301,#5302,
#5303,#5304,#5305,#5306,#5307,#5308,#5309,#5310,#5311,#5312,#5313,#5314,
#5315,#5316,#5317,#5318,#5319,#5320));
#5333=CLOSED_SHELL('',(#5321,#5322,#5323,#5324,#5325,#5326,#5327));
#5334=CLOSED_SHELL('',(#5328,#5329,#5330,#5331));
#5335=STYLED_ITEM('',(#5338),#5359);
#5336=STYLED_ITEM('',(#5339),#5360);
#5337=STYLED_ITEM('',(#5340),#5361);
#5338=PRESENTATION_STYLE_ASSIGNMENT((#5341));
#5339=PRESENTATION_STYLE_ASSIGNMENT((#5342));
#5340=PRESENTATION_STYLE_ASSIGNMENT((#5343));
#5341=SURFACE_STYLE_USAGE(.BOTH.,#5344);
#5342=SURFACE_STYLE_USAGE(.BOTH.,#5345);
#5343=SURFACE_STYLE_USAGE(.BOTH.,#5346);
#5344=SURFACE_SIDE_STYLE('',(#5347));
#5345=SURFACE_SIDE_STYLE('',(#5348));
#5346=SURFACE_SIDE_STYLE('',(#5349));
#5347=SURFACE_STYLE_FILL_AREA(#5350);
#5348=SURFACE_STYLE_FILL_AREA(#5351);
#5349=SURFACE_STYLE_FILL_AREA(#5352);
#5350=FILL_AREA_STYLE('',(#5353));
#5351=FILL_AREA_STYLE('',(#5354));
#5352=FILL_AREA_STYLE('',(#5355));
#5353=FILL_AREA_STYLE_COLOUR('',#5356);
#5354=FILL_AREA_STYLE_COLOUR('',#5357);
#5355=FILL_AREA_STYLE_COLOUR('',#5358);
#5356=COLOUR_RGB('',0.917647058823529,0.917647058823529,0.917647058823529);
#5357=COLOUR_RGB('',0.768627450980392,0.886274509803922,0.952941176470588);
#5358=COLOUR_RGB('',0.972549019607843,0.529411764705882,0.00392156862745098);
#5359=MANIFOLD_SOLID_BREP('Part 1',#5332);
#5360=MANIFOLD_SOLID_BREP('Part 2',#5333);
#5361=MANIFOLD_SOLID_BREP('Part 3',#5334);
#5362=SHAPE_DEFINITION_REPRESENTATION(#8980,#5365);
#5363=SHAPE_DEFINITION_REPRESENTATION(#8981,#5366);
#5364=SHAPE_DEFINITION_REPRESENTATION(#8982,#5367);
#5365=SHAPE_REPRESENTATION('Part 1',(#5368),#8965);
#5366=SHAPE_REPRESENTATION('Part 2',(#5669),#8966);
#5367=SHAPE_REPRESENTATION('Part 3',(#5683),#8967);
#5368=AXIS2_PLACEMENT_3D('',#6924,#5692,#5693);
#5369=AXIS2_PLACEMENT_3D('',#6925,#5694,#5695);
#5370=AXIS2_PLACEMENT_3D('',#7057,#5729,#5730);
#5371=AXIS2_PLACEMENT_3D('',#7061,#5732,#5733);
#5372=AXIS2_PLACEMENT_3D('',#7065,#5735,#5736);
#5373=AXIS2_PLACEMENT_3D('',#7069,#5738,#5739);
#5374=AXIS2_PLACEMENT_3D('',#7145,#5763,#5764);
#5375=AXIS2_PLACEMENT_3D('',#7149,#5766,#5767);
#5376=AXIS2_PLACEMENT_3D('',#7151,#5768,#5769);
#5377=AXIS2_PLACEMENT_3D('',#7177,#5776,#5777);
#5378=AXIS2_PLACEMENT_3D('',#7179,#5778,#5779);
#5379=AXIS2_PLACEMENT_3D('',#7254,#5795,#5796);
#5380=AXIS2_PLACEMENT_3D('',#7263,#5801,#5802);
#5381=AXIS2_PLACEMENT_3D('',#7272,#5807,#5808);
#5382=AXIS2_PLACEMENT_3D('',#7281,#5813,#5814);
#5383=AXIS2_PLACEMENT_3D('',#7303,#5826,#5827);
#5384=AXIS2_PLACEMENT_3D('',#7308,#5830,#5831);
#5385=AXIS2_PLACEMENT_3D('',#7310,#5832,#5833);
#5386=AXIS2_PLACEMENT_3D('',#7311,#5834,#5835);
#5387=AXIS2_PLACEMENT_3D('',#7317,#5839,#5840);
#5388=AXIS2_PLACEMENT_3D('',#7326,#5845,#5846);
#5389=AXIS2_PLACEMENT_3D('',#7335,#5851,#5852);
#5390=AXIS2_PLACEMENT_3D('',#7339,#5854,#5855);
#5391=AXIS2_PLACEMENT_3D('',#7343,#5857,#5858);
#5392=AXIS2_PLACEMENT_3D('',#7344,#5859,#5860);
#5393=AXIS2_PLACEMENT_3D('',#7350,#5864,#5865);
#5394=AXIS2_PLACEMENT_3D('',#7356,#5869,#5870);
#5395=AXIS2_PLACEMENT_3D('',#7362,#5874,#5875);
#5396=AXIS2_PLACEMENT_3D('',#7368,#5879,#5880);
#5397=AXIS2_PLACEMENT_3D('',#7374,#5884,#5885);
#5398=AXIS2_PLACEMENT_3D('',#7377,#5888,#5889);
#5399=AXIS2_PLACEMENT_3D('',#7378,#5890,#5891);
#5400=AXIS2_PLACEMENT_3D('',#7381,#5893,#5894);
#5401=AXIS2_PLACEMENT_3D('',#7388,#5898,#5899);
#5402=AXIS2_PLACEMENT_3D('',#7394,#5903,#5904);
#5403=AXIS2_PLACEMENT_3D('',#7396,#5906,#5907);
#5404=AXIS2_PLACEMENT_3D('',#7402,#5911,#5912);
#5405=AXIS2_PLACEMENT_3D('',#7404,#5914,#5915);
#5406=AXIS2_PLACEMENT_3D('',#7407,#5918,#5919);
#5407=AXIS2_PLACEMENT_3D('',#7408,#5920,#5921);
#5408=AXIS2_PLACEMENT_3D('',#7409,#5922,#5923);
#5409=AXIS2_PLACEMENT_3D('',#7410,#5924,#5925);
#5410=AXIS2_PLACEMENT_3D('',#7411,#5926,#5927);
#5411=AXIS2_PLACEMENT_3D('',#7412,#5928,#5929);
#5412=AXIS2_PLACEMENT_3D('',#7413,#5930,#5931);
#5413=AXIS2_PLACEMENT_3D('',#7421,#5935,#5936);
#5414=AXIS2_PLACEMENT_3D('',#7428,#5940,#5941);
#5415=AXIS2_PLACEMENT_3D('',#7442,#5948,#5949);
#5416=AXIS2_PLACEMENT_3D('',#7459,#5957,#5958);
#5417=AXIS2_PLACEMENT_3D('',#7463,#5960,#5961);
#5418=AXIS2_PLACEMENT_3D('',#7467,#5963,#5964);
#5419=AXIS2_PLACEMENT_3D('',#7471,#5966,#5967);
#5420=AXIS2_PLACEMENT_3D('',#7472,#5968,#5969);
#5421=AXIS2_PLACEMENT_3D('',#7476,#5971,#5972);
#5422=AXIS2_PLACEMENT_3D('',#7477,#5973,#5974);
#5423=AXIS2_PLACEMENT_3D('',#7491,#5982,#5983);
#5424=AXIS2_PLACEMENT_3D('',#7492,#5984,#5985);
#5425=AXIS2_PLACEMENT_3D('',#7493,#5986,#5987);
#5426=AXIS2_PLACEMENT_3D('',#7499,#5991,#5992);
#5427=AXIS2_PLACEMENT_3D('',#7503,#5995,#5996);
#5428=AXIS2_PLACEMENT_3D('',#7507,#5999,#6000);
#5429=AXIS2_PLACEMENT_3D('',#7508,#6001,#6002);
#5430=AXIS2_PLACEMENT_3D('',#7511,#6004,#6005);
#5431=AXIS2_PLACEMENT_3D('',#7515,#6008,#6009);
#5432=AXIS2_PLACEMENT_3D('',#7519,#6012,#6013);
#5433=AXIS2_PLACEMENT_3D('',#7523,#6016,#6017);
#5434=AXIS2_PLACEMENT_3D('',#7524,#6018,#6019);
#5435=AXIS2_PLACEMENT_3D('',#7525,#6020,#6021);
#5436=AXIS2_PLACEMENT_3D('',#7537,#6027,#6028);
#5437=AXIS2_PLACEMENT_3D('',#7540,#6030,#6031);
#5438=AXIS2_PLACEMENT_3D('',#7543,#6034,#6035);
#5439=AXIS2_PLACEMENT_3D('',#7545,#6037,#6038);
#5440=AXIS2_PLACEMENT_3D('',#7547,#6040,#6041);
#5441=AXIS2_PLACEMENT_3D('',#7550,#6044,#6045);
#5442=AXIS2_PLACEMENT_3D('',#7552,#6047,#6048);
#5443=AXIS2_PLACEMENT_3D('',#7553,#6049,#6050);
#5444=AXIS2_PLACEMENT_3D('',#7554,#6051,#6052);
#5445=AXIS2_PLACEMENT_3D('',#7558,#6054,#6055);
#5446=AXIS2_PLACEMENT_3D('',#7559,#6056,#6057);
#5447=AXIS2_PLACEMENT_3D('',#7573,#6065,#6066);
#5448=AXIS2_PLACEMENT_3D('',#7574,#6067,#6068);
#5449=AXIS2_PLACEMENT_3D('',#7575,#6069,#6070);
#5450=AXIS2_PLACEMENT_3D('',#7581,#6074,#6075);
#5451=AXIS2_PLACEMENT_3D('',#7585,#6078,#6079);
#5452=AXIS2_PLACEMENT_3D('',#7589,#6082,#6083);
#5453=AXIS2_PLACEMENT_3D('',#7590,#6084,#6085);
#5454=AXIS2_PLACEMENT_3D('',#7593,#6087,#6088);
#5455=AXIS2_PLACEMENT_3D('',#7597,#6091,#6092);
#5456=AXIS2_PLACEMENT_3D('',#7601,#6095,#6096);
#5457=AXIS2_PLACEMENT_3D('',#7605,#6099,#6100);
#5458=AXIS2_PLACEMENT_3D('',#7606,#6101,#6102);
#5459=AXIS2_PLACEMENT_3D('',#7607,#6103,#6104);
#5460=AXIS2_PLACEMENT_3D('',#7611,#6106,#6107);
#5461=AXIS2_PLACEMENT_3D('',#7622,#6113,#6114);
#5462=AXIS2_PLACEMENT_3D('',#7625,#6117,#6118);
#5463=AXIS2_PLACEMENT_3D('',#7627,#6120,#6121);
#5464=AXIS2_PLACEMENT_3D('',#7629,#6123,#6124);
#5465=AXIS2_PLACEMENT_3D('',#7631,#6126,#6127);
#5466=AXIS2_PLACEMENT_3D('',#7633,#6129,#6130);
#5467=AXIS2_PLACEMENT_3D('',#7635,#6132,#6133);
#5468=AXIS2_PLACEMENT_3D('',#7636,#6134,#6135);
#5469=AXIS2_PLACEMENT_3D('',#7637,#6136,#6137);
#5470=AXIS2_PLACEMENT_3D('',#7641,#6139,#6140);
#5471=AXIS2_PLACEMENT_3D('',#7647,#6144,#6145);
#5472=AXIS2_PLACEMENT_3D('',#7661,#6153,#6154);
#5473=AXIS2_PLACEMENT_3D('',#7665,#6156,#6157);
#5474=AXIS2_PLACEMENT_3D('',#7666,#6158,#6159);
#5475=AXIS2_PLACEMENT_3D('',#7669,#6162,#6163);
#5476=AXIS2_PLACEMENT_3D('',#7675,#6167,#6168);
#5477=AXIS2_PLACEMENT_3D('',#7679,#6171,#6172);
#5478=AXIS2_PLACEMENT_3D('',#7683,#6175,#6176);
#5479=AXIS2_PLACEMENT_3D('',#7684,#6177,#6178);
#5480=AXIS2_PLACEMENT_3D('',#7687,#6180,#6181);
#5481=AXIS2_PLACEMENT_3D('',#7691,#6184,#6185);
#5482=AXIS2_PLACEMENT_3D('',#7695,#6188,#6189);
#5483=AXIS2_PLACEMENT_3D('',#7699,#6192,#6193);
#5484=AXIS2_PLACEMENT_3D('',#7700,#6194,#6195);
#5485=AXIS2_PLACEMENT_3D('',#7701,#6196,#6197);
#5486=AXIS2_PLACEMENT_3D('',#7705,#6199,#6200);
#5487=AXIS2_PLACEMENT_3D('',#7716,#6206,#6207);
#5488=AXIS2_PLACEMENT_3D('',#7719,#6210,#6211);
#5489=AXIS2_PLACEMENT_3D('',#7721,#6213,#6214);
#5490=AXIS2_PLACEMENT_3D('',#7723,#6216,#6217);
#5491=AXIS2_PLACEMENT_3D('',#7725,#6219,#6220);
#5492=AXIS2_PLACEMENT_3D('',#7727,#6222,#6223);
#5493=AXIS2_PLACEMENT_3D('',#7729,#6225,#6226);
#5494=AXIS2_PLACEMENT_3D('',#7730,#6227,#6228);
#5495=AXIS2_PLACEMENT_3D('',#7736,#6232,#6233);
#5496=AXIS2_PLACEMENT_3D('',#7742,#6237,#6238);
#5497=AXIS2_PLACEMENT_3D('',#7743,#6239,#6240);
#5498=AXIS2_PLACEMENT_3D('',#7747,#6242,#6243);
#5499=AXIS2_PLACEMENT_3D('',#7751,#6245,#6246);
#5500=AXIS2_PLACEMENT_3D('',#7752,#6247,#6248);
#5501=AXIS2_PLACEMENT_3D('',#7753,#6249,#6250);
#5502=AXIS2_PLACEMENT_3D('',#7756,#6251,#6252);
#5503=AXIS2_PLACEMENT_3D('',#7757,#6253,#6254);
#5504=AXIS2_PLACEMENT_3D('',#7758,#6255,#6256);
#5505=AXIS2_PLACEMENT_3D('',#7760,#6257,#6258);
#5506=AXIS2_PLACEMENT_3D('',#7762,#6259,#6260);
#5507=AXIS2_PLACEMENT_3D('',#7765,#6262,#6263);
#5508=AXIS2_PLACEMENT_3D('',#7779,#6271,#6272);
#5509=AXIS2_PLACEMENT_3D('',#7783,#6274,#6275);
#5510=AXIS2_PLACEMENT_3D('',#7788,#6279,#6280);
#5511=AXIS2_PLACEMENT_3D('',#7789,#6281,#6282);
#5512=AXIS2_PLACEMENT_3D('',#7792,#6283,#6284);
#5513=AXIS2_PLACEMENT_3D('',#7793,#6285,#6286);
#5514=AXIS2_PLACEMENT_3D('',#7798,#6289,#6290);
#5515=AXIS2_PLACEMENT_3D('',#7803,#6293,#6294);
#5516=AXIS2_PLACEMENT_3D('',#7804,#6295,#6296);
#5517=AXIS2_PLACEMENT_3D('',#7807,#6298,#6299);
#5518=AXIS2_PLACEMENT_3D('',#7810,#6301,#6302);
#5519=AXIS2_PLACEMENT_3D('',#7811,#6303,#6304);
#5520=AXIS2_PLACEMENT_3D('',#7814,#6305,#6306);
#5521=AXIS2_PLACEMENT_3D('',#7815,#6307,#6308);
#5522=AXIS2_PLACEMENT_3D('',#7819,#6311,#6312);
#5523=AXIS2_PLACEMENT_3D('',#7820,#6313,#6314);
#5524=AXIS2_PLACEMENT_3D('',#7821,#6315,#6316);
#5525=AXIS2_PLACEMENT_3D('',#7823,#6317,#6318);
#5526=AXIS2_PLACEMENT_3D('',#7826,#6320,#6321);
#5527=AXIS2_PLACEMENT_3D('',#7829,#6324,#6325);
#5528=AXIS2_PLACEMENT_3D('',#7831,#6327,#6328);
#5529=AXIS2_PLACEMENT_3D('',#7833,#6330,#6331);
#5530=AXIS2_PLACEMENT_3D('',#7840,#6336,#6337);
#5531=AXIS2_PLACEMENT_3D('',#7842,#6339,#6340);
#5532=AXIS2_PLACEMENT_3D('',#7844,#6342,#6343);
#5533=AXIS2_PLACEMENT_3D('',#7846,#6345,#6346);
#5534=AXIS2_PLACEMENT_3D('',#7854,#6352,#6353);
#5535=AXIS2_PLACEMENT_3D('',#7860,#6357,#6358);
#5536=AXIS2_PLACEMENT_3D('',#7869,#6364,#6365);
#5537=AXIS2_PLACEMENT_3D('',#7873,#6368,#6369);
#5538=AXIS2_PLACEMENT_3D('',#7882,#6375,#6376);
#5539=AXIS2_PLACEMENT_3D('',#7883,#6377,#6378);
#5540=AXIS2_PLACEMENT_3D('',#7896,#6386,#6387);
#5541=AXIS2_PLACEMENT_3D('',#7900,#6390,#6391);
#5542=AXIS2_PLACEMENT_3D('',#7913,#6399,#6400);
#5543=AXIS2_PLACEMENT_3D('',#7915,#6402,#6403);
#5544=AXIS2_PLACEMENT_3D('',#7916,#6404,#6405);
#5545=AXIS2_PLACEMENT_3D('',#7918,#6407,#6408);
#5546=AXIS2_PLACEMENT_3D('',#7920,#6410,#6411);
#5547=AXIS2_PLACEMENT_3D('',#7922,#6413,#6414);
#5548=AXIS2_PLACEMENT_3D('',#7928,#6418,#6419);
#5549=AXIS2_PLACEMENT_3D('',#7932,#6422,#6423);
#5550=AXIS2_PLACEMENT_3D('',#7934,#6425,#6426);
#5551=AXIS2_PLACEMENT_3D('',#7935,#6427,#6428);
#5552=AXIS2_PLACEMENT_3D('',#7937,#6430,#6431);
#5553=AXIS2_PLACEMENT_3D('',#7939,#6433,#6434);
#5554=AXIS2_PLACEMENT_3D('',#7943,#6437,#6438);
#5555=AXIS2_PLACEMENT_3D('',#7945,#6440,#6441);
#5556=AXIS2_PLACEMENT_3D('',#7946,#6442,#6443);
#5557=AXIS2_PLACEMENT_3D('',#7952,#6447,#6448);
#5558=AXIS2_PLACEMENT_3D('',#7953,#6449,#6450);
#5559=AXIS2_PLACEMENT_3D('',#7955,#6451,#6452);
#5560=AXIS2_PLACEMENT_3D('',#7958,#6454,#6455);
#5561=AXIS2_PLACEMENT_3D('',#7959,#6456,#6457);
#5562=AXIS2_PLACEMENT_3D('',#7963,#6459,#6460);
#5563=AXIS2_PLACEMENT_3D('',#7964,#6461,#6462);
#5564=AXIS2_PLACEMENT_3D('',#7966,#6464,#6465);
#5565=AXIS2_PLACEMENT_3D('',#7967,#6466,#6467);
#5566=AXIS2_PLACEMENT_3D('',#7968,#6468,#6469);
#5567=AXIS2_PLACEMENT_3D('',#7974,#6473,#6474);
#5568=AXIS2_PLACEMENT_3D('',#7978,#6477,#6478);
#5569=AXIS2_PLACEMENT_3D('',#7982,#6481,#6482);
#5570=AXIS2_PLACEMENT_3D('',#7984,#6484,#6485);
#5571=AXIS2_PLACEMENT_3D('',#8000,#6488,#6489);
#5572=AXIS2_PLACEMENT_3D('',#8030,#6494,#6495);
#5573=AXIS2_PLACEMENT_3D('',#8086,#6502,#6503);
#5574=AXIS2_PLACEMENT_3D('',#8101,#6506,#6507);
#5575=AXIS2_PLACEMENT_3D('',#8102,#6508,#6509);
#5576=AXIS2_PLACEMENT_3D('',#8108,#6513,#6514);
#5577=AXIS2_PLACEMENT_3D('',#8112,#6517,#6518);
#5578=AXIS2_PLACEMENT_3D('',#8116,#6521,#6522);
#5579=AXIS2_PLACEMENT_3D('',#8120,#6525,#6526);
#5580=AXIS2_PLACEMENT_3D('',#8124,#6529,#6530);
#5581=AXIS2_PLACEMENT_3D('',#8128,#6533,#6534);
#5582=AXIS2_PLACEMENT_3D('',#8130,#6536,#6537);
#5583=AXIS2_PLACEMENT_3D('',#8131,#6538,#6539);
#5584=AXIS2_PLACEMENT_3D('',#8137,#6543,#6544);
#5585=AXIS2_PLACEMENT_3D('',#8141,#6547,#6548);
#5586=AXIS2_PLACEMENT_3D('',#8145,#6551,#6552);
#5587=AXIS2_PLACEMENT_3D('',#8147,#6554,#6555);
#5588=AXIS2_PLACEMENT_3D('',#8148,#6556,#6557);
#5589=AXIS2_PLACEMENT_3D('',#8154,#6561,#6562);
#5590=AXIS2_PLACEMENT_3D('',#8158,#6565,#6566);
#5591=AXIS2_PLACEMENT_3D('',#8162,#6569,#6570);
#5592=AXIS2_PLACEMENT_3D('',#8166,#6573,#6574);
#5593=AXIS2_PLACEMENT_3D('',#8170,#6577,#6578);
#5594=AXIS2_PLACEMENT_3D('',#8174,#6581,#6582);
#5595=AXIS2_PLACEMENT_3D('',#8176,#6584,#6585);
#5596=AXIS2_PLACEMENT_3D('',#8177,#6586,#6587);
#5597=AXIS2_PLACEMENT_3D('',#8183,#6591,#6592);
#5598=AXIS2_PLACEMENT_3D('',#8187,#6595,#6596);
#5599=AXIS2_PLACEMENT_3D('',#8191,#6599,#6600);
#5600=AXIS2_PLACEMENT_3D('',#8193,#6602,#6603);
#5601=AXIS2_PLACEMENT_3D('',#8331,#6614,#6615);
#5602=AXIS2_PLACEMENT_3D('',#8335,#6618,#6619);
#5603=AXIS2_PLACEMENT_3D('',#8338,#6621,#6622);
#5604=AXIS2_PLACEMENT_3D('',#8339,#6623,#6624);
#5605=AXIS2_PLACEMENT_3D('',#8342,#6626,#6627);
#5606=AXIS2_PLACEMENT_3D('',#8343,#6628,#6629);
#5607=AXIS2_PLACEMENT_3D('',#8347,#6632,#6633);
#5608=AXIS2_PLACEMENT_3D('',#8350,#6635,#6636);
#5609=AXIS2_PLACEMENT_3D('',#8351,#6637,#6638);
#5610=AXIS2_PLACEMENT_3D('',#8355,#6641,#6642);
#5611=AXIS2_PLACEMENT_3D('',#8359,#6645,#6646);
#5612=AXIS2_PLACEMENT_3D('',#8363,#6649,#6650);
#5613=AXIS2_PLACEMENT_3D('',#8367,#6653,#6654);
#5614=AXIS2_PLACEMENT_3D('',#8461,#6662,#6663);
#5615=AXIS2_PLACEMENT_3D('',#8462,#6664,#6665);
#5616=AXIS2_PLACEMENT_3D('',#8468,#6669,#6670);
#5617=AXIS2_PLACEMENT_3D('',#8472,#6673,#6674);
#5618=AXIS2_PLACEMENT_3D('',#8476,#6677,#6678);
#5619=AXIS2_PLACEMENT_3D('',#8480,#6681,#6682);
#5620=AXIS2_PLACEMENT_3D('',#8484,#6685,#6686);
#5621=AXIS2_PLACEMENT_3D('',#8488,#6689,#6690);
#5622=AXIS2_PLACEMENT_3D('',#8490,#6692,#6693);
#5623=AXIS2_PLACEMENT_3D('',#8491,#6694,#6695);
#5624=AXIS2_PLACEMENT_3D('',#8497,#6699,#6700);
#5625=AXIS2_PLACEMENT_3D('',#8501,#6703,#6704);
#5626=AXIS2_PLACEMENT_3D('',#8505,#6707,#6708);
#5627=AXIS2_PLACEMENT_3D('',#8507,#6710,#6711);
#5628=AXIS2_PLACEMENT_3D('',#8508,#6712,#6713);
#5629=AXIS2_PLACEMENT_3D('',#8514,#6717,#6718);
#5630=AXIS2_PLACEMENT_3D('',#8518,#6721,#6722);
#5631=AXIS2_PLACEMENT_3D('',#8522,#6725,#6726);
#5632=AXIS2_PLACEMENT_3D('',#8526,#6729,#6730);
#5633=AXIS2_PLACEMENT_3D('',#8530,#6733,#6734);
#5634=AXIS2_PLACEMENT_3D('',#8534,#6737,#6738);
#5635=AXIS2_PLACEMENT_3D('',#8536,#6740,#6741);
#5636=AXIS2_PLACEMENT_3D('',#8552,#6744,#6745);
#5637=AXIS2_PLACEMENT_3D('',#8582,#6750,#6751);
#5638=AXIS2_PLACEMENT_3D('',#8599,#6755,#6756);
#5639=AXIS2_PLACEMENT_3D('',#8602,#6758,#6759);
#5640=AXIS2_PLACEMENT_3D('',#8603,#6760,#6761);
#5641=AXIS2_PLACEMENT_3D('',#8606,#6763,#6764);
#5642=AXIS2_PLACEMENT_3D('',#8620,#6766,#6767);
#5643=AXIS2_PLACEMENT_3D('',#8635,#6770,#6771);
#5644=AXIS2_PLACEMENT_3D('',#8651,#6774,#6775);
#5645=AXIS2_PLACEMENT_3D('',#8681,#6780,#6781);
#5646=AXIS2_PLACEMENT_3D('',#8737,#6788,#6789);
#5647=AXIS2_PLACEMENT_3D('',#8752,#6792,#6793);
#5648=AXIS2_PLACEMENT_3D('',#8753,#6794,#6795);
#5649=AXIS2_PLACEMENT_3D('',#8759,#6799,#6800);
#5650=AXIS2_PLACEMENT_3D('',#8763,#6803,#6804);
#5651=AXIS2_PLACEMENT_3D('',#8767,#6807,#6808);
#5652=AXIS2_PLACEMENT_3D('',#8771,#6811,#6812);
#5653=AXIS2_PLACEMENT_3D('',#8775,#6815,#6816);
#5654=AXIS2_PLACEMENT_3D('',#8779,#6819,#6820);
#5655=AXIS2_PLACEMENT_3D('',#8783,#6823,#6824);
#5656=AXIS2_PLACEMENT_3D('',#8787,#6827,#6828);
#5657=AXIS2_PLACEMENT_3D('',#8791,#6831,#6832);
#5658=AXIS2_PLACEMENT_3D('',#8793,#6834,#6835);
#5659=AXIS2_PLACEMENT_3D('',#8794,#6836,#6837);
#5660=AXIS2_PLACEMENT_3D('',#8800,#6841,#6842);
#5661=AXIS2_PLACEMENT_3D('',#8804,#6845,#6846);
#5662=AXIS2_PLACEMENT_3D('',#8808,#6849,#6850);
#5663=AXIS2_PLACEMENT_3D('',#8810,#6852,#6853);
#5664=AXIS2_PLACEMENT_3D('',#8826,#6856,#6857);
#5665=AXIS2_PLACEMENT_3D('',#8856,#6862,#6863);
#5666=AXIS2_PLACEMENT_3D('',#8912,#6870,#6871);
#5667=AXIS2_PLACEMENT_3D('',#8927,#6874,#6875);
#5668=AXIS2_PLACEMENT_3D('',#8928,#6876,#6877);
#5669=AXIS2_PLACEMENT_3D('',#8929,#6878,#6879);
#5670=AXIS2_PLACEMENT_3D('',#8930,#6880,#6881);
#5671=AXIS2_PLACEMENT_3D('',#8931,#6882,#6883);
#5672=AXIS2_PLACEMENT_3D('',#8933,#6884,#6885);
#5673=AXIS2_PLACEMENT_3D('',#8935,#6886,#6887);
#5674=AXIS2_PLACEMENT_3D('',#8936,#6888,#6889);
#5675=AXIS2_PLACEMENT_3D('',#8938,#6890,#6891);
#5676=AXIS2_PLACEMENT_3D('',#8939,#6892,#6893);
#5677=AXIS2_PLACEMENT_3D('',#8941,#6894,#6895);
#5678=AXIS2_PLACEMENT_3D('',#8943,#6896,#6897);
#5679=AXIS2_PLACEMENT_3D('',#8944,#6898,#6899);
#5680=AXIS2_PLACEMENT_3D('',#8945,#6900,#6901);
#5681=AXIS2_PLACEMENT_3D('',#8946,#6902,#6903);
#5682=AXIS2_PLACEMENT_3D('',#8948,#6904,#6905);
#5683=AXIS2_PLACEMENT_3D('',#8949,#6906,#6907);
#5684=AXIS2_PLACEMENT_3D('',#8950,#6908,#6909);
#5685=AXIS2_PLACEMENT_3D('',#8951,#6910,#6911);
#5686=AXIS2_PLACEMENT_3D('',#8953,#6912,#6913);
#5687=AXIS2_PLACEMENT_3D('',#8955,#6914,#6915);
#5688=AXIS2_PLACEMENT_3D('',#8956,#6916,#6917);
#5689=AXIS2_PLACEMENT_3D('',#8958,#6918,#6919);
#5690=AXIS2_PLACEMENT_3D('',#8960,#6920,#6921);
#5691=AXIS2_PLACEMENT_3D('',#8961,#6922,#6923);
#5692=DIRECTION('',(0.,0.,1.));
#5693=DIRECTION('',(1.,0.,0.));
#5694=DIRECTION('',(0.,0.,1.));
#5695=DIRECTION('',(1.,0.,0.));
#5696=DIRECTION('',(-0.261188294514139,-0.965287871470887,0.));
#5697=DIRECTION('',(1.,0.,0.));
#5698=DIRECTION('',(0.263482018837229,0.964664307284901,0.));
#5699=DIRECTION('',(-1.,0.,0.));
#5700=DIRECTION('',(-1.,0.,0.));
#5701=DIRECTION('',(1.,0.,0.));
#5702=DIRECTION('',(0.,1.,0.));
#5703=DIRECTION('',(-0.438468391754047,-0.898746610248194,0.));
#5704=DIRECTION('',(-0.435156360986638,0.900354897522564,0.));
#5705=DIRECTION('',(-1.,0.,0.));
#5706=DIRECTION('',(0.447213595499959,-0.894427190999916,0.));
#5707=DIRECTION('',(1.,0.,0.));
#5708=DIRECTION('',(0.44907730448725,0.893492906851793,0.));
#5709=DIRECTION('',(-1.,0.,0.));
#5710=DIRECTION('',(-0.438468391754048,-0.898746610248194,0.));
#5711=DIRECTION('',(-0.435156360986638,0.900354897522564,0.));
#5712=DIRECTION('',(-1.,0.,0.));
#5713=DIRECTION('',(0.447213595499957,-0.894427190999916,0.));
#5714=DIRECTION('',(1.,0.,0.));
#5715=DIRECTION('',(0.449077304487248,0.893492906851793,0.));
#5716=DIRECTION('',(-1.,0.,0.));
#5717=DIRECTION('',(0.263482018837229,-0.964664307284901,0.));
#5718=DIRECTION('',(1.,0.,0.));
#5719=DIRECTION('',(-0.261188294514139,0.965287871470887,0.));
#5720=DIRECTION('',(-1.,0.,0.));
#5721=DIRECTION('',(0.,-1.,0.));
#5722=DIRECTION('',(1.,0.,0.));
#5723=DIRECTION('',(0.,1.,0.));
#5724=DIRECTION('',(-1.,0.,0.));
#5725=DIRECTION('',(-1.,0.,0.));
#5726=DIRECTION('',(1.,0.,0.));
#5727=DIRECTION('',(0.,1.,0.));
#5728=DIRECTION('',(1.,0.,0.));
#5729=DIRECTION('',(0.,0.,1.));
#5730=DIRECTION('',(1.,0.,0.));
#5731=DIRECTION('',(0.,1.,0.));
#5732=DIRECTION('',(0.,0.,1.));
#5733=DIRECTION('',(0.,-1.,0.));
#5734=DIRECTION('',(1.,0.,0.));
#5735=DIRECTION('',(0.,0.,1.));
#5736=DIRECTION('',(-1.,0.,0.));
#5737=DIRECTION('',(-2.02437469485118E-16,1.,0.));
#5738=DIRECTION('',(0.,0.,1.));
#5739=DIRECTION('',(-3.10163736999968E-15,1.,0.));
#5740=DIRECTION('',(0.,-1.,0.));
#5741=DIRECTION('',(1.,0.,0.));
#5742=DIRECTION('',(0.,1.,0.));
#5743=DIRECTION('',(-1.,0.,0.));
#5744=DIRECTION('',(-0.438468391754048,-0.898746610248194,0.));
#5745=DIRECTION('',(-0.435156360986639,0.900354897522564,0.));
#5746=DIRECTION('',(-1.,0.,0.));
#5747=DIRECTION('',(0.447213595499958,-0.894427190999916,0.));
#5748=DIRECTION('',(1.,0.,0.));
#5749=DIRECTION('',(0.449077304487249,0.893492906851793,0.));
#5750=DIRECTION('',(-1.,0.,0.));
#5751=DIRECTION('',(-0.438468391754048,-0.898746610248194,0.));
#5752=DIRECTION('',(-0.435156360986639,0.900354897522564,0.));
#5753=DIRECTION('',(-1.,0.,0.));
#5754=DIRECTION('',(0.447213595499958,-0.894427190999916,0.));
#5755=DIRECTION('',(1.,0.,0.));
#5756=DIRECTION('',(0.449077304487249,0.893492906851793,0.));
#5757=DIRECTION('',(-1.,0.,0.));
#5758=DIRECTION('',(1.,0.,0.));
#5759=DIRECTION('',(-0.0158710166267238,-0.999874047483599,0.));
#5760=DIRECTION('',(0.,-1.,0.));
#5761=DIRECTION('',(1.,0.,0.));
#5762=DIRECTION('',(0.,1.,0.));
#5763=DIRECTION('',(0.,0.,-1.));
#5764=DIRECTION('',(-1.,0.,0.));
#5765=DIRECTION('',(-1.,0.,0.));
#5766=DIRECTION('',(0.,0.,-1.));
#5767=DIRECTION('',(-1.,0.,0.));
#5768=DIRECTION('',(0.,0.,-1.));
#5769=DIRECTION('',(-1.,0.,0.));
#5770=DIRECTION('',(-1.,0.,0.));
#5771=DIRECTION('',(0.,-1.,0.));
#5772=DIRECTION('',(1.,0.,0.));
#5773=DIRECTION('',(0.,1.,0.));
#5774=DIRECTION('',(-1.,0.,0.));
#5775=DIRECTION('',(1.,0.,0.));
#5776=DIRECTION('',(0.,0.,-1.));
#5777=DIRECTION('',(-1.,0.,0.));
#5778=DIRECTION('',(0.,0.,-1.));
#5779=DIRECTION('',(-1.,0.,0.));
#5780=DIRECTION('',(-1.,0.,0.));
#5781=DIRECTION('',(0.,-1.,0.));
#5782=DIRECTION('',(0.,-1.,0.));
#5783=DIRECTION('',(0.600355518830045,-0.799733237405016,0.));
#5784=DIRECTION('',(-1.,0.,0.));
#5785=DIRECTION('',(0.,-1.,0.));
#5786=DIRECTION('',(1.,0.,0.));
#5787=DIRECTION('',(0.,1.,0.));
#5788=DIRECTION('',(-0.600964152573869,0.799275976944867,0.));
#5789=DIRECTION('',(1.,0.,0.));
#5790=DIRECTION('',(0.,1.,0.));
#5791=DIRECTION('',(-1.,0.,0.));
#5792=DIRECTION('',(1.,0.,0.));
#5793=DIRECTION('',(-1.,0.,0.));
#5794=DIRECTION('',(0.,-1.,0.));
#5795=DIRECTION('',(1.,0.,0.));
#5796=DIRECTION('',(0.,0.,-1.));
#5797=DIRECTION('',(-1.22464679914735E-16,-1.,0.));
#5798=DIRECTION('',(0.,0.,-1.));
#5799=DIRECTION('',(0.,-1.,0.));
#5800=DIRECTION('',(0.,0.,-1.));
#5801=DIRECTION('',(0.,0.,1.));
#5802=DIRECTION('',(1.,0.,0.));
#5803=DIRECTION('',(1.,-1.22464679914735E-16,0.));
#5804=DIRECTION('',(0.,-1.,0.));
#5805=DIRECTION('',(1.,-1.22464679914735E-16,0.));
#5806=DIRECTION('',(-1.22464679914735E-16,-1.,0.));
#5807=DIRECTION('',(0.,0.,-1.));
#5808=DIRECTION('',(-1.,0.,0.));
#5809=DIRECTION('',(0.,-1.,0.));
#5810=DIRECTION('',(1.,-1.22464679914735E-16,0.));
#5811=DIRECTION('',(1.22464679914735E-16,1.,0.));
#5812=DIRECTION('',(1.,-1.22464679914735E-16,0.));
#5813=DIRECTION('',(-1.,-2.02437469485118E-16,0.));
#5814=DIRECTION('',(2.02437469485118E-16,-1.,0.));
#5815=DIRECTION('',(0.,0.,1.));
#5816=DIRECTION('',(-2.02437469485118E-16,1.,0.));
#5817=DIRECTION('',(0.,0.,1.));
#5818=DIRECTION('',(-2.02437469485118E-16,1.,0.));
#5819=DIRECTION('',(0.,0.,-1.));
#5820=DIRECTION('',(0.,0.,-1.));
#5821=DIRECTION('',(-2.02437469485118E-16,1.,0.));
#5822=DIRECTION('',(0.,0.,1.));
#5823=DIRECTION('',(-2.02437469485118E-16,1.,0.));
#5824=DIRECTION('',(0.,0.,1.));
#5825=DIRECTION('',(-2.02437469485118E-16,1.,0.));
#5826=DIRECTION('',(0.,0.,1.));
#5827=DIRECTION('',(1.,0.,0.));
#5828=DIRECTION('',(1.,-1.22464679914735E-16,0.));
#5829=DIRECTION('',(-1.22464679914735E-16,-1.,0.));
#5830=DIRECTION('',(0.,0.,1.));
#5831=DIRECTION('',(1.,0.,0.));
#5832=DIRECTION('',(0.,0.,1.));
#5833=DIRECTION('',(-3.10163736999968E-15,1.,0.));
#5834=DIRECTION('',(0.,0.,1.));
#5835=DIRECTION('',(1.,0.,0.));
#5836=DIRECTION('',(1.,-1.22464679914735E-16,0.));
#5837=DIRECTION('',(1.,-1.22464679914735E-16,0.));
#5838=DIRECTION('',(-1.22464679914735E-16,-1.,0.));
#5839=DIRECTION('',(0.,1.,0.));
#5840=DIRECTION('',(0.,0.,1.));
#5841=DIRECTION('',(-1.,0.,0.));
#5842=DIRECTION('',(0.,0.,1.));
#5843=DIRECTION('',(-1.,0.,0.));
#5844=DIRECTION('',(0.,0.,1.));
#5845=DIRECTION('',(0.,1.,0.));
#5846=DIRECTION('',(0.,0.,1.));
#5847=DIRECTION('',(0.,0.,1.));
#5848=DIRECTION('',(-1.,0.,0.));
#5849=DIRECTION('',(0.,0.,1.));
#5850=DIRECTION('',(-1.,0.,0.));
#5851=DIRECTION('',(0.,0.,-1.));
#5852=DIRECTION('',(1.,-1.22464679914735E-16,0.));
#5853=DIRECTION('',(0.,0.,-1.));
#5854=DIRECTION('',(0.,0.,1.));
#5855=DIRECTION('',(1.,0.,0.));
#5856=DIRECTION('',(0.,0.,-1.));
#5857=DIRECTION('',(0.,0.,1.));
#5858=DIRECTION('',(-0.829159586521557,-0.559011967742553,0.));
#5859=DIRECTION('',(-0.0225135516346452,-0.999746537874873,0.));
#5860=DIRECTION('',(0.999746537874873,-0.0225135516346452,0.));
#5861=DIRECTION('',(-0.999746537874873,0.0225135516346452,0.));
#5862=DIRECTION('',(0.,0.,-1.));
#5863=DIRECTION('',(-0.999746537874873,0.0225135516346452,0.));
#5864=DIRECTION('',(-0.671851764659542,-0.740685632589063,0.));
#5865=DIRECTION('',(0.740685632589063,-0.671851764659542,0.));
#5866=DIRECTION('',(-0.740685632589063,0.671851764659542,0.));
#5867=DIRECTION('',(0.,0.,-1.));
#5868=DIRECTION('',(-0.740685632589063,0.671851764659542,0.));
#5869=DIRECTION('',(-0.999999039818769,-0.00138577109954035,0.));
#5870=DIRECTION('',(0.00138577109954035,-0.999999039818769,0.));
#5871=DIRECTION('',(-0.00138577109954035,0.999999039818769,0.));
#5872=DIRECTION('',(0.,0.,-1.));
#5873=DIRECTION('',(-0.00138577109954035,0.999999039818769,0.));
#5874=DIRECTION('',(-0.00138577109954018,0.999999039818769,0.));
#5875=DIRECTION('',(-0.999999039818769,-0.00138577109954018,0.));
#5876=DIRECTION('',(0.999999039818769,0.00138577109954018,0.));
#5877=DIRECTION('',(0.,0.,-1.));
#5878=DIRECTION('',(0.999999039818769,0.00138577109954018,0.));
#5879=DIRECTION('',(0.999999999940678,-1.08923749531101E-5,0.));
#5880=DIRECTION('',(1.08923749531101E-5,0.999999999940678,0.));
#5881=DIRECTION('',(-1.08923749531101E-5,-0.999999999940678,0.));
#5882=DIRECTION('',(0.,0.,-1.));
#5883=DIRECTION('',(-1.08923749531101E-5,-0.999999999940678,0.));
#5884=DIRECTION('',(-0.0225135516346455,-0.999746537874873,0.));
#5885=DIRECTION('',(0.999746537874873,-0.0225135516346455,0.));
#5886=DIRECTION('',(-0.999746537874873,0.0225135516346455,0.));
#5887=DIRECTION('',(-0.999746537874873,0.0225135516346455,0.));
#5888=DIRECTION('',(0.,0.,1.));
#5889=DIRECTION('',(1.,0.,0.));
#5890=DIRECTION('',(0.,0.,1.));
#5891=DIRECTION('',(0.729219204906221,0.684280170102817,2.05709646035177E-17));
#5892=DIRECTION('',(0.,1.,0.));
#5893=DIRECTION('',(0.,0.,1.));
#5894=DIRECTION('',(-0.665470276376828,-0.746424350660499,1.69188471213528E-17));
#5895=DIRECTION('',(-1.,0.,0.));
#5896=DIRECTION('',(0.,1.,0.));
#5897=DIRECTION('',(-1.,0.,0.));
#5898=DIRECTION('',(0.,1.,0.));
#5899=DIRECTION('',(0.,0.,1.));
#5900=DIRECTION('',(0.,0.,1.));
#5901=DIRECTION('',(-1.,0.,0.));
#5902=DIRECTION('',(0.,0.,1.));
#5903=DIRECTION('',(1.,0.,0.));
#5904=DIRECTION('',(0.,0.,-1.));
#5905=DIRECTION('',(0.,1.,0.));
#5906=DIRECTION('',(0.,1.,0.));
#5907=DIRECTION('',(0.,0.,1.));
#5908=DIRECTION('',(-1.,0.,0.));
#5909=DIRECTION('',(0.,0.,1.));
#5910=DIRECTION('',(0.,0.,1.));
#5911=DIRECTION('',(1.,0.,0.));
#5912=DIRECTION('',(0.,0.,-1.));
#5913=DIRECTION('',(0.,1.,0.));
#5914=DIRECTION('',(0.,0.,1.));
#5915=DIRECTION('',(1.,0.,0.));
#5916=DIRECTION('',(1.,0.,0.));
#5917=DIRECTION('',(1.,0.,0.));
#5918=DIRECTION('',(0.,0.,1.));
#5919=DIRECTION('',(1.,0.,0.));
#5920=DIRECTION('',(0.,0.,1.));
#5921=DIRECTION('',(0.729219204906221,0.684280170102817,2.05709646035177E-17));
#5922=DIRECTION('',(0.,0.,1.));
#5923=DIRECTION('',(1.,0.,0.));
#5924=DIRECTION('',(0.,0.,1.));
#5925=DIRECTION('',(1.,0.,0.));
#5926=DIRECTION('',(0.,0.,1.));
#5927=DIRECTION('',(-0.665470276376828,-0.746424350660499,1.69188471213528E-17));
#5928=DIRECTION('',(0.,0.,1.));
#5929=DIRECTION('',(1.,0.,0.));
#5930=DIRECTION('',(0.,0.,1.));
#5931=DIRECTION('',(-1.,1.22464679914735E-16,0.));
#5932=DIRECTION('',(-1.,-1.83537800605401E-16,0.));
#5933=DIRECTION('',(-1.16552400181286E-17,1.,0.));
#5934=DIRECTION('',(-1.,1.22464679914735E-16,0.));
#5935=DIRECTION('',(0.,0.,1.));
#5936=DIRECTION('',(-0.747805506911504,-0.6639178592513,0.));
#5937=DIRECTION('',(-1.,1.22464679914735E-16,0.));
#5938=DIRECTION('',(-0.708572752216025,0.705637764591017,0.));
#5939=DIRECTION('',(-0.00507489537440936,0.999987122635556,0.));
#5940=DIRECTION('',(0.,0.,1.));
#5941=DIRECTION('',(-0.767177998387373,-0.641434266928689,0.));
#5942=DIRECTION('',(-1.,1.22464679914735E-16,0.));
#5943=DIRECTION('',(-0.707260751170682,0.706952777668695,0.));
#5944=DIRECTION('',(-0.00138577109954035,0.999999039818769,0.));
#5945=DIRECTION('',(0.999999039818769,0.00138577109954016,0.));
#5946=DIRECTION('',(-1.0892374953212E-5,-0.999999999940678,0.));
#5947=DIRECTION('',(-1.,1.22464679914735E-16,0.));
#5948=DIRECTION('',(0.,0.,1.));
#5949=DIRECTION('',(-0.807975462391887,-0.58921613366626,0.));
#5950=DIRECTION('',(-1.,1.22464679914735E-16,0.));
#5951=DIRECTION('',(-0.707260751170681,0.706952777668695,0.));
#5952=DIRECTION('',(-0.00138577109954028,0.999999039818769,0.));
#5953=DIRECTION('',(0.999999039818769,0.00138577109954051,0.));
#5954=DIRECTION('',(-1.07711055295178E-5,-0.999999999941992,0.));
#5955=DIRECTION('',(-1.,1.22464679914735E-16,0.));
#5956=DIRECTION('',(-1.22464679914735E-16,-1.,0.));
#5957=DIRECTION('',(0.,0.,1.));
#5958=DIRECTION('',(-1.,-3.09438341889011E-15,0.));
#5959=DIRECTION('',(1.,-1.22464679914735E-16,0.));
#5960=DIRECTION('',(0.,0.,1.));
#5961=DIRECTION('',(-1.22464679914735E-16,-1.,0.));
#5962=DIRECTION('',(-1.22464679914735E-16,-1.,0.));
#5963=DIRECTION('',(0.,0.,1.));
#5964=DIRECTION('',(1.,4.16666611849172E-15,0.));
#5965=DIRECTION('',(1.,-1.22464679914735E-16,0.));
#5966=DIRECTION('',(0.,0.,1.));
#5967=DIRECTION('',(-3.0943834188901E-15,1.,0.));
#5968=DIRECTION('',(0.,0.,1.));
#5969=DIRECTION('',(1.,0.,0.));
#5970=DIRECTION('',(1.,0.,0.));
#5971=DIRECTION('',(0.,0.,1.));
#5972=DIRECTION('',(-0.83027092551731,-0.557360018516425,0.));
#5973=DIRECTION('',(0.,0.,1.));
#5974=DIRECTION('',(1.,0.,0.));
#5975=DIRECTION('',(-1.,0.,0.));
#5976=DIRECTION('',(0.,1.,0.));
#5977=DIRECTION('',(-1.,0.,0.));
#5978=DIRECTION('',(1.,0.,0.));
#5979=DIRECTION('',(-1.,0.,0.));
#5980=DIRECTION('',(0.,1.,0.));
#5981=DIRECTION('',(-1.,0.,0.));
#5982=DIRECTION('',(0.,0.,1.));
#5983=DIRECTION('',(1.,0.,0.));
#5984=DIRECTION('',(0.,0.,1.));
#5985=DIRECTION('',(0.608128131260648,0.793838885397681,0.));
#5986=DIRECTION('',(0.,1.,0.));
#5987=DIRECTION('',(0.,0.,1.));
#5988=DIRECTION('',(0.,0.,1.));
#5989=DIRECTION('',(-1.,0.,0.));
#5990=DIRECTION('',(0.,0.,1.));
#5991=DIRECTION('',(1.,0.,0.));
#5992=DIRECTION('',(0.,0.,-1.));
#5993=DIRECTION('',(0.,1.,0.));
#5994=DIRECTION('',(0.,0.,1.));
#5995=DIRECTION('',(0.,1.,0.));
#5996=DIRECTION('',(0.,0.,1.));
#5997=DIRECTION('',(0.,0.,1.));
#5998=DIRECTION('',(-1.,0.,0.));
#5999=DIRECTION('',(0.,0.,1.));
#6000=DIRECTION('',(1.,0.,0.));
#6001=DIRECTION('',(0.,0.,1.));
#6002=DIRECTION('',(-0.83027092551731,-0.557360018516425,0.));
#6003=DIRECTION('',(0.,0.,1.));
#6004=DIRECTION('',(0.,1.,0.));
#6005=DIRECTION('',(0.,0.,1.));
#6006=DIRECTION('',(-1.,0.,0.));
#6007=DIRECTION('',(0.,0.,1.));
#6008=DIRECTION('',(1.,0.,0.));
#6009=DIRECTION('',(0.,0.,-1.));
#6010=DIRECTION('',(0.,1.,0.));
#6011=DIRECTION('',(0.,0.,1.));
#6012=DIRECTION('',(0.,1.,0.));
#6013=DIRECTION('',(0.,0.,1.));
#6014=DIRECTION('',(0.,0.,1.));
#6015=DIRECTION('',(-1.,0.,0.));
#6016=DIRECTION('',(0.,0.,1.));
#6017=DIRECTION('',(1.,0.,0.));
#6018=DIRECTION('',(0.,0.,1.));
#6019=DIRECTION('',(0.608128131260648,0.793838885397681,0.));
#6020=DIRECTION('',(0.,0.,1.));
#6021=DIRECTION('',(1.,0.,0.));
#6022=DIRECTION('',(-1.16552400181286E-17,1.,0.));
#6023=DIRECTION('',(-1.,-1.83537800605401E-16,0.));
#6024=DIRECTION('',(-0.00507489537440936,0.999987122635556,0.));
#6025=DIRECTION('',(-0.708572752216025,0.705637764591017,0.));
#6026=DIRECTION('',(-1.,1.22464679914735E-16,0.));
#6027=DIRECTION('',(0.,0.,1.));
#6028=DIRECTION('',(1.,0.,0.));
#6029=DIRECTION('',(-1.,1.22464679914735E-16,0.));
#6030=DIRECTION('',(-0.999987122635556,-0.00507489537440936,0.));
#6031=DIRECTION('',(0.00507489537440936,-0.999987122635556,0.));
#6032=DIRECTION('',(0.,0.,-1.));
#6033=DIRECTION('',(0.,0.,-1.));
#6034=DIRECTION('',(-0.705637764591017,-0.708572752216025,0.));
#6035=DIRECTION('',(0.708572752216025,-0.705637764591017,0.));
#6036=DIRECTION('',(0.,0.,-1.));
#6037=DIRECTION('',(-1.22464679914735E-16,-1.,0.));
#6038=DIRECTION('',(0.,0.,1.));
#6039=DIRECTION('',(0.,0.,-1.));
#6040=DIRECTION('',(-1.22464679914735E-16,-1.,0.));
#6041=DIRECTION('',(0.,0.,1.));
#6042=DIRECTION('',(0.,0.,-1.));
#6043=DIRECTION('',(0.,0.,-1.));
#6044=DIRECTION('',(-1.,-1.16552400181286E-17,0.));
#6045=DIRECTION('',(1.16552400181286E-17,-1.,0.));
#6046=DIRECTION('',(0.,0.,-1.));
#6047=DIRECTION('',(1.83537800605401E-16,-1.,0.));
#6048=DIRECTION('',(1.,1.83537800605401E-16,0.));
#6049=DIRECTION('',(0.,0.,-1.));
#6050=DIRECTION('',(1.,-1.22464679914735E-16,0.));
#6051=DIRECTION('',(0.,0.,1.));
#6052=DIRECTION('',(1.,0.,0.));
#6053=DIRECTION('',(1.,0.,0.));
#6054=DIRECTION('',(0.,0.,1.));
#6055=DIRECTION('',(-0.74723716911792,-0.664557456574401,-1.20920850887079E-17));
#6056=DIRECTION('',(0.,0.,1.));
#6057=DIRECTION('',(1.,0.,0.));
#6058=DIRECTION('',(-1.,0.,0.));
#6059=DIRECTION('',(0.,1.,0.));
#6060=DIRECTION('',(-1.,0.,0.));
#6061=DIRECTION('',(1.,0.,0.));
#6062=DIRECTION('',(-1.,0.,0.));
#6063=DIRECTION('',(0.,1.,0.));
#6064=DIRECTION('',(-1.,0.,0.));
#6065=DIRECTION('',(0.,0.,1.));
#6066=DIRECTION('',(1.,0.,0.));
#6067=DIRECTION('',(0.,0.,1.));
#6068=DIRECTION('',(0.6858672502054,0.727726676091844,-2.11351915704345E-17));
#6069=DIRECTION('',(0.,1.,0.));
#6070=DIRECTION('',(0.,0.,1.));
#6071=DIRECTION('',(0.,0.,1.));
#6072=DIRECTION('',(-1.,0.,0.));
#6073=DIRECTION('',(0.,0.,1.));
#6074=DIRECTION('',(1.,0.,0.));
#6075=DIRECTION('',(0.,0.,-1.));
#6076=DIRECTION('',(0.,1.,0.));
#6077=DIRECTION('',(0.,0.,1.));
#6078=DIRECTION('',(0.,1.,0.));
#6079=DIRECTION('',(0.,0.,1.));
#6080=DIRECTION('',(0.,0.,1.));
#6081=DIRECTION('',(-1.,0.,0.));
#6082=DIRECTION('',(0.,0.,1.));
#6083=DIRECTION('',(1.,0.,0.));
#6084=DIRECTION('',(0.,0.,1.));
#6085=DIRECTION('',(-0.74723716911792,-0.664557456574401,-1.20920850887079E-17));
#6086=DIRECTION('',(0.,0.,1.));
#6087=DIRECTION('',(0.,1.,0.));
#6088=DIRECTION('',(0.,0.,1.));
#6089=DIRECTION('',(-1.,0.,0.));
#6090=DIRECTION('',(0.,0.,1.));
#6091=DIRECTION('',(1.,0.,0.));
#6092=DIRECTION('',(0.,0.,-1.));
#6093=DIRECTION('',(0.,1.,0.));
#6094=DIRECTION('',(0.,0.,1.));
#6095=DIRECTION('',(0.,1.,0.));
#6096=DIRECTION('',(0.,0.,1.));
#6097=DIRECTION('',(0.,0.,1.));
#6098=DIRECTION('',(-1.,0.,0.));
#6099=DIRECTION('',(0.,0.,1.));
#6100=DIRECTION('',(1.,0.,0.));
#6101=DIRECTION('',(0.,0.,1.));
#6102=DIRECTION('',(0.6858672502054,0.727726676091844,-2.11351915704345E-17));
#6103=DIRECTION('',(0.,0.,1.));
#6104=DIRECTION('',(1.,0.,0.));
#6105=DIRECTION('',(-1.,1.22464679914735E-16,0.));
#6106=DIRECTION('',(0.,0.,1.));
#6107=DIRECTION('',(1.,0.,0.));
#6108=DIRECTION('',(-1.,1.22464679914735E-16,0.));
#6109=DIRECTION('',(-1.0892374953212E-5,-0.999999999940678,0.));
#6110=DIRECTION('',(0.999999039818769,0.00138577109954016,0.));
#6111=DIRECTION('',(-0.00138577109954035,0.999999039818769,0.));
#6112=DIRECTION('',(-0.707260751170682,0.706952777668695,0.));
#6113=DIRECTION('',(-1.22464679914735E-16,-1.,0.));
#6114=DIRECTION('',(0.,0.,1.));
#6115=DIRECTION('',(0.,0.,-1.));
#6116=DIRECTION('',(0.,0.,-1.));
#6117=DIRECTION('',(0.999999999940678,-1.0892374953212E-5,0.));
#6118=DIRECTION('',(1.0892374953212E-5,0.999999999940678,0.));
#6119=DIRECTION('',(0.,0.,-1.));
#6120=DIRECTION('',(-0.00138577109954016,0.999999039818769,0.));
#6121=DIRECTION('',(-0.999999039818769,-0.00138577109954016,0.));
#6122=DIRECTION('',(0.,0.,-1.));
#6123=DIRECTION('',(-0.999999039818769,-0.00138577109954035,0.));
#6124=DIRECTION('',(0.00138577109954035,-0.999999039818769,0.));
#6125=DIRECTION('',(0.,0.,-1.));
#6126=DIRECTION('',(-0.706952777668695,-0.707260751170682,0.));
#6127=DIRECTION('',(0.707260751170682,-0.706952777668695,0.));
#6128=DIRECTION('',(0.,0.,-1.));
#6129=DIRECTION('',(-1.22464679914735E-16,-1.,0.));
#6130=DIRECTION('',(0.,0.,1.));
#6131=DIRECTION('',(0.,0.,-1.));
#6132=DIRECTION('',(0.,0.,-1.));
#6133=DIRECTION('',(1.,-1.22464679914735E-16,0.));
#6134=DIRECTION('',(0.,0.,1.));
#6135=DIRECTION('',(1.,0.,0.));
#6136=DIRECTION('',(0.,0.,1.));
#6137=DIRECTION('',(0.64084172146744,0.767673034583505,0.));
#6138=DIRECTION('',(1.,0.,0.));
#6139=DIRECTION('',(0.,-1.,0.));
#6140=DIRECTION('',(0.,0.,-1.));
#6141=DIRECTION('',(1.,0.,0.));
#6142=DIRECTION('',(0.,0.,1.));
#6143=DIRECTION('',(0.,0.,1.));
#6144=DIRECTION('',(0.,0.,1.));
#6145=DIRECTION('',(1.,0.,0.));
#6146=DIRECTION('',(1.,0.,0.));
#6147=DIRECTION('',(0.,-1.,0.));
#6148=DIRECTION('',(1.,0.,0.));
#6149=DIRECTION('',(1.,0.,0.));
#6150=DIRECTION('',(1.,0.,0.));
#6151=DIRECTION('',(0.,-1.,0.));
#6152=DIRECTION('',(1.,0.,0.));
#6153=DIRECTION('',(0.,0.,1.));
#6154=DIRECTION('',(1.,0.,0.));
#6155=DIRECTION('',(1.,0.,0.));
#6156=DIRECTION('',(0.,0.,1.));
#6157=DIRECTION('',(-0.793660803191422,-0.60836052590347,0.));
#6158=DIRECTION('',(0.,-1.,0.));
#6159=DIRECTION('',(0.,0.,-1.));
#6160=DIRECTION('',(0.,0.,1.));
#6161=DIRECTION('',(0.,0.,1.));
#6162=DIRECTION('',(0.,-1.,0.));
#6163=DIRECTION('',(0.,0.,-1.));
#6164=DIRECTION('',(0.,0.,1.));
#6165=DIRECTION('',(1.,0.,0.));
#6166=DIRECTION('',(0.,0.,1.));
#6167=DIRECTION('',(-1.,0.,0.));
#6168=DIRECTION('',(0.,0.,1.));
#6169=DIRECTION('',(0.,-1.,0.));
#6170=DIRECTION('',(0.,0.,1.));
#6171=DIRECTION('',(0.,-1.,0.));
#6172=DIRECTION('',(0.,0.,-1.));
#6173=DIRECTION('',(0.,0.,1.));
#6174=DIRECTION('',(1.,0.,0.));
#6175=DIRECTION('',(0.,0.,1.));
#6176=DIRECTION('',(1.,0.,0.));
#6177=DIRECTION('',(0.,0.,1.));
#6178=DIRECTION('',(0.64084172146744,0.767673034583505,0.));
#6179=DIRECTION('',(0.,0.,1.));
#6180=DIRECTION('',(0.,-1.,0.));
#6181=DIRECTION('',(0.,0.,-1.));
#6182=DIRECTION('',(1.,0.,0.));
#6183=DIRECTION('',(0.,0.,1.));
#6184=DIRECTION('',(-1.,0.,0.));
#6185=DIRECTION('',(0.,0.,1.));
#6186=DIRECTION('',(0.,-1.,0.));
#6187=DIRECTION('',(0.,0.,1.));
#6188=DIRECTION('',(0.,-1.,0.));
#6189=DIRECTION('',(0.,0.,-1.));
#6190=DIRECTION('',(0.,0.,1.));
#6191=DIRECTION('',(1.,0.,0.));
#6192=DIRECTION('',(0.,0.,1.));
#6193=DIRECTION('',(1.,0.,0.));
#6194=DIRECTION('',(0.,0.,1.));
#6195=DIRECTION('',(-0.793660803191422,-0.60836052590347,0.));
#6196=DIRECTION('',(0.,0.,1.));
#6197=DIRECTION('',(1.,0.,0.));
#6198=DIRECTION('',(-1.,1.22464679914735E-16,0.));
#6199=DIRECTION('',(0.,0.,1.));
#6200=DIRECTION('',(1.,0.,0.));
#6201=DIRECTION('',(-1.,1.22464679914735E-16,0.));
#6202=DIRECTION('',(-1.07711055295178E-5,-0.999999999941992,0.));
#6203=DIRECTION('',(0.999999039818769,0.00138577109954051,0.));
#6204=DIRECTION('',(-0.00138577109954028,0.999999039818769,0.));
#6205=DIRECTION('',(-0.707260751170681,0.706952777668695,0.));
#6206=DIRECTION('',(-1.22464679914735E-16,-1.,0.));
#6207=DIRECTION('',(0.,0.,1.));
#6208=DIRECTION('',(0.,0.,-1.));
#6209=DIRECTION('',(0.,0.,-1.));
#6210=DIRECTION('',(0.999999999941992,-1.07711055295178E-5,0.));
#6211=DIRECTION('',(1.07711055295178E-5,0.999999999941992,0.));
#6212=DIRECTION('',(0.,0.,-1.));
#6213=DIRECTION('',(-0.00138577109954051,0.999999039818769,0.));
#6214=DIRECTION('',(-0.999999039818769,-0.00138577109954051,0.));
#6215=DIRECTION('',(0.,0.,-1.));
#6216=DIRECTION('',(-0.999999039818769,-0.00138577109954028,0.));
#6217=DIRECTION('',(0.00138577109954028,-0.999999039818769,0.));
#6218=DIRECTION('',(0.,0.,-1.));
#6219=DIRECTION('',(-0.706952777668695,-0.707260751170681,0.));
#6220=DIRECTION('',(0.707260751170681,-0.706952777668695,0.));
#6221=DIRECTION('',(0.,0.,-1.));
#6222=DIRECTION('',(-1.22464679914735E-16,-1.,0.));
#6223=DIRECTION('',(0.,0.,1.));
#6224=DIRECTION('',(0.,0.,-1.));
#6225=DIRECTION('',(0.,0.,-1.));
#6226=DIRECTION('',(1.,-1.22464679914735E-16,0.));
#6227=DIRECTION('',(0.,1.,0.));
#6228=DIRECTION('',(0.,0.,1.));
#6229=DIRECTION('',(0.,0.,-1.));
#6230=DIRECTION('',(1.,0.,0.));
#6231=DIRECTION('',(0.,0.,-1.));
#6232=DIRECTION('',(0.,1.,0.));
#6233=DIRECTION('',(0.,0.,1.));
#6234=DIRECTION('',(0.,0.,-1.));
#6235=DIRECTION('',(1.,0.,0.));
#6236=DIRECTION('',(0.,0.,-1.));
#6237=DIRECTION('',(0.,0.,-1.));
#6238=DIRECTION('',(-1.,0.,0.));
#6239=DIRECTION('',(0.,0.,1.));
#6240=DIRECTION('',(-1.,0.,0.));
#6241=DIRECTION('',(0.,0.,-1.));
#6242=DIRECTION('',(0.,0.,1.));
#6243=DIRECTION('',(1.,0.,0.));
#6244=DIRECTION('',(0.,0.,-1.));
#6245=DIRECTION('',(0.,0.,1.));
#6246=DIRECTION('',(-1.,0.,0.));
#6247=DIRECTION('',(0.,0.,1.));
#6248=DIRECTION('',(-1.,1.22464679914735E-16,0.));
#6249=DIRECTION('',(0.,0.,1.));
#6250=DIRECTION('',(1.,0.,0.));
#6251=DIRECTION('',(0.,0.,1.));
#6252=DIRECTION('',(-1.22464679914735E-16,-1.,0.));
#6253=DIRECTION('',(0.,0.,1.));
#6254=DIRECTION('',(1.,0.,0.));
#6255=DIRECTION('',(0.,0.,1.));
#6256=DIRECTION('',(1.,0.,0.));
#6257=DIRECTION('',(0.,0.,1.));
#6258=DIRECTION('',(0.,-1.,0.));
#6259=DIRECTION('',(0.,0.,1.));
#6260=DIRECTION('',(1.,0.,0.));
#6261=DIRECTION('',(1.,-1.22464679914735E-16,0.));
#6262=DIRECTION('',(-1.,0.,0.));
#6263=DIRECTION('',(0.,0.,1.));
#6264=DIRECTION('',(0.,0.,-1.));
#6265=DIRECTION('',(-1.22464679914735E-16,-1.,0.));
#6266=DIRECTION('',(0.,0.,-1.));
#6267=DIRECTION('',(0.,0.,-1.));
#6268=DIRECTION('',(-1.22464679914735E-16,-1.,0.));
#6269=DIRECTION('',(0.,0.,-1.));
#6270=DIRECTION('',(0.,-1.,0.));
#6271=DIRECTION('',(0.,0.,-1.));
#6272=DIRECTION('',(-1.,0.,0.));
#6273=DIRECTION('',(0.,0.,-1.));
#6274=DIRECTION('',(0.,0.,1.));
#6275=DIRECTION('',(0.,-1.,0.));
#6276=DIRECTION('',(0.,0.,-1.));
#6277=DIRECTION('',(0.,0.,-1.));
#6278=DIRECTION('',(-1.22464679914735E-16,-1.,0.));
#6279=DIRECTION('',(0.,0.,1.));
#6280=DIRECTION('',(-1.,1.22464679914735E-16,0.));
#6281=DIRECTION('',(0.,0.,1.));
#6282=DIRECTION('',(1.,0.,0.));
#6283=DIRECTION('',(0.,0.,1.));
#6284=DIRECTION('',(1.,4.16666611849172E-15,0.));
#6285=DIRECTION('',(0.,0.,-1.));
#6286=DIRECTION('',(-1.,0.,0.));
#6287=DIRECTION('',(0.,0.,-1.));
#6288=DIRECTION('',(-1.22464679914735E-16,-1.,0.));
#6289=DIRECTION('',(0.,0.,1.));
#6290=DIRECTION('',(1.,0.,0.));
#6291=DIRECTION('',(0.,0.,-1.));
#6292=DIRECTION('',(0.,0.,-1.));
#6293=DIRECTION('',(0.,0.,1.));
#6294=DIRECTION('',(1.,0.,0.));
#6295=DIRECTION('',(0.,0.,1.));
#6296=DIRECTION('',(1.,0.,0.));
#6297=DIRECTION('',(1.,-1.22464679914735E-16,0.));
#6298=DIRECTION('',(0.,0.,1.));
#6299=DIRECTION('',(1.,0.,0.));
#6300=DIRECTION('',(-1.22464679914735E-16,-1.,0.));
#6301=DIRECTION('',(0.,0.,1.));
#6302=DIRECTION('',(-1.,1.22464679914735E-16,0.));
#6303=DIRECTION('',(0.,0.,1.));
#6304=DIRECTION('',(1.,0.,0.));
#6305=DIRECTION('',(0.,0.,1.));
#6306=DIRECTION('',(-3.0943834188901E-15,1.,0.));
#6307=DIRECTION('',(0.,0.,-1.));
#6308=DIRECTION('',(-1.,0.,0.));
#6309=DIRECTION('',(0.,0.,-1.));
#6310=DIRECTION('',(0.,0.,-1.));
#6311=DIRECTION('',(0.,0.,1.));
#6312=DIRECTION('',(-3.10163736999968E-15,1.,0.));
#6313=DIRECTION('',(0.,0.,1.));
#6314=DIRECTION('',(1.,0.,0.));
#6315=DIRECTION('',(0.,0.,1.));
#6316=DIRECTION('',(1.,0.,0.));
#6317=DIRECTION('',(0.,0.,1.));
#6318=DIRECTION('',(1.,0.,0.));
#6319=DIRECTION('',(1.,-1.22464679914735E-16,0.));
#6320=DIRECTION('',(0.,0.,-1.));
#6321=DIRECTION('',(1.,-1.22464679914735E-16,0.));
#6322=DIRECTION('',(0.,0.,-1.));
#6323=DIRECTION('',(0.,0.,-1.));
#6324=DIRECTION('',(1.22464679914735E-16,1.,0.));
#6325=DIRECTION('',(0.,0.,-1.));
#6326=DIRECTION('',(0.,0.,-1.));
#6327=DIRECTION('',(0.,0.,-1.));
#6328=DIRECTION('',(1.,-1.22464679914735E-16,0.));
#6329=DIRECTION('',(0.,0.,-1.));
#6330=DIRECTION('',(1.,-1.22464679914735E-16,0.));
#6331=DIRECTION('',(0.,0.,1.));
#6332=DIRECTION('',(0.,0.,1.));
#6333=DIRECTION('',(1.22464679914735E-16,1.,0.));
#6334=DIRECTION('',(0.,0.,1.));
#6335=DIRECTION('',(0.,0.,-1.));
#6336=DIRECTION('',(0.,0.,-1.));
#6337=DIRECTION('',(1.,-1.22464679914735E-16,0.));
#6338=DIRECTION('',(0.,0.,-1.));
#6339=DIRECTION('',(1.22464679914735E-16,1.,0.));
#6340=DIRECTION('',(0.,0.,-1.));
#6341=DIRECTION('',(0.,0.,-1.));
#6342=DIRECTION('',(0.,0.,-1.));
#6343=DIRECTION('',(1.,-1.22464679914735E-16,0.));
#6344=DIRECTION('',(0.,0.,-1.));
#6345=DIRECTION('',(1.,-1.22464679914735E-16,0.));
#6346=DIRECTION('',(0.,0.,1.));
#6347=DIRECTION('',(1.22464679914735E-16,1.,0.));
#6348=DIRECTION('',(0.,0.,-1.));
#6349=DIRECTION('',(0.,0.,-1.));
#6350=DIRECTION('',(0.,0.,-1.));
#6351=DIRECTION('',(0.,0.,-1.));
#6352=DIRECTION('',(0.,0.,1.));
#6353=DIRECTION('',(1.,0.,0.));
#6354=DIRECTION('',(1.,-1.22464679914735E-16,0.));
#6355=DIRECTION('',(-1.22464679914735E-16,-1.,0.));
#6356=DIRECTION('',(1.,-1.22464679914735E-16,0.));
#6357=DIRECTION('',(-1.22464679914735E-16,-1.,0.));
#6358=DIRECTION('',(1.,-1.22464679914735E-16,0.));
#6359=DIRECTION('',(1.,-1.22464679914735E-16,0.));
#6360=DIRECTION('',(0.,0.,-1.));
#6361=DIRECTION('',(0.,0.,-1.));
#6362=DIRECTION('',(1.,0.,0.));
#6363=DIRECTION('',(0.,0.,-1.));
#6364=DIRECTION('',(0.,0.,1.));
#6365=DIRECTION('',(1.,0.,0.));
#6366=DIRECTION('',(1.,-1.22464679914735E-16,0.));
#6367=DIRECTION('',(-1.22464679914735E-16,-1.,0.));
#6368=DIRECTION('',(-1.22464679914735E-16,-1.,0.));
#6369=DIRECTION('',(1.,-1.22464679914735E-16,0.));
#6370=DIRECTION('',(0.,0.,-1.));
#6371=DIRECTION('',(-1.,0.,0.));
#6372=DIRECTION('',(-0.5314443847846,6.50831664751295E-17,-0.847093186066868));
#6373=DIRECTION('',(1.,-1.22464679914735E-16,0.));
#6374=DIRECTION('',(0.,0.,-1.));
#6375=DIRECTION('',(-1.,1.22464679914735E-16,0.));
#6376=DIRECTION('',(-1.22464679914735E-16,-1.,0.));
#6377=DIRECTION('',(-1.22464679914735E-16,-1.,0.));
#6378=DIRECTION('',(1.,-1.22464679914735E-16,0.));
#6379=DIRECTION('',(1.,-1.22464679914735E-16,0.));
#6380=DIRECTION('',(1.,-1.22464679914735E-16,0.));
#6381=DIRECTION('',(0.,0.,-1.));
#6382=DIRECTION('',(1.,0.,0.));
#6383=DIRECTION('',(0.,0.,-1.));
#6384=DIRECTION('',(0.,0.,-1.));
#6385=DIRECTION('',(0.,0.,-1.));
#6386=DIRECTION('',(0.,0.,-1.));
#6387=DIRECTION('',(-1.,0.,0.));
#6388=DIRECTION('',(1.,-1.22464679914735E-16,0.));
#6389=DIRECTION('',(0.,-1.,0.));
#6390=DIRECTION('',(-1.22464679914735E-16,-1.,0.));
#6391=DIRECTION('',(1.,-1.22464679914735E-16,0.));
#6392=DIRECTION('',(1.,-1.22464679914735E-16,0.));
#6393=DIRECTION('',(0.,0.,-1.));
#6394=DIRECTION('',(0.,0.,-1.));
#6395=DIRECTION('',(1.,-1.22464679914735E-16,0.));
#6396=DIRECTION('',(-0.524880098501141,6.4279273256557E-17,-0.851176175769407));
#6397=DIRECTION('',(1.,0.,0.));
#6398=DIRECTION('',(0.,0.,-1.));
#6399=DIRECTION('',(0.,0.,1.));
#6400=DIRECTION('',(1.,0.,0.));
#6401=DIRECTION('',(-1.22464679914735E-16,-1.,0.));
#6402=DIRECTION('',(-1.,1.22464679914735E-16,0.));
#6403=DIRECTION('',(-1.22464679914735E-16,-1.,0.));
#6404=DIRECTION('',(1.,0.,0.));
#6405=DIRECTION('',(0.,0.,-1.));
#6406=DIRECTION('',(1.22464679914735E-16,1.,0.));
#6407=DIRECTION('',(1.,0.,0.));
#6408=DIRECTION('',(0.,0.,-1.));
#6409=DIRECTION('',(0.,-1.,0.));
#6410=DIRECTION('',(0.,0.,1.));
#6411=DIRECTION('',(1.,0.,0.));
#6412=DIRECTION('',(0.,-1.,0.));
#6413=DIRECTION('',(0.851176175769407,-1.04239017916649E-16,-0.524880098501141));
#6414=DIRECTION('',(-0.524880098501141,0.,-0.851176175769407));
#6415=DIRECTION('',(1.22464679914735E-16,1.,0.));
#6416=DIRECTION('',(-0.524880098501141,6.4279273256557E-17,-0.851176175769407));
#6417=DIRECTION('',(1.22464679914735E-16,1.,0.));
#6418=DIRECTION('',(1.,-1.22464679914735E-16,0.));
#6419=DIRECTION('',(1.22464679914735E-16,1.,0.));
#6420=DIRECTION('',(1.22464679914735E-16,1.,0.));
#6421=DIRECTION('',(0.,0.,-1.));
#6422=DIRECTION('',(0.,0.,1.));
#6423=DIRECTION('',(1.,0.,0.));
#6424=DIRECTION('',(1.,-1.22464679914735E-16,0.));
#6425=DIRECTION('',(1.22464679914735E-16,1.,0.));
#6426=DIRECTION('',(-1.,1.22464679914735E-16,0.));
#6427=DIRECTION('',(1.,0.,0.));
#6428=DIRECTION('',(0.,0.,-1.));
#6429=DIRECTION('',(0.,-1.,0.));
#6430=DIRECTION('',(0.,0.,1.));
#6431=DIRECTION('',(1.,0.,0.));
#6432=DIRECTION('',(0.,-1.,0.));
#6433=DIRECTION('',(-0.847093186066868,1.03738995889632E-16,0.5314443847846));
#6434=DIRECTION('',(0.5314443847846,0.,0.847093186066868));
#6435=DIRECTION('',(-0.5314443847846,6.50831664751295E-17,-0.847093186066868));
#6436=DIRECTION('',(-1.22464679914735E-16,-1.,0.));
#6437=DIRECTION('',(0.,0.,-1.));
#6438=DIRECTION('',(-1.,0.,0.));
#6439=DIRECTION('',(1.,-1.22464679914735E-16,0.));
#6440=DIRECTION('',(-1.22464679914735E-16,-1.,0.));
#6441=DIRECTION('',(1.,-1.22464679914735E-16,0.));
#6442=DIRECTION('',(0.,0.,1.));
#6443=DIRECTION('',(1.,0.,0.));
#6444=DIRECTION('',(1.,0.,0.));
#6445=DIRECTION('',(0.,1.,0.));
#6446=DIRECTION('',(1.,0.,0.));
#6447=DIRECTION('',(0.,-1.,0.));
#6448=DIRECTION('',(1.,0.,0.));
#6449=DIRECTION('',(0.,-1.,0.));
#6450=DIRECTION('',(0.,0.,1.));
#6451=DIRECTION('',(0.,-1.,0.));
#6452=DIRECTION('',(-4.46600231987528E-17,0.,-1.));
#6453=DIRECTION('',(1.,0.,0.));
#6454=DIRECTION('',(0.,-1.,0.));
#6455=DIRECTION('',(1.,0.,0.));
#6456=DIRECTION('',(0.,-1.,0.));
#6457=DIRECTION('',(0.,0.,1.));
#6458=DIRECTION('',(1.,0.,0.));
#6459=DIRECTION('',(0.,-1.,0.));
#6460=DIRECTION('',(-4.46600231987528E-17,0.,-1.));
#6461=DIRECTION('',(0.,1.,0.));
#6462=DIRECTION('',(0.,0.,1.));
#6463=DIRECTION('',(0.,1.,0.));
#6464=DIRECTION('',(0.,0.,1.));
#6465=DIRECTION('',(1.,0.,0.));
#6466=DIRECTION('',(0.,1.,0.));
#6467=DIRECTION('',(0.,0.,1.));
#6468=DIRECTION('',(1.,0.,0.));
#6469=DIRECTION('',(0.,0.,-1.));
#6470=DIRECTION('',(0.,0.,-1.));
#6471=DIRECTION('',(0.,-1.,0.));
#6472=DIRECTION('',(0.,0.,-1.));
#6473=DIRECTION('',(0.,-1.,0.));
#6474=DIRECTION('',(0.,0.,-1.));
#6475=DIRECTION('',(0.,0.,-1.));
#6476=DIRECTION('',(-1.,0.,0.));
#6477=DIRECTION('',(-1.,0.,0.));
#6478=DIRECTION('',(0.,0.,1.));
#6479=DIRECTION('',(0.,0.,-1.));
#6480=DIRECTION('',(0.,1.,0.));
#6481=DIRECTION('',(0.,1.,0.));
#6482=DIRECTION('',(0.,0.,1.));
#6483=DIRECTION('',(1.,0.,0.));
#6484=DIRECTION('',(0.,0.,-1.));
#6485=DIRECTION('',(1.,0.,0.));
#6486=DIRECTION('',(0.,0.,-1.));
#6487=DIRECTION('',(0.,0.,-1.));
#6488=DIRECTION('',(-1.,0.,0.));
#6489=DIRECTION('',(0.,0.,1.));
#6490=DIRECTION('',(0.,0.,-1.));
#6491=DIRECTION('',(0.,1.,0.));
#6492=DIRECTION('',(0.,0.,-1.));
#6493=DIRECTION('',(0.,0.,-1.));
#6494=DIRECTION('',(0.,1.,0.));
#6495=DIRECTION('',(0.,0.,1.));
#6496=DIRECTION('',(0.,0.,-1.));
#6497=DIRECTION('',(1.,0.,0.));
#6498=DIRECTION('',(0.,0.,-1.));
#6499=DIRECTION('',(0.,0.,-1.));
#6500=DIRECTION('',(0.,0.,-1.));
#6501=DIRECTION('',(0.,0.,-1.));
#6502=DIRECTION('',(0.,-1.,0.));
#6503=DIRECTION('',(0.,0.,-1.));
#6504=DIRECTION('',(0.,0.,-1.));
#6505=DIRECTION('',(-1.,0.,0.));
#6506=DIRECTION('',(0.,0.,-1.));
#6507=DIRECTION('',(1.,0.,0.));
#6508=DIRECTION('',(0.898746610248194,-0.438468391754048,0.));
#6509=DIRECTION('',(0.438468391754048,0.898746610248194,0.));
#6510=DIRECTION('',(0.,0.,-1.));
#6511=DIRECTION('',(-0.438468391754048,-0.898746610248194,0.));
#6512=DIRECTION('',(0.,0.,-1.));
#6513=DIRECTION('',(0.,-1.,0.));
#6514=DIRECTION('',(0.,0.,-1.));
#6515=DIRECTION('',(0.,0.,-1.));
#6516=DIRECTION('',(-1.,0.,0.));
#6517=DIRECTION('',(-0.893492906851793,0.449077304487249,0.));
#6518=DIRECTION('',(-0.449077304487249,-0.893492906851793,0.));
#6519=DIRECTION('',(0.,0.,-1.));
#6520=DIRECTION('',(0.449077304487249,0.893492906851793,0.));
#6521=DIRECTION('',(0.,1.,0.));
#6522=DIRECTION('',(0.,0.,1.));
#6523=DIRECTION('',(0.,0.,-1.));
#6524=DIRECTION('',(1.,0.,0.));
#6525=DIRECTION('',(0.894427190999916,0.447213595499958,0.));
#6526=DIRECTION('',(-0.447213595499958,0.894427190999916,0.));
#6527=DIRECTION('',(0.,0.,-1.));
#6528=DIRECTION('',(0.447213595499958,-0.894427190999916,0.));
#6529=DIRECTION('',(0.,-1.,0.));
#6530=DIRECTION('',(0.,0.,-1.));
#6531=DIRECTION('',(0.,0.,-1.));
#6532=DIRECTION('',(-1.,0.,0.));
#6533=DIRECTION('',(-0.900354897522564,-0.435156360986639,0.));
#6534=DIRECTION('',(0.435156360986639,-0.900354897522564,0.));
#6535=DIRECTION('',(-0.435156360986639,0.900354897522564,0.));
#6536=DIRECTION('',(0.,0.,-1.));
#6537=DIRECTION('',(1.,0.,0.));
#6538=DIRECTION('',(1.,0.,0.));
#6539=DIRECTION('',(0.,0.,-1.));
#6540=DIRECTION('',(0.,0.,-1.));
#6541=DIRECTION('',(0.,-1.,0.));
#6542=DIRECTION('',(0.,0.,-1.));
#6543=DIRECTION('',(0.,-1.,0.));
#6544=DIRECTION('',(0.,0.,-1.));
#6545=DIRECTION('',(0.,0.,-1.));
#6546=DIRECTION('',(-1.,0.,0.));
#6547=DIRECTION('',(-1.,0.,0.));
#6548=DIRECTION('',(0.,0.,1.));
#6549=DIRECTION('',(0.,0.,-1.));
#6550=DIRECTION('',(0.,1.,0.));
#6551=DIRECTION('',(0.,1.,0.));
#6552=DIRECTION('',(0.,0.,1.));
#6553=DIRECTION('',(1.,0.,0.));
#6554=DIRECTION('',(0.,0.,-1.));
#6555=DIRECTION('',(1.,0.,0.));
#6556=DIRECTION('',(0.898746610248194,-0.438468391754048,0.));
#6557=DIRECTION('',(0.438468391754048,0.898746610248194,0.));
#6558=DIRECTION('',(0.,0.,-1.));
#6559=DIRECTION('',(-0.438468391754048,-0.898746610248194,0.));
#6560=DIRECTION('',(0.,0.,-1.));
#6561=DIRECTION('',(0.,-1.,0.));
#6562=DIRECTION('',(0.,0.,-1.));
#6563=DIRECTION('',(0.,0.,-1.));
#6564=DIRECTION('',(-1.,0.,0.));
#6565=DIRECTION('',(-0.893492906851793,0.449077304487249,0.));
#6566=DIRECTION('',(-0.449077304487249,-0.893492906851793,0.));
#6567=DIRECTION('',(0.,0.,-1.));
#6568=DIRECTION('',(0.449077304487249,0.893492906851793,0.));
#6569=DIRECTION('',(0.,1.,0.));
#6570=DIRECTION('',(0.,0.,1.));
#6571=DIRECTION('',(0.,0.,-1.));
#6572=DIRECTION('',(1.,0.,0.));
#6573=DIRECTION('',(0.894427190999916,0.447213595499958,0.));
#6574=DIRECTION('',(-0.447213595499958,0.894427190999916,0.));
#6575=DIRECTION('',(0.,0.,-1.));
#6576=DIRECTION('',(0.447213595499958,-0.894427190999916,0.));
#6577=DIRECTION('',(0.,-1.,0.));
#6578=DIRECTION('',(0.,0.,-1.));
#6579=DIRECTION('',(0.,0.,-1.));
#6580=DIRECTION('',(-1.,0.,0.));
#6581=DIRECTION('',(-0.900354897522564,-0.435156360986639,0.));
#6582=DIRECTION('',(0.435156360986639,-0.900354897522564,0.));
#6583=DIRECTION('',(-0.435156360986639,0.900354897522564,0.));
#6584=DIRECTION('',(0.,0.,-1.));
#6585=DIRECTION('',(1.,0.,0.));
#6586=DIRECTION('',(0.964664307284901,0.263482018837229,0.));
#6587=DIRECTION('',(-0.263482018837229,0.964664307284901,0.));
#6588=DIRECTION('',(0.,0.,-1.));
#6589=DIRECTION('',(0.263482018837229,-0.964664307284901,0.));
#6590=DIRECTION('',(0.,0.,-1.));
#6591=DIRECTION('',(0.,-1.,0.));
#6592=DIRECTION('',(0.,0.,-1.));
#6593=DIRECTION('',(0.,0.,-1.));
#6594=DIRECTION('',(-1.,0.,0.));
#6595=DIRECTION('',(-0.965287871470887,-0.261188294514139,0.));
#6596=DIRECTION('',(0.261188294514139,-0.965287871470887,0.));
#6597=DIRECTION('',(0.,0.,-1.));
#6598=DIRECTION('',(-0.261188294514139,0.965287871470887,0.));
#6599=DIRECTION('',(0.,1.,0.));
#6600=DIRECTION('',(0.,0.,1.));
#6601=DIRECTION('',(1.,0.,0.));
#6602=DIRECTION('',(0.,0.,-1.));
#6603=DIRECTION('',(1.,0.,0.));
#6604=DIRECTION('',(0.,0.,-1.));
#6605=DIRECTION('',(0.,0.,-1.));
#6606=DIRECTION('',(0.,0.,-1.));
#6607=DIRECTION('',(0.,0.,-1.));
#6608=DIRECTION('',(0.,0.,-1.));
#6609=DIRECTION('',(0.,0.,-1.));
#6610=DIRECTION('',(0.,0.,-1.));
#6611=DIRECTION('',(0.,0.,-1.));
#6612=DIRECTION('',(0.,0.,-1.));
#6613=DIRECTION('',(0.,0.,-1.));
#6614=DIRECTION('',(0.,-1.,0.));
#6615=DIRECTION('',(0.,0.,-1.));
#6616=DIRECTION('',(0.,0.,-1.));
#6617=DIRECTION('',(-1.,0.,0.));
#6618=DIRECTION('',(0.,0.,-1.));
#6619=DIRECTION('',(-0.999435175038844,0.0336055188187139,0.));
#6620=DIRECTION('',(0.,0.,-1.));
#6621=DIRECTION('',(0.,0.,-1.));
#6622=DIRECTION('',(-1.,0.,0.));
#6623=DIRECTION('',(0.,0.,-1.));
#6624=DIRECTION('',(-0.995671790163828,0.0929391536003958,0.));
#6625=DIRECTION('',(0.,0.,-1.));
#6626=DIRECTION('',(0.,0.,-1.));
#6627=DIRECTION('',(-1.,0.,0.));
#6628=DIRECTION('',(0.,-1.,0.));
#6629=DIRECTION('',(0.,0.,-1.));
#6630=DIRECTION('',(0.,0.,-1.));
#6631=DIRECTION('',(-1.,0.,0.));
#6632=DIRECTION('',(0.,0.,-1.));
#6633=DIRECTION('',(-0.999428769009707,0.0337954978620196,0.));
#6634=DIRECTION('',(0.,0.,-1.));
#6635=DIRECTION('',(0.,0.,-1.));
#6636=DIRECTION('',(-1.,0.,0.));
#6637=DIRECTION('',(-1.,0.,0.));
#6638=DIRECTION('',(0.,0.,1.));
#6639=DIRECTION('',(0.,0.,-1.));
#6640=DIRECTION('',(0.,1.,0.));
#6641=DIRECTION('',(0.,1.,0.));
#6642=DIRECTION('',(0.,0.,1.));
#6643=DIRECTION('',(0.,0.,-1.));
#6644=DIRECTION('',(1.,0.,0.));
#6645=DIRECTION('',(1.,0.,0.));
#6646=DIRECTION('',(0.,0.,-1.));
#6647=DIRECTION('',(0.,0.,-1.));
#6648=DIRECTION('',(0.,-1.,0.));
#6649=DIRECTION('',(0.999874047483599,-0.0158710166267238,0.));
#6650=DIRECTION('',(0.0158710166267238,0.999874047483599,0.));
#6651=DIRECTION('',(0.,0.,-1.));
#6652=DIRECTION('',(-0.0158710166267238,-0.999874047483599,0.));
#6653=DIRECTION('',(0.,1.,0.));
#6654=DIRECTION('',(0.,0.,1.));
#6655=DIRECTION('',(0.,0.,-1.));
#6656=DIRECTION('',(1.,0.,0.));
#6657=DIRECTION('',(0.,0.,-1.));
#6658=DIRECTION('',(0.,0.,-1.));
#6659=DIRECTION('',(0.,0.,-1.));
#6660=DIRECTION('',(0.,0.,-1.));
#6661=DIRECTION('',(0.,0.,-1.));
#6662=DIRECTION('',(0.,0.,-1.));
#6663=DIRECTION('',(1.,0.,0.));
#6664=DIRECTION('',(0.898746610248194,-0.438468391754048,0.));
#6665=DIRECTION('',(0.438468391754048,0.898746610248194,0.));
#6666=DIRECTION('',(0.,0.,-1.));
#6667=DIRECTION('',(-0.438468391754048,-0.898746610248194,0.));
#6668=DIRECTION('',(0.,0.,-1.));
#6669=DIRECTION('',(0.,-1.,0.));
#6670=DIRECTION('',(0.,0.,-1.));
#6671=DIRECTION('',(0.,0.,-1.));
#6672=DIRECTION('',(-1.,0.,0.));
#6673=DIRECTION('',(-0.893492906851793,0.449077304487249,0.));
#6674=DIRECTION('',(-0.449077304487249,-0.893492906851793,0.));
#6675=DIRECTION('',(0.,0.,-1.));
#6676=DIRECTION('',(0.449077304487248,0.893492906851793,0.));
#6677=DIRECTION('',(0.,1.,0.));
#6678=DIRECTION('',(0.,0.,1.));
#6679=DIRECTION('',(0.,0.,-1.));
#6680=DIRECTION('',(1.,0.,0.));
#6681=DIRECTION('',(0.894427190999916,0.447213595499957,0.));
#6682=DIRECTION('',(-0.447213595499957,0.894427190999916,0.));
#6683=DIRECTION('',(0.,0.,-1.));
#6684=DIRECTION('',(0.447213595499957,-0.894427190999916,0.));
#6685=DIRECTION('',(0.,-1.,0.));
#6686=DIRECTION('',(0.,0.,-1.));
#6687=DIRECTION('',(0.,0.,-1.));
#6688=DIRECTION('',(-1.,0.,0.));
#6689=DIRECTION('',(-0.900354897522564,-0.435156360986638,0.));
#6690=DIRECTION('',(0.435156360986638,-0.900354897522564,0.));
#6691=DIRECTION('',(-0.435156360986638,0.900354897522564,0.));
#6692=DIRECTION('',(0.,0.,-1.));
#6693=DIRECTION('',(1.,0.,0.));
#6694=DIRECTION('',(1.,0.,0.));
#6695=DIRECTION('',(0.,0.,-1.));
#6696=DIRECTION('',(0.,0.,-1.));
#6697=DIRECTION('',(0.,-1.,0.));
#6698=DIRECTION('',(0.,0.,-1.));
#6699=DIRECTION('',(0.,-1.,0.));
#6700=DIRECTION('',(0.,0.,-1.));
#6701=DIRECTION('',(0.,0.,-1.));
#6702=DIRECTION('',(-1.,0.,0.));
#6703=DIRECTION('',(-1.,0.,0.));
#6704=DIRECTION('',(0.,0.,1.));
#6705=DIRECTION('',(0.,0.,-1.));
#6706=DIRECTION('',(0.,1.,0.));
#6707=DIRECTION('',(0.,1.,0.));
#6708=DIRECTION('',(0.,0.,1.));
#6709=DIRECTION('',(1.,0.,0.));
#6710=DIRECTION('',(0.,0.,-1.));
#6711=DIRECTION('',(1.,0.,0.));
#6712=DIRECTION('',(0.898746610248194,-0.438468391754047,0.));
#6713=DIRECTION('',(0.438468391754047,0.898746610248194,0.));
#6714=DIRECTION('',(0.,0.,-1.));
#6715=DIRECTION('',(-0.438468391754047,-0.898746610248194,0.));
#6716=DIRECTION('',(0.,0.,-1.));
#6717=DIRECTION('',(0.,-1.,0.));
#6718=DIRECTION('',(0.,0.,-1.));
#6719=DIRECTION('',(0.,0.,-1.));
#6720=DIRECTION('',(-1.,0.,0.));
#6721=DIRECTION('',(-0.893492906851793,0.44907730448725,0.));
#6722=DIRECTION('',(-0.44907730448725,-0.893492906851793,0.));
#6723=DIRECTION('',(0.,0.,-1.));
#6724=DIRECTION('',(0.44907730448725,0.893492906851793,0.));
#6725=DIRECTION('',(0.,1.,0.));
#6726=DIRECTION('',(0.,0.,1.));
#6727=DIRECTION('',(0.,0.,-1.));
#6728=DIRECTION('',(1.,0.,0.));
#6729=DIRECTION('',(0.894427190999916,0.447213595499959,0.));
#6730=DIRECTION('',(-0.447213595499959,0.894427190999916,0.));
#6731=DIRECTION('',(0.,0.,-1.));
#6732=DIRECTION('',(0.447213595499959,-0.894427190999916,0.));
#6733=DIRECTION('',(0.,-1.,0.));
#6734=DIRECTION('',(0.,0.,-1.));
#6735=DIRECTION('',(0.,0.,-1.));
#6736=DIRECTION('',(-1.,0.,0.));
#6737=DIRECTION('',(-0.900354897522564,-0.435156360986638,0.));
#6738=DIRECTION('',(0.435156360986638,-0.900354897522564,0.));
#6739=DIRECTION('',(-0.435156360986638,0.900354897522564,0.));
#6740=DIRECTION('',(0.,0.,-1.));
#6741=DIRECTION('',(1.,0.,0.));
#6742=DIRECTION('',(0.,0.,-1.));
#6743=DIRECTION('',(0.,0.,-1.));
#6744=DIRECTION('',(1.,0.,0.));
#6745=DIRECTION('',(0.,0.,-1.));
#6746=DIRECTION('',(0.,0.,-1.));
#6747=DIRECTION('',(0.,-1.,0.));
#6748=DIRECTION('',(0.,0.,-1.));
#6749=DIRECTION('',(0.,0.,-1.));
#6750=DIRECTION('',(0.,-1.,0.));
#6751=DIRECTION('',(0.,0.,-1.));
#6752=DIRECTION('',(0.,0.,-1.));
#6753=DIRECTION('',(-1.,0.,0.));
#6754=DIRECTION('',(0.,0.,-1.));
#6755=DIRECTION('',(0.,0.,-1.));
#6756=DIRECTION('',(-0.985399945638615,0.170255534815799,0.));
#6757=DIRECTION('',(0.,0.,-1.));
#6758=DIRECTION('',(0.,0.,-1.));
#6759=DIRECTION('',(-1.,0.,0.));
#6760=DIRECTION('',(0.,0.,-1.));
#6761=DIRECTION('',(-0.985209760253752,-0.17135264310989,0.));
#6762=DIRECTION('',(0.,0.,-1.));
#6763=DIRECTION('',(0.,0.,-1.));
#6764=DIRECTION('',(-1.,0.,0.));
#6765=DIRECTION('',(0.,0.,-1.));
#6766=DIRECTION('',(0.,1.,0.));
#6767=DIRECTION('',(0.,0.,1.));
#6768=DIRECTION('',(0.,0.,-1.));
#6769=DIRECTION('',(1.,0.,0.));
#6770=DIRECTION('',(0.,0.,-1.));
#6771=DIRECTION('',(1.,0.,0.));
#6772=DIRECTION('',(0.,0.,-1.));
#6773=DIRECTION('',(0.,0.,-1.));
#6774=DIRECTION('',(-1.,0.,0.));
#6775=DIRECTION('',(0.,0.,1.));
#6776=DIRECTION('',(0.,0.,-1.));
#6777=DIRECTION('',(0.,1.,0.));
#6778=DIRECTION('',(0.,0.,-1.));
#6779=DIRECTION('',(0.,0.,-1.));
#6780=DIRECTION('',(0.,1.,0.));
#6781=DIRECTION('',(0.,0.,1.));
#6782=DIRECTION('',(0.,0.,-1.));
#6783=DIRECTION('',(1.,0.,0.));
#6784=DIRECTION('',(0.,0.,-1.));
#6785=DIRECTION('',(0.,0.,-1.));
#6786=DIRECTION('',(0.,0.,-1.));
#6787=DIRECTION('',(0.,0.,-1.));
#6788=DIRECTION('',(0.,-1.,0.));
#6789=DIRECTION('',(0.,0.,-1.));
#6790=DIRECTION('',(0.,0.,-1.));
#6791=DIRECTION('',(-1.,0.,0.));
#6792=DIRECTION('',(0.,0.,-1.));
#6793=DIRECTION('',(1.,0.,0.));
#6794=DIRECTION('',(1.,0.,0.));
#6795=DIRECTION('',(0.,0.,-1.));
#6796=DIRECTION('',(0.,0.,-1.));
#6797=DIRECTION('',(0.,-1.,0.));
#6798=DIRECTION('',(0.,0.,-1.));
#6799=DIRECTION('',(0.,-1.,0.));
#6800=DIRECTION('',(0.,0.,-1.));
#6801=DIRECTION('',(0.,0.,-1.));
#6802=DIRECTION('',(-1.,0.,0.));
#6803=DIRECTION('',(-1.,0.,0.));
#6804=DIRECTION('',(0.,0.,1.));
#6805=DIRECTION('',(0.,0.,-1.));
#6806=DIRECTION('',(0.,1.,0.));
#6807=DIRECTION('',(0.,1.,0.));
#6808=DIRECTION('',(0.,0.,1.));
#6809=DIRECTION('',(0.,0.,-1.));
#6810=DIRECTION('',(1.,0.,0.));
#6811=DIRECTION('',(-0.799275976944867,-0.600964152573869,0.));
#6812=DIRECTION('',(0.600964152573869,-0.799275976944867,0.));
#6813=DIRECTION('',(0.,0.,-1.));
#6814=DIRECTION('',(-0.600964152573869,0.799275976944867,0.));
#6815=DIRECTION('',(-1.,0.,0.));
#6816=DIRECTION('',(0.,0.,1.));
#6817=DIRECTION('',(0.,0.,-1.));
#6818=DIRECTION('',(0.,1.,0.));
#6819=DIRECTION('',(0.,1.,0.));
#6820=DIRECTION('',(0.,0.,1.));
#6821=DIRECTION('',(0.,0.,-1.));
#6822=DIRECTION('',(1.,0.,0.));
#6823=DIRECTION('',(1.,0.,0.));
#6824=DIRECTION('',(0.,0.,-1.));
#6825=DIRECTION('',(0.,0.,-1.));
#6826=DIRECTION('',(0.,-1.,0.));
#6827=DIRECTION('',(0.,-1.,0.));
#6828=DIRECTION('',(0.,0.,-1.));
#6829=DIRECTION('',(0.,0.,-1.));
#6830=DIRECTION('',(-1.,0.,0.));
#6831=DIRECTION('',(0.799733237405016,0.600355518830045,0.));
#6832=DIRECTION('',(-0.600355518830045,0.799733237405016,0.));
#6833=DIRECTION('',(0.600355518830045,-0.799733237405016,0.));
#6834=DIRECTION('',(0.,0.,-1.));
#6835=DIRECTION('',(1.,0.,0.));
#6836=DIRECTION('',(0.965287871470887,-0.261188294514139,0.));
#6837=DIRECTION('',(0.261188294514139,0.965287871470887,0.));
#6838=DIRECTION('',(0.,0.,-1.));
#6839=DIRECTION('',(-0.261188294514139,-0.965287871470887,0.));
#6840=DIRECTION('',(0.,0.,-1.));
#6841=DIRECTION('',(0.,-1.,0.));
#6842=DIRECTION('',(0.,0.,-1.));
#6843=DIRECTION('',(0.,0.,-1.));
#6844=DIRECTION('',(-1.,0.,0.));
#6845=DIRECTION('',(-0.964664307284901,0.263482018837229,0.));
#6846=DIRECTION('',(-0.263482018837229,-0.964664307284901,0.));
#6847=DIRECTION('',(0.,0.,-1.));
#6848=DIRECTION('',(0.263482018837229,0.964664307284901,0.));
#6849=DIRECTION('',(0.,1.,0.));
#6850=DIRECTION('',(0.,0.,1.));
#6851=DIRECTION('',(1.,0.,0.));
#6852=DIRECTION('',(0.,0.,-1.));
#6853=DIRECTION('',(1.,0.,0.));
#6854=DIRECTION('',(0.,0.,-1.));
#6855=DIRECTION('',(0.,0.,-1.));
#6856=DIRECTION('',(1.,0.,0.));
#6857=DIRECTION('',(0.,0.,-1.));
#6858=DIRECTION('',(0.,0.,-1.));
#6859=DIRECTION('',(0.,-1.,0.));
#6860=DIRECTION('',(0.,0.,-1.));
#6861=DIRECTION('',(0.,0.,-1.));
#6862=DIRECTION('',(0.,-1.,0.));
#6863=DIRECTION('',(0.,0.,-1.));
#6864=DIRECTION('',(0.,0.,-1.));
#6865=DIRECTION('',(-1.,0.,0.));
#6866=DIRECTION('',(0.,0.,-1.));
#6867=DIRECTION('',(0.,0.,-1.));
#6868=DIRECTION('',(0.,0.,-1.));
#6869=DIRECTION('',(0.,0.,-1.));
#6870=DIRECTION('',(0.,1.,0.));
#6871=DIRECTION('',(0.,0.,1.));
#6872=DIRECTION('',(0.,0.,-1.));
#6873=DIRECTION('',(1.,0.,0.));
#6874=DIRECTION('',(0.,0.,-1.));
#6875=DIRECTION('',(1.,0.,0.));
#6876=DIRECTION('',(0.,0.,1.));
#6877=DIRECTION('',(1.,0.,0.));
#6878=DIRECTION('',(0.,0.,1.));
#6879=DIRECTION('',(1.,0.,0.));
#6880=DIRECTION('',(0.,1.,0.));
#6881=DIRECTION('',(0.,0.,1.));
#6882=DIRECTION('',(0.,-1.,0.));
#6883=DIRECTION('',(1.,0.,-6.12323399573679E-17));
#6884=DIRECTION('',(0.,-1.,0.));
#6885=DIRECTION('',(1.,0.,-6.12323399573679E-17));
#6886=DIRECTION('',(0.,-1.,0.));
#6887=DIRECTION('',(1.,0.,0.));
#6888=DIRECTION('',(0.,1.,0.));
#6889=DIRECTION('',(-1.,0.,-6.12323399573679E-17));
#6890=DIRECTION('',(0.,1.,0.));
#6891=DIRECTION('',(0.,0.,1.));
#6892=DIRECTION('',(0.,-1.,0.));
#6893=DIRECTION('',(1.,0.,-6.12323399573677E-17));
#6894=DIRECTION('',(0.,-1.,0.));
#6895=DIRECTION('',(1.,0.,-6.12323399573677E-17));
#6896=DIRECTION('',(0.,-1.,0.));
#6897=DIRECTION('',(1.,0.,0.));
#6898=DIRECTION('',(0.,-1.,0.));
#6899=DIRECTION('',(1.,0.,0.));
#6900=DIRECTION('',(0.,1.,0.));
#6901=DIRECTION('',(0.,0.,1.));
#6902=DIRECTION('',(0.,1.,0.));
#6903=DIRECTION('',(-1.,0.,-6.12323399573679E-17));
#6904=DIRECTION('',(0.,1.,0.));
#6905=DIRECTION('',(-1.,0.,0.));
#6906=DIRECTION('',(0.,0.,1.));
#6907=DIRECTION('',(1.,0.,0.));
#6908=DIRECTION('',(0.,1.,0.));
#6909=DIRECTION('',(0.,0.,1.));
#6910=DIRECTION('',(0.,-1.,0.));
#6911=DIRECTION('',(1.,0.,-6.12323399573682E-17));
#6912=DIRECTION('',(0.,-1.,0.));
#6913=DIRECTION('',(1.,0.,-6.12323399573682E-17));
#6914=DIRECTION('',(0.,1.,0.));
#6915=DIRECTION('',(0.,0.,1.));
#6916=DIRECTION('',(0.,-1.,0.));
#6917=DIRECTION('',(1.,0.,-6.12323399573679E-17));
#6918=DIRECTION('',(0.,-1.,0.));
#6919=DIRECTION('',(1.,0.,-6.12323399573679E-17));
#6920=DIRECTION('',(0.,-1.,0.));
#6921=DIRECTION('',(1.,0.,0.));
#6922=DIRECTION('',(0.,-1.,0.));
#6923=DIRECTION('',(1.,0.,0.));
#6924=CARTESIAN_POINT('',(0.,0.,0.));
#6925=CARTESIAN_POINT('',(9.74442809821008E-5,9.74759459495544E-5,-0.0035));
#6926=CARTESIAN_POINT('',(0.0100202170387108,-0.0321858217208214,-0.0035));
#6927=CARTESIAN_POINT('',(0.0105665739200974,-0.0301666206992817,-0.0035));
#6928=CARTESIAN_POINT('',(0.00947386015732422,-0.0342050227423609,-0.0035));
#6929=CARTESIAN_POINT('',(0.00968604592729669,-0.0342050227423609,-0.0035));
#6930=CARTESIAN_POINT('',(0.00989823169726915,-0.0342050227423609,-0.0035));
#6931=CARTESIAN_POINT('',(0.0104497428888575,-0.0321858217208214,-0.0035));
#6932=CARTESIAN_POINT('',(0.0110012540804459,-0.0301666206992817,-0.0035));
#6933=CARTESIAN_POINT('',(0.0107839140002716,-0.0301666206992817,-0.0035));
#6934=CARTESIAN_POINT('',(0.0243102874568042,0.0326110285604954,-0.0035));
#6935=CARTESIAN_POINT('',(0.0243102874568042,0.0332136211764009,-0.0035));
#6936=CARTESIAN_POINT('',(0.0241217687259147,0.0336934263711252,-0.0035));
#6937=CARTESIAN_POINT('',(0.0243102874568042,0.0326110285604954,-0.0035));
#6938=CARTESIAN_POINT('',(0.0241217687259147,0.0336934263711252,-0.0035));
#6939=CARTESIAN_POINT('',(0.0241217687259147,0.0336934263711252,-0.0035));
#6940=CARTESIAN_POINT('',(0.0239332499950251,0.0341732315658494,-0.0035));
#6941=CARTESIAN_POINT('',(0.0235408641055983,0.0345963143105716,-0.0035));
#6942=CARTESIAN_POINT('',(0.0235408641055983,0.0345963143105716,-0.0035));
#6943=CARTESIAN_POINT('',(0.0233596859270619,0.0345963143105716,-0.0035));
#6944=CARTESIAN_POINT('',(0.0231785077485256,0.0345963143105716,-0.0035));
#6945=CARTESIAN_POINT('',(0.0231785077485256,0.0345963143105716,-0.0035));
#6946=CARTESIAN_POINT('',(0.0235702263150112,0.034158550461143,-0.0035));
#6947=CARTESIAN_POINT('',(0.0237517381550181,0.0336737403443597,-0.0035));
#6948=CARTESIAN_POINT('',(0.0237517381550181,0.0336737403443597,-0.0035));
#6949=CARTESIAN_POINT('',(0.0237517381550181,0.0336737403443597,-0.0035));
#6950=CARTESIAN_POINT('',(0.0239332499950251,0.0331889302275764,-0.0035));
#6951=CARTESIAN_POINT('',(0.0239332499950251,0.0326070246228483,-0.0035));
#6952=CARTESIAN_POINT('',(0.0239332499950251,0.0326070246228483,-0.0035));
#6953=CARTESIAN_POINT('',(0.0239332499950251,0.0326070246228483,-0.0035));
#6954=CARTESIAN_POINT('',(0.0239332499950251,0.0320251190181201,-0.0035));
#6955=CARTESIAN_POINT('',(0.0237507371706063,0.031539307916925,-0.0035));
#6956=CARTESIAN_POINT('',(0.0237507371706063,0.031539307916925,-0.0035));
#6957=CARTESIAN_POINT('',(0.0237507371706063,0.031539307916925,-0.0035));
#6958=CARTESIAN_POINT('',(0.0235682243461876,0.0310534968157299,-0.0035));
#6959=CARTESIAN_POINT('',(0.0231785077485256,0.0306170676121837,-0.0035));
#6960=CARTESIAN_POINT('',(0.0231785077485256,0.0306170676121837,-0.0035));
#6961=CARTESIAN_POINT('',(0.0233596859270619,0.0306170676121837,-0.0035));
#6962=CARTESIAN_POINT('',(0.0235408641055983,0.0306170676121837,-0.0035));
#6963=CARTESIAN_POINT('',(0.0235408641055983,0.0306170676121837,-0.0035));
#6964=CARTESIAN_POINT('',(0.0239352519638487,0.0310428196486707,-0.0035));
#6965=CARTESIAN_POINT('',(0.0241227697103265,0.0315236258278068,-0.0035));
#6966=CARTESIAN_POINT('',(0.0241227697103265,0.0315236258278068,-0.0035));
#6967=CARTESIAN_POINT('',(0.0241227697103265,0.0315236258278068,-0.0035));
#6968=CARTESIAN_POINT('',(0.0243102874568042,0.0320044320069428,-0.0035));
#6969=CARTESIAN_POINT('',(0.0243102874568042,0.0326023533622598,-0.0035));
#6970=CARTESIAN_POINT('',(0.0243102874568042,0.0326023533622598,-0.0035));
#6971=CARTESIAN_POINT('',(0.0243102874568042,0.0326066909613777,-0.0035));
#6972=CARTESIAN_POINT('',(0.0180891693374482,0.0316487488792821,-0.0035));
#6973=CARTESIAN_POINT('',(0.0184111526565781,0.032308731268131,-0.0035));
#6974=CARTESIAN_POINT('',(0.0177671860183182,0.0309887664904333,-0.0035));
#6975=CARTESIAN_POINT('',(0.0174482056524236,0.0316487488792821,-0.0035));
#6976=CARTESIAN_POINT('',(0.017129225286529,0.032308731268131,-0.0035));
#6977=CARTESIAN_POINT('',(0.0169600589209343,0.032308731268131,-0.0035));
#6978=CARTESIAN_POINT('',(0.0167908925553396,0.032308731268131,-0.0035));
#6979=CARTESIAN_POINT('',(0.0171746032465308,0.0315413098857486,-0.0035));
#6980=CARTESIAN_POINT('',(0.017558313937722,0.0307738885033663,-0.0035));
#6981=CARTESIAN_POINT('',(0.0177701889715536,0.0307738885033663,-0.0035));
#6982=CARTESIAN_POINT('',(0.0179820640053853,0.0307738885033663,-0.0035));
#6983=CARTESIAN_POINT('',(0.0183677766654,0.0315413098857486,-0.0035));
#6984=CARTESIAN_POINT('',(0.0187534893254148,0.032308731268131,-0.0035));
#6985=CARTESIAN_POINT('',(0.0185823209909965,0.032308731268131,-0.0035));
#6986=CARTESIAN_POINT('',(0.022468142477616,0.0316487488792821,-0.0035));
#6987=CARTESIAN_POINT('',(0.022790125796746,0.032308731268131,-0.0035));
#6988=CARTESIAN_POINT('',(0.022146159158486,0.0309887664904333,-0.0035));
#6989=CARTESIAN_POINT('',(0.0218271787925914,0.0316487488792821,-0.0035));
#6990=CARTESIAN_POINT('',(0.0215081984266969,0.032308731268131,-0.0035));
#6991=CARTESIAN_POINT('',(0.0213390320611021,0.032308731268131,-0.0035));
#6992=CARTESIAN_POINT('',(0.0211698656955074,0.032308731268131,-0.0035));
#6993=CARTESIAN_POINT('',(0.0215535763866986,0.0315413098857486,-0.0035));
#6994=CARTESIAN_POINT('',(0.0219372870778898,0.0307738885033663,-0.0035));
#6995=CARTESIAN_POINT('',(0.0221491621117215,0.0307738885033663,-0.0035));
#6996=CARTESIAN_POINT('',(0.0223610371455531,0.0307738885033663,-0.0035));
#6997=CARTESIAN_POINT('',(0.0227467498055678,0.0315413098857486,-0.0035));
#6998=CARTESIAN_POINT('',(0.0231324624655827,0.032308731268131,-0.0035));
#6999=CARTESIAN_POINT('',(0.0229612941311644,0.032308731268131,-0.0035));
#7000=CARTESIAN_POINT('',(0.0264856609782343,-0.0321858217208214,-0.0035));
#7001=CARTESIAN_POINT('',(0.025934149786646,-0.0301666206992817,-0.0035));
#7002=CARTESIAN_POINT('',(0.0270371721698227,-0.0342050227423609,-0.0035));
#7003=CARTESIAN_POINT('',(0.0272493579397952,-0.0342050227423609,-0.0035));
#7004=CARTESIAN_POINT('',(0.0274615437097676,-0.0342050227423609,-0.0035));
#7005=CARTESIAN_POINT('',(0.0269151868283811,-0.0321858217208214,-0.0035));
#7006=CARTESIAN_POINT('',(0.0263688299469945,-0.0301666206992817,-0.0035));
#7007=CARTESIAN_POINT('',(0.0261514898668203,-0.0301666206992817,-0.0035));
#7008=CARTESIAN_POINT('',(0.0168556914179454,-0.0293024146887866,-0.0035));
#7009=CARTESIAN_POINT('',(0.0168556914179454,-0.029128027193627,-0.0035));
#7010=CARTESIAN_POINT('',(0.0168556914179454,-0.0294768021839461,-0.0035));
#7011=CARTESIAN_POINT('',(0.0184569637872922,-0.0294768021839461,-0.0035));
#7012=CARTESIAN_POINT('',(0.0200582361566391,-0.0294768021839461,-0.0035));
#7013=CARTESIAN_POINT('',(0.0200582361566391,-0.0293024146887866,-0.0035));
#7014=CARTESIAN_POINT('',(0.0200582361566391,-0.029128027193627,-0.0035));
#7015=CARTESIAN_POINT('',(0.0184569637872922,-0.029128027193627,-0.0035));
#7016=CARTESIAN_POINT('',(0.0240657123385078,-0.0316381762618843,-0.0035));
#7017=CARTESIAN_POINT('',(0.0240657123385078,-0.0308624525765193,-0.0035));
#7018=CARTESIAN_POINT('',(0.023823030233175,-0.0302447944040084,-0.0035));
#7019=CARTESIAN_POINT('',(0.0240657123385078,-0.0316381762618843,-0.0035));
#7020=CARTESIAN_POINT('',(0.023823030233175,-0.0302447944040084,-0.0035));
#7021=CARTESIAN_POINT('',(0.023823030233175,-0.0302447944040084,-0.0035));
#7022=CARTESIAN_POINT('',(0.0235803481278421,-0.0296271362314975,-0.0035));
#7023=CARTESIAN_POINT('',(0.0230752257280696,-0.0290824974535114,-0.0035));
#7024=CARTESIAN_POINT('',(0.0230752257280696,-0.0290824974535114,-0.0035));
#7025=CARTESIAN_POINT('',(0.0228419931914399,-0.0290824974535114,-0.0035));
#7026=CARTESIAN_POINT('',(0.0226087606548102,-0.0290824974535114,-0.0035));
#7027=CARTESIAN_POINT('',(0.0226087606548102,-0.0290824974535114,-0.0035));
#7028=CARTESIAN_POINT('',(0.0231130240028825,-0.0296460353689039,-0.0035));
#7029=CARTESIAN_POINT('',(0.0233466860653623,-0.0302701364291671,-0.0035));
#7030=CARTESIAN_POINT('',(0.0233466860653623,-0.0302701364291671,-0.0035));
#7031=CARTESIAN_POINT('',(0.0233466860653623,-0.0302701364291671,-0.0035));
#7032=CARTESIAN_POINT('',(0.0235803481278421,-0.0308942374894302,-0.0035));
#7033=CARTESIAN_POINT('',(0.0235803481278421,-0.031643330572086,-0.0035));
#7034=CARTESIAN_POINT('',(0.0235803481278421,-0.031643330572086,-0.0035));
#7035=CARTESIAN_POINT('',(0.0235803481278421,-0.031643330572086,-0.0035));
#7036=CARTESIAN_POINT('',(0.0235803481278421,-0.0323924236547419,-0.0035));
#7037=CARTESIAN_POINT('',(0.0233453974878119,-0.0330178132925555,-0.0035));
#7038=CARTESIAN_POINT('',(0.0233453974878119,-0.0330178132925555,-0.0035));
#7039=CARTESIAN_POINT('',(0.0233453974878119,-0.0330178132925555,-0.0035));
#7040=CARTESIAN_POINT('',(0.0231104468477816,-0.0336432029303691,-0.0035));
#7041=CARTESIAN_POINT('',(0.0226087606548102,-0.0342050227423609,-0.0035));
#7042=CARTESIAN_POINT('',(0.0226087606548102,-0.0342050227423609,-0.0035));
#7043=CARTESIAN_POINT('',(0.0228419931914399,-0.0342050227423609,-0.0035));
#7044=CARTESIAN_POINT('',(0.0230752257280696,-0.0342050227423609,-0.0035));
#7045=CARTESIAN_POINT('',(0.0230752257280696,-0.0342050227423609,-0.0035));
#7046=CARTESIAN_POINT('',(0.023582925282943,-0.0336569477575738,-0.0035));
#7047=CARTESIAN_POINT('',(0.0238243188107254,-0.0330380010075124,-0.0035));
#7048=CARTESIAN_POINT('',(0.0238243188107254,-0.0330380010075124,-0.0035));
#7049=CARTESIAN_POINT('',(0.0238243188107254,-0.0330380010075124,-0.0035));
#7050=CARTESIAN_POINT('',(0.0240657123385078,-0.032419054257451,-0.0035));
#7051=CARTESIAN_POINT('',(0.0240657123385078,-0.0316493439339881,-0.0035));
#7052=CARTESIAN_POINT('',(0.0240657123385078,-0.0316493439339881,-0.0035));
#7053=CARTESIAN_POINT('',(0.0240657123385078,-0.0316437600979362,-0.0035));
#7054=CARTESIAN_POINT('',(9.74442809821043E-5,0.0377299599349499,-0.0035));
#7055=CARTESIAN_POINT('',(-0.0276480741027337,0.0377299599349499,-0.0035));
#7056=CARTESIAN_POINT('',(0.0278429626646979,0.0377299599349499,-0.0035));
#7057=CARTESIAN_POINT('',(0.0278429626646979,0.0343742030832513,-0.0035));
#7058=CARTESIAN_POINT('',(0.0311987195163966,0.0343742030832513,-0.0035));
#7059=CARTESIAN_POINT('',(0.0311987195163966,9.74759459495544E-5,-0.0035));
#7060=CARTESIAN_POINT('',(0.0311987195163966,-0.0341792511913522,-0.0035));
#7061=CARTESIAN_POINT('',(0.0278429626646979,-0.0341792511913522,-0.0035));
#7062=CARTESIAN_POINT('',(0.0278429626646979,-0.0375350080430508,-0.0035));
#7063=CARTESIAN_POINT('',(9.74442809821112E-5,-0.0375350080430508,-0.0035));
#7064=CARTESIAN_POINT('',(-0.0276480741027337,-0.0375350080430508,-0.0035));
#7065=CARTESIAN_POINT('',(-0.0276480741027337,-0.0341792511913522,-0.0035));
#7066=CARTESIAN_POINT('',(-0.0310038309544323,-0.0341792511913522,-0.0035));
#7067=CARTESIAN_POINT('',(-0.0310038309544323,9.74759459495544E-5,-0.0035));
#7068=CARTESIAN_POINT('',(-0.0310038309544323,0.0343742030832513,-0.0035));
#7069=CARTESIAN_POINT('',(-0.0276480741027337,0.0343742030832513,-0.0035));
#7070=CARTESIAN_POINT('',(0.0141155948840606,0.0325776624134353,-0.0035));
#7071=CARTESIAN_POINT('',(0.0141155948840606,0.0327444931487359,-0.0035));
#7072=CARTESIAN_POINT('',(0.0141155948840606,0.0324108316781349,-0.0035));
#7073=CARTESIAN_POINT('',(0.01463710776261,0.0324108316781349,-0.0035));
#7074=CARTESIAN_POINT('',(0.0151586206411594,0.0324108316781349,-0.0035));
#7075=CARTESIAN_POINT('',(0.0151586206411594,0.0325776624134353,-0.0035));
#7076=CARTESIAN_POINT('',(0.0151586206411594,0.0327444931487359,-0.0035));
#7077=CARTESIAN_POINT('',(0.01463710776261,0.0327444931487359,-0.0035));
#7078=CARTESIAN_POINT('',(0.021694300119848,-0.0328769288137074,-0.0035));
#7079=CARTESIAN_POINT('',(0.0221087925652395,-0.0320273266821172,-0.0035));
#7080=CARTESIAN_POINT('',(0.0212798076744563,-0.0337265309452976,-0.0035));
#7081=CARTESIAN_POINT('',(0.0208691809617162,-0.0328769288137074,-0.0035));
#7082=CARTESIAN_POINT('',(0.0204585542489759,-0.0320273266821172,-0.0035));
#7083=CARTESIAN_POINT('',(0.0202407846429515,-0.0320273266821172,-0.0035));
#7084=CARTESIAN_POINT('',(0.0200230150369272,-0.0320273266821172,-0.0035));
#7085=CARTESIAN_POINT('',(0.0205169697645959,-0.0330152361374546,-0.0035));
#7086=CARTESIAN_POINT('',(0.0210109244922645,-0.034003145592792,-0.0035));
#7087=CARTESIAN_POINT('',(0.0212836734071077,-0.034003145592792,-0.0035));
#7088=CARTESIAN_POINT('',(0.0215564223219509,-0.034003145592792,-0.0035));
#7089=CARTESIAN_POINT('',(0.0220529542047204,-0.0330152361374546,-0.0035));
#7090=CARTESIAN_POINT('',(0.02254948608749,-0.0320273266821172,-0.0035));
#7091=CARTESIAN_POINT('',(0.0223291393263647,-0.0320273266821172,-0.0035));
#7092=CARTESIAN_POINT('',(0.0160572028625227,-0.0328769288137074,-0.0035));
#7093=CARTESIAN_POINT('',(0.0164716953079142,-0.0320273266821172,-0.0035));
#7094=CARTESIAN_POINT('',(0.0156427104171311,-0.0337265309452976,-0.0035));
#7095=CARTESIAN_POINT('',(0.0152320837043908,-0.0328769288137074,-0.0035));
#7096=CARTESIAN_POINT('',(0.0148214569916506,-0.0320273266821172,-0.0035));
#7097=CARTESIAN_POINT('',(0.0146036873856262,-0.0320273266821172,-0.0035));
#7098=CARTESIAN_POINT('',(0.0143859177796019,-0.0320273266821172,-0.0035));
#7099=CARTESIAN_POINT('',(0.0148798725072706,-0.0330152361374546,-0.0035));
#7100=CARTESIAN_POINT('',(0.0153738272349392,-0.034003145592792,-0.0035));
#7101=CARTESIAN_POINT('',(0.0156465761497824,-0.034003145592792,-0.0035));
#7102=CARTESIAN_POINT('',(0.0159193250646255,-0.034003145592792,-0.0035));
#7103=CARTESIAN_POINT('',(0.0164158569473952,-0.0330152361374546,-0.0035));
#7104=CARTESIAN_POINT('',(0.0169123888301647,-0.0320273266821172,-0.0035));
#7105=CARTESIAN_POINT('',(0.0166920420690395,-0.0320273266821172,-0.0035));
#7106=CARTESIAN_POINT('',(0.0132634234881455,0.033349087733465,-0.0035));
#7107=CARTESIAN_POINT('',(0.0131586537863768,0.0335659676893556,-0.0035));
#7108=CARTESIAN_POINT('',(0.0129868181290173,0.0336600602240651,-0.0035));
#7109=CARTESIAN_POINT('',(0.0132634234881455,0.033349087733465,-0.0035));
#7110=CARTESIAN_POINT('',(0.0129868181290173,0.0336600602240651,-0.0035));
#7111=CARTESIAN_POINT('',(0.0129868181290173,0.0336600602240651,-0.0035));
#7112=CARTESIAN_POINT('',(0.0128149824716578,0.0337541527587746,-0.0035));
#7113=CARTESIAN_POINT('',(0.0125607324310598,0.0337541527587746,-0.0035));
#7114=CARTESIAN_POINT('',(0.0125607324310598,0.0337541527587746,-0.0035));
#7115=CARTESIAN_POINT('',(0.0125607324310598,0.0337541527587746,-0.0035));
#7116=CARTESIAN_POINT('',(0.0121329784257493,0.0337541527587746,-0.0035));
#7117=CARTESIAN_POINT('',(0.0119317805589768,0.0334662029096459,-0.0035));
#7118=CARTESIAN_POINT('',(0.0119317805589768,0.0334662029096459,-0.0035));
#7119=CARTESIAN_POINT('',(0.0119317805589768,0.0334662029096459,-0.0035));
#7120=CARTESIAN_POINT('',(0.0117305826922044,0.0331782530605172,-0.0035));
#7121=CARTESIAN_POINT('',(0.0117305826922044,0.0325943454869654,-0.0035));
#7122=CARTESIAN_POINT('',(0.0117305826922044,0.0325943454869654,-0.0035));
#7123=CARTESIAN_POINT('',(0.0117305826922044,0.0325943454869654,-0.0035));
#7124=CARTESIAN_POINT('',(0.0117305826922044,0.031413851203979,-0.0035));
#7125=CARTESIAN_POINT('',(0.0125607324310598,0.031413851203979,-0.0035));
#7126=CARTESIAN_POINT('',(0.0125607324310598,0.031413851203979,-0.0035));
#7127=CARTESIAN_POINT('',(0.0125607324310598,0.031413851203979,-0.0035));
#7128=CARTESIAN_POINT('',(0.0128169844404814,0.031413851203979,-0.0035));
#7129=CARTESIAN_POINT('',(0.0129878191134291,0.0315076100772179,-0.0035));
#7130=CARTESIAN_POINT('',(0.0129878191134291,0.0315076100772179,-0.0035));
#7131=CARTESIAN_POINT('',(0.0129878191134291,0.0315076100772179,-0.0035));
#7132=CARTESIAN_POINT('',(0.0131586537863768,0.0316013689504568,-0.0035));
#7133=CARTESIAN_POINT('',(0.0132634234881455,0.0318062370934058,-0.0035));
#7134=CARTESIAN_POINT('',(0.0132634234881455,0.0318062370934058,-0.0035));
#7135=CARTESIAN_POINT('',(0.0132654254569691,0.0318062370934058,-0.0035));
#7136=CARTESIAN_POINT('',(0.0132674274257927,0.0318062370934058,-0.0035));
#7137=CARTESIAN_POINT('',(0.0132654254569691,0.0316801130575186,-0.0035));
#7138=CARTESIAN_POINT('',(0.0132634234881455,0.0315539890216314,-0.0035));
#7139=CARTESIAN_POINT('',(0.0132634234881455,0.0310855283169076,-0.0035));
#7140=CARTESIAN_POINT('',(0.0132634234881455,0.0306170676121837,-0.0035));
#7141=CARTESIAN_POINT('',(0.0134509412346233,0.0306170676121837,-0.0035));
#7142=CARTESIAN_POINT('',(0.0136384589811011,0.0306170676121837,-0.0035));
#7143=CARTESIAN_POINT('',(0.0136384589811011,0.0319320274678224,-0.0035));
#7144=CARTESIAN_POINT('',(0.0136387849887417,0.0332469923771509,-0.0035));
#7145=CARTESIAN_POINT('',(0.0195707750917286,0.0333389486226333,-0.0035));
#7146=CARTESIAN_POINT('',(0.0136501464516921,0.0337121114134789,-0.0035));
#7147=CARTESIAN_POINT('',(0.0134716282458006,0.0337121114134789,-0.0035));
#7148=CARTESIAN_POINT('',(0.0132917589191333,0.0337121114134789,-0.0035));
#7149=CARTESIAN_POINT('',(0.0153323342672314,0.0334657750660237,-0.0035));
#7150=CARTESIAN_POINT('',(0.0132788843433914,0.0335576202165797,-0.0035));
#7151=CARTESIAN_POINT('',(0.0168289446206149,0.0333253740536436,-0.0035));
#7152=CARTESIAN_POINT('',(0.0132713413004143,0.0333490880336294,-0.0035));
#7153=CARTESIAN_POINT('',(0.0132674274257927,0.033349087733465,-0.0035));
#7154=CARTESIAN_POINT('',(0.0187094460112954,0.0344254796376239,-0.0035));
#7155=CARTESIAN_POINT('',(0.0187094460112954,0.0345609461946879,-0.0035));
#7156=CARTESIAN_POINT('',(0.0187094460112954,0.0342900130805599,-0.0035));
#7157=CARTESIAN_POINT('',(0.0199533359736961,0.0342900130805599,-0.0035));
#7158=CARTESIAN_POINT('',(0.0211972259360967,0.0342900130805599,-0.0035));
#7159=CARTESIAN_POINT('',(0.0211972259360967,0.0344254796376239,-0.0035));
#7160=CARTESIAN_POINT('',(0.0211972259360967,0.0345609461946879,-0.0035));
#7161=CARTESIAN_POINT('',(0.0199533359736961,0.0345609461946879,-0.0035));
#7162=CARTESIAN_POINT('',(0.015613067564118,0.0326023533622598,-0.0035));
#7163=CARTESIAN_POINT('',(0.015613067564118,0.0319997607463544,-0.0035));
#7164=CARTESIAN_POINT('',(0.0158019199564782,0.0315202892131007,-0.0035));
#7165=CARTESIAN_POINT('',(0.015613067564118,0.0326023533622598,-0.0035));
#7166=CARTESIAN_POINT('',(0.0158019199564782,0.0315202892131007,-0.0035));
#7167=CARTESIAN_POINT('',(0.0158019199564782,0.0315202892131007,-0.0035));
#7168=CARTESIAN_POINT('',(0.0159907723488383,0.031040817679847,-0.0035));
#7169=CARTESIAN_POINT('',(0.0163824909153239,0.0306170676121837,-0.0035));
#7170=CARTESIAN_POINT('',(0.0163824909153239,0.0306170676121837,-0.0035));
#7171=CARTESIAN_POINT('',(0.0165640027553309,0.0306170676121837,-0.0035));
#7172=CARTESIAN_POINT('',(0.0167455145953379,0.0306170676121837,-0.0035));
#7173=CARTESIAN_POINT('',(0.0167455145953379,0.0306170676121837,-0.0035));
#7174=CARTESIAN_POINT('',(0.0163551306747346,0.0310508275239651,-0.0035));
#7175=CARTESIAN_POINT('',(0.0161729515117864,0.0315389742554544,-0.0035));
#7176=CARTESIAN_POINT('',(0.0161729515117864,0.0315389742554544,-0.0035));
#7177=CARTESIAN_POINT('',(0.0190258478814887,0.0325700144552316,-0.0035));
#7178=CARTESIAN_POINT('',(0.0159912477610001,0.0326070288807299,-0.0035));
#7179=CARTESIAN_POINT('',(0.019031482784381,0.0326439010546486,-0.0035));
#7180=CARTESIAN_POINT('',(0.0161709495429628,0.0336704037296537,-0.0035));
#7181=CARTESIAN_POINT('',(0.0161709495429628,0.0336704037296537,-0.0035));
#7182=CARTESIAN_POINT('',(0.0163511267370874,0.0341565484923194,-0.0035));
#7183=CARTESIAN_POINT('',(0.0167455145953379,0.0345963143105716,-0.0035));
#7184=CARTESIAN_POINT('',(0.0167455145953379,0.0345963143105716,-0.0035));
#7185=CARTESIAN_POINT('',(0.0165640027553309,0.0345963143105716,-0.0035));
#7186=CARTESIAN_POINT('',(0.0163824909153239,0.0345963143105716,-0.0035));
#7187=CARTESIAN_POINT('',(0.0163824909153239,0.0345963143105716,-0.0035));
#7188=CARTESIAN_POINT('',(0.0159881030570735,0.0341712295970258,-0.0035));
#7189=CARTESIAN_POINT('',(0.0158005853105957,0.0336904234178898,-0.0035));
#7190=CARTESIAN_POINT('',(0.0158005853105957,0.0336904234178898,-0.0035));
#7191=CARTESIAN_POINT('',(0.0158005853105957,0.0336904234178898,-0.0035));
#7192=CARTESIAN_POINT('',(0.015613067564118,0.0332096172387537,-0.0035));
#7193=CARTESIAN_POINT('',(0.015613067564118,0.0326110285604954,-0.0035));
#7194=CARTESIAN_POINT('',(0.015613067564118,0.0326110285604954,-0.0035));
#7195=CARTESIAN_POINT('',(0.015613067564118,0.0326066909613777,-0.0035));
#7196=CARTESIAN_POINT('',(0.0247480513062328,0.0335693043040616,-0.0035));
#7197=CARTESIAN_POINT('',(0.0247480513062328,0.0337121114134789,-0.0035));
#7198=CARTESIAN_POINT('',(0.0247480513062328,0.0334264971946444,-0.0035));
#7199=CARTESIAN_POINT('',(0.0253790051471394,0.0325860039502004,-0.0035));
#7200=CARTESIAN_POINT('',(0.0260099589880459,0.0317455107057564,-0.0035));
#7201=CARTESIAN_POINT('',(0.0254147069244937,0.0317455107057564,-0.0035));
#7202=CARTESIAN_POINT('',(0.0248194548609415,0.0317455107057564,-0.0035));
#7203=CARTESIAN_POINT('',(0.0248194548609415,0.0316007016275156,-0.0035));
#7204=CARTESIAN_POINT('',(0.0248194548609415,0.0314558925492747,-0.0035));
#7205=CARTESIAN_POINT('',(0.025636925463914,0.0314558925492747,-0.0035));
#7206=CARTESIAN_POINT('',(0.0264543960668865,0.0314558925492747,-0.0035));
#7207=CARTESIAN_POINT('',(0.0264543960668865,0.0315986996586919,-0.0035));
#7208=CARTESIAN_POINT('',(0.0264543960668865,0.0317415067681092,-0.0035));
#7209=CARTESIAN_POINT('',(0.0258224412415681,0.0325820000125532,-0.0035));
#7210=CARTESIAN_POINT('',(0.0251904864162498,0.0334224932569972,-0.0035));
#7211=CARTESIAN_POINT('',(0.0258441292371572,0.0334224932569972,-0.0035));
#7212=CARTESIAN_POINT('',(0.0264977720580646,0.0334224932569972,-0.0035));
#7213=CARTESIAN_POINT('',(0.0264977720580646,0.033567302335238,-0.0035));
#7214=CARTESIAN_POINT('',(0.0264977720580646,0.0337121114134789,-0.0035));
#7215=CARTESIAN_POINT('',(0.0256229116821487,0.0337121114134789,-0.0035));
#7216=CARTESIAN_POINT('',(0.012869691528584,-0.0316493439339881,-0.0035));
#7217=CARTESIAN_POINT('',(0.012869691528584,-0.032425067619353,-0.0035));
#7218=CARTESIAN_POINT('',(0.013112803159767,-0.0330422962660138,-0.0035));
#7219=CARTESIAN_POINT('',(0.012869691528584,-0.0316493439339881,-0.0035));
#7220=CARTESIAN_POINT('',(0.013112803159767,-0.0330422962660138,-0.0035));
#7221=CARTESIAN_POINT('',(0.013112803159767,-0.0330422962660138,-0.0035));
#7222=CARTESIAN_POINT('',(0.0133559147909501,-0.0336595249126747,-0.0035));
#7223=CARTESIAN_POINT('',(0.0138601781390223,-0.0342050227423609,-0.0035));
#7224=CARTESIAN_POINT('',(0.0138601781390223,-0.0342050227423609,-0.0035));
#7225=CARTESIAN_POINT('',(0.0140938402015021,-0.0342050227423609,-0.0035));
#7226=CARTESIAN_POINT('',(0.0143275022639819,-0.0342050227423609,-0.0035));
#7227=CARTESIAN_POINT('',(0.0143275022639819,-0.0342050227423609,-0.0035));
#7228=CARTESIAN_POINT('',(0.0138249570193103,-0.0336466391371703,-0.0035));
#7229=CARTESIAN_POINT('',(0.0135904359051302,-0.0330182428184057,-0.0035));
#7230=CARTESIAN_POINT('',(0.0135904359051302,-0.0330182428184057,-0.0035));
#7231=CARTESIAN_POINT('',(0.0135904359051302,-0.0330182428184057,-0.0035));
#7232=CARTESIAN_POINT('',(0.0133559147909501,-0.032389846499641,-0.0035));
#7233=CARTESIAN_POINT('',(0.0133559147909501,-0.031643330572086,-0.0035));
#7234=CARTESIAN_POINT('',(0.0133559147909501,-0.031643330572086,-0.0035));
#7235=CARTESIAN_POINT('',(0.0133559147909501,-0.031643330572086,-0.0035));
#7236=CARTESIAN_POINT('',(0.0133559147909501,-0.0309002508513323,-0.0035));
#7237=CARTESIAN_POINT('',(0.0135878587500293,-0.0302744316876685,-0.0035));
#7238=CARTESIAN_POINT('',(0.0135878587500293,-0.0302744316876685,-0.0035));
#7239=CARTESIAN_POINT('',(0.0135878587500293,-0.0302744316876685,-0.0035));
#7240=CARTESIAN_POINT('',(0.0138198027091085,-0.0296486125240048,-0.0035));
#7241=CARTESIAN_POINT('',(0.0143275022639819,-0.0290824974535114,-0.0035));
#7242=CARTESIAN_POINT('',(0.0143275022639819,-0.0290824974535114,-0.0035));
#7243=CARTESIAN_POINT('',(0.0140938402015021,-0.0290824974535114,-0.0035));
#7244=CARTESIAN_POINT('',(0.0138601781390223,-0.0290824974535114,-0.0035));
#7245=CARTESIAN_POINT('',(0.0138601781390223,-0.0290824974535114,-0.0035));
#7246=CARTESIAN_POINT('',(0.0133524785841489,-0.0296297133865983,-0.0035));
#7247=CARTESIAN_POINT('',(0.0131110850563665,-0.0302486601366598,-0.0035));
#7248=CARTESIAN_POINT('',(0.0131110850563665,-0.0302486601366598,-0.0035));
#7249=CARTESIAN_POINT('',(0.0131110850563665,-0.0302486601366598,-0.0035));
#7250=CARTESIAN_POINT('',(0.012869691528584,-0.0308676068867211,-0.0035));
#7251=CARTESIAN_POINT('',(0.012869691528584,-0.0316381762618843,-0.0035));
#7252=CARTESIAN_POINT('',(0.012869691528584,-0.0316381762618843,-0.0035));
#7253=CARTESIAN_POINT('',(0.012869691528584,-0.0316437600979362,-0.0035));
#7254=CARTESIAN_POINT('',(-0.0313174274635319,-0.00715417321644724,0.0029710273004882));
#7255=CARTESIAN_POINT('',(-0.0313174274635319,-0.0059878135316521,0.00175548356492073));
#7256=CARTESIAN_POINT('',(-0.0313174274635319,-0.00598767321644724,0.00175548356492073));
#7257=CARTESIAN_POINT('',(-0.0313174274635319,-0.0083208135316521,0.00175548356492073));
#7258=CARTESIAN_POINT('',(-0.0313174274635319,-0.00598753290124237,0.0029710273004882));
#7259=CARTESIAN_POINT('',(-0.0313174274635319,-0.00598753290124237,-2.89726995117956E-5));
#7260=CARTESIAN_POINT('',(-0.0313174274635319,-0.00715417321644724,-2.89726995117956E-5));
#7261=CARTESIAN_POINT('',(-0.0313174274635319,-0.0083208135316521,-2.89726995117956E-5));
#7262=CARTESIAN_POINT('',(-0.0313174274635319,-0.0083208135316521,0.0029710273004882));
#7263=CARTESIAN_POINT('',(-0.0316424274635319,-0.00715417321644724,-2.89726995117956E-5));
#7264=CARTESIAN_POINT('',(-0.0316424274635319,-0.00598753290124237,-2.89726995117956E-5));
#7265=CARTESIAN_POINT('',(-0.0311058014631272,-0.00598753290124237,-2.89726995117956E-5));
#7266=CARTESIAN_POINT('',(-0.0309924274635319,-0.00598753290124237,-2.89726995117956E-5));
#7267=CARTESIAN_POINT('',(-0.0311058014631272,-0.00715417321644724,-2.89726995117956E-5));
#7268=CARTESIAN_POINT('',(-0.0311058014631272,-0.0083208135316521,-2.89726995117956E-5));
#7269=CARTESIAN_POINT('',(-0.0316424274635319,-0.0083208135316521,-2.89726995117956E-5));
#7270=CARTESIAN_POINT('',(-0.0309924274635319,-0.0083208135316521,-2.89726995117956E-5));
#7271=CARTESIAN_POINT('',(-0.0309924274635319,-0.00715417321644724,-2.89726995117956E-5));
#7272=CARTESIAN_POINT('',(-0.0316424274635319,0.00714547513052822,0.));
#7273=CARTESIAN_POINT('',(-0.0313174274635319,0.00714547513052822,0.));
#7274=CARTESIAN_POINT('',(-0.0313174274635319,0.00831211544573308,0.));
#7275=CARTESIAN_POINT('',(-0.0313174274635319,0.00597883481532335,0.));
#7276=CARTESIAN_POINT('',(-0.0316424274635319,0.00831211544573308,0.));
#7277=CARTESIAN_POINT('',(-0.0316424274635319,0.00831211544573308,0.));
#7278=CARTESIAN_POINT('',(-0.0316424274635319,0.00714547513052822,0.));
#7279=CARTESIAN_POINT('',(-0.0316424274635319,0.00597883481532335,0.));
#7280=CARTESIAN_POINT('',(-0.0316424274635319,0.00597883481532335,0.));
#7281=CARTESIAN_POINT('',(-0.0310038309544323,9.74759459495544E-5,-0.0004));
#7282=CARTESIAN_POINT('',(-0.0310038309544323,0.00597883481532335,-0.0004));
#7283=CARTESIAN_POINT('',(-0.0310038309544323,0.00597883481532335,-0.00142025400418788));
#7284=CARTESIAN_POINT('',(-0.0310038309544323,0.00597883481532335,-0.0004));
#7285=CARTESIAN_POINT('',(-0.0310038309544323,9.74759459495544E-5,-0.00142025400418788));
#7286=CARTESIAN_POINT('',(-0.0310038309544323,0.00831211544573308,-0.00142025400418788));
#7287=CARTESIAN_POINT('',(-0.0310038309544323,0.00831211544573308,-0.0004));
#7288=CARTESIAN_POINT('',(-0.0310038309544323,0.00831211544573308,-0.0004));
#7289=CARTESIAN_POINT('',(-0.0310038309544323,9.74759459495544E-5,-0.0004));
#7290=CARTESIAN_POINT('',(-0.0310038309544323,0.0343742030832513,-0.0004));
#7291=CARTESIAN_POINT('',(-0.0310038309544323,0.0343742030832513,-0.0004));
#7292=CARTESIAN_POINT('',(-0.0310038309544323,-0.0341792511913522,-0.0004));
#7293=CARTESIAN_POINT('',(-0.0310038309544323,-0.0341792511913522,-0.0004));
#7294=CARTESIAN_POINT('',(-0.0310038309544323,9.74759459495544E-5,-0.0004));
#7295=CARTESIAN_POINT('',(-0.0310038309544323,-0.0083208135316521,-0.0004));
#7296=CARTESIAN_POINT('',(-0.0310038309544323,-0.0083208135316521,-0.0004));
#7297=CARTESIAN_POINT('',(-0.0310038309544323,-0.0083208135316521,-0.00144922670369968));
#7298=CARTESIAN_POINT('',(-0.0310038309544323,9.74759459495544E-5,-0.00144922670369968));
#7299=CARTESIAN_POINT('',(-0.0310038309544323,-0.00598753290124237,-0.00144922670369968));
#7300=CARTESIAN_POINT('',(-0.0310038309544323,-0.00598753290124237,-0.0004));
#7301=CARTESIAN_POINT('',(-0.0310038309544323,-0.00598753290124237,-0.0004));
#7302=CARTESIAN_POINT('',(-0.0310038309544323,9.74759459495544E-5,-0.0004));
#7303=CARTESIAN_POINT('',(9.74442809821008E-5,9.74759459495544E-5,-0.0004));
#7304=CARTESIAN_POINT('',(9.74442809821018E-5,0.00831211544573307,-0.0004));
#7305=CARTESIAN_POINT('',(-0.0309924274635319,0.00831211544573308,-0.0004));
#7306=CARTESIAN_POINT('',(-0.0309924274635319,0.000107556531168007,-0.0004));
#7307=CARTESIAN_POINT('',(-0.0309924274635319,0.0344518273074359,-0.0004));
#7308=CARTESIAN_POINT('',(-0.0277568563280071,0.0344518273074359,-0.0004));
#7309=CARTESIAN_POINT('',(-0.0309519779584452,0.0349618452872638,-0.0004));
#7310=CARTESIAN_POINT('',(-0.0276480741027337,0.0343742030832513,-0.0004));
#7311=CARTESIAN_POINT('',(9.74442809821008E-5,9.74759459495544E-5,-0.0004));
#7312=CARTESIAN_POINT('',(9.74442809821015E-5,0.00597883481532335,-0.0004));
#7313=CARTESIAN_POINT('',(-0.0309924274635319,0.00597883481532335,-0.0004));
#7314=CARTESIAN_POINT('',(9.74442809821E-5,-0.00598753290124238,-0.0004));
#7315=CARTESIAN_POINT('',(-0.0309924274635319,-0.00598753290124237,-0.0004));
#7316=CARTESIAN_POINT('',(-0.0309924274635319,0.000107556531168007,-0.0004));
#7317=CARTESIAN_POINT('',(0.0142694120675325,0.0110697327181697,-0.0016));
#7318=CARTESIAN_POINT('',(0.0142694120675325,0.0110697327181697,-0.0016));
#7319=CARTESIAN_POINT('',(0.0202560457780957,0.0110697327181697,-0.0016));
#7320=CARTESIAN_POINT('',(0.0185339125605968,0.0110697327181697,-0.001595));
#7321=CARTESIAN_POINT('',(0.0185339125633239,0.0110697327181697,-0.00159));
#7322=CARTESIAN_POINT('',(0.0185339125633239,0.0110697327181697,-0.0004));
#7323=CARTESIAN_POINT('',(0.0142694120675325,0.0110697327181697,-0.0004));
#7324=CARTESIAN_POINT('',(0.0202560457780957,0.0110697327181697,-0.0004));
#7325=CARTESIAN_POINT('',(0.0202560457780957,0.0110697327181697,-0.0016));
#7326=CARTESIAN_POINT('',(0.0142694120675325,0.027202726341784,-0.0016));
#7327=CARTESIAN_POINT('',(0.0181127955034375,0.027202726341784,-0.00159));
#7328=CARTESIAN_POINT('',(0.0181127955034375,0.027202726341784,-0.001595));
#7329=CARTESIAN_POINT('',(0.0181127955034375,0.027202726341784,-0.0004));
#7330=CARTESIAN_POINT('',(0.0142694120675325,0.027202726341784,-0.0016));
#7331=CARTESIAN_POINT('',(0.0202560457780957,0.027202726341784,-0.0016));
#7332=CARTESIAN_POINT('',(0.0202560457780957,0.027202726341784,-0.0016));
#7333=CARTESIAN_POINT('',(0.0202560457780957,0.027202726341784,-0.0004));
#7334=CARTESIAN_POINT('',(0.0142694120675325,0.027202726341784,-0.0004));
#7335=CARTESIAN_POINT('',(0.0175230046624514,0.00636155916925035,0.002));
#7336=CARTESIAN_POINT('',(0.0216629172327828,0.0032906220722758,0.002));
#7337=CARTESIAN_POINT('',(0.0216629172327828,0.0032906220722758,0.0025));
#7338=CARTESIAN_POINT('',(0.0216629172327828,0.0032906220722758,-0.0004));
#7339=CARTESIAN_POINT('',(0.0175230046624514,0.00636155916925035,-0.0004));
#7340=CARTESIAN_POINT('',(0.0132490484501285,0.00348009616606769,-0.0004));
#7341=CARTESIAN_POINT('',(0.0132490484501285,0.00348009616606769,0.002));
#7342=CARTESIAN_POINT('',(0.0132490484501285,0.00348009616606769,0.0025));
#7343=CARTESIAN_POINT('',(0.0175230046624514,0.00636155916925035,0.0025));
#7344=CARTESIAN_POINT('',(0.010149831272987,0.00354988824166004,0.002));
#7345=CARTESIAN_POINT('',(0.010149831272987,0.00354988824166004,-0.0004));
#7346=CARTESIAN_POINT('',(0.00705061409584551,0.0036196803172524,-0.0004));
#7347=CARTESIAN_POINT('',(0.00705061409584551,0.00361968031725239,0.002));
#7348=CARTESIAN_POINT('',(0.00705061409584551,0.00361968031725239,0.0025));
#7349=CARTESIAN_POINT('',(0.010149831272987,0.00354988824166004,0.0025));
#7350=CARTESIAN_POINT('',(0.00491567415566627,0.00555621466211035,0.002));
#7351=CARTESIAN_POINT('',(0.00491567415566627,0.00555621466211035,-0.0004));
#7352=CARTESIAN_POINT('',(0.00278073421548701,0.00749274900696829,-0.0004));
#7353=CARTESIAN_POINT('',(0.00278073421548701,0.00749274900696829,0.002));
#7354=CARTESIAN_POINT('',(0.00278073421548701,0.00749274900696829,0.0025));
#7355=CARTESIAN_POINT('',(0.00491567415566627,0.00555621466211035,0.0025));
#7356=CARTESIAN_POINT('',(0.00276117759701619,0.0216051804896365,0.002));
#7357=CARTESIAN_POINT('',(0.00276117759701619,0.0216051804896365,-0.0004));
#7358=CARTESIAN_POINT('',(0.00274162097854535,0.0357176119723047,-0.0004));
#7359=CARTESIAN_POINT('',(0.00274162097854534,0.0357176119723047,0.002));
#7360=CARTESIAN_POINT('',(0.00274162097854534,0.0357176119723047,0.0025));
#7361=CARTESIAN_POINT('',(0.00276117759701619,0.0216051804896365,0.0025));
#7362=CARTESIAN_POINT('',(0.0153016638360591,0.0357350173334179,0.002));
#7363=CARTESIAN_POINT('',(0.0153016638360591,0.0357350173334179,-0.0004));
#7364=CARTESIAN_POINT('',(0.0278617066935728,0.0357524226945311,-0.0004));
#7365=CARTESIAN_POINT('',(0.0278617066935728,0.0357524226945311,0.002));
#7366=CARTESIAN_POINT('',(0.0278617066935728,0.0357524226945311,0.0025));
#7367=CARTESIAN_POINT('',(0.0153016638360591,0.0357350173334179,0.0025));
#7368=CARTESIAN_POINT('',(0.0278615291403193,0.0194517303078111,0.002));
#7369=CARTESIAN_POINT('',(0.0278615291403193,0.0194517303078111,-0.0004));
#7370=CARTESIAN_POINT('',(0.0278613515870658,0.0031510379210911,-0.0004));
#7371=CARTESIAN_POINT('',(0.0278613515870658,0.0031510379210911,0.002));
#7372=CARTESIAN_POINT('',(0.0278613515870658,0.0031510379210911,0.0025));
#7373=CARTESIAN_POINT('',(0.0278615291403193,0.0194517303078111,0.0025));
#7374=CARTESIAN_POINT('',(0.0247621344099243,0.00322082999668346,0.002));
#7375=CARTESIAN_POINT('',(0.0247621344099243,0.00322082999668346,-0.0004));
#7376=CARTESIAN_POINT('',(0.0247621344099243,0.00322082999668346,0.0025));
#7377=CARTESIAN_POINT('',(9.74442809821008E-5,9.74759459495544E-5,-0.0004));
#7378=CARTESIAN_POINT('',(0.0142694120675325,0.0235961961604654,-0.0004));
#7379=CARTESIAN_POINT('',(0.0104260286316276,0.027202726341784,-0.0004));
#7380=CARTESIAN_POINT('',(0.0202560457780957,0.0191362295299768,-0.0004));
#7381=CARTESIAN_POINT('',(0.0142694120675325,0.0158530072331385,-0.0004));
#7382=CARTESIAN_POINT('',(0.0100049115717411,0.0110697327181697,-0.0004));
#7383=CARTESIAN_POINT('',(0.0142694120675325,0.0110697327181697,-0.0004));
#7384=CARTESIAN_POINT('',(0.00828277835696936,0.0110697327181697,-0.0004));
#7385=CARTESIAN_POINT('',(0.00828277835696936,0.0191362295299768,-0.0004));
#7386=CARTESIAN_POINT('',(0.00828277835696936,0.027202726341784,-0.0004));
#7387=CARTESIAN_POINT('',(0.0142694120675325,0.027202726341784,-0.0004));
#7388=CARTESIAN_POINT('',(0.0142694120675325,0.0110697327181697,-0.0016));
#7389=CARTESIAN_POINT('',(0.0100049115717411,0.0110697327181697,-0.00159));
#7390=CARTESIAN_POINT('',(0.0100049115717412,0.0110697327181697,-0.001595));
#7391=CARTESIAN_POINT('',(0.0142694120675325,0.0110697327181697,-0.0016));
#7392=CARTESIAN_POINT('',(0.00828277835696936,0.0110697327181697,-0.0016));
#7393=CARTESIAN_POINT('',(0.00828277835696936,0.0110697327181697,-0.0016));
#7394=CARTESIAN_POINT('',(0.0202560457780957,0.0191362295299768,-0.0016));
#7395=CARTESIAN_POINT('',(0.0202560457780957,0.0191362295299768,-0.0016));
#7396=CARTESIAN_POINT('',(0.0142694120675325,0.027202726341784,-0.0016));
#7397=CARTESIAN_POINT('',(0.0142694120675325,0.027202726341784,-0.0016));
#7398=CARTESIAN_POINT('',(0.0104260286316276,0.027202726341784,-0.001595));
#7399=CARTESIAN_POINT('',(0.00828277835696936,0.027202726341784,-0.0016));
#7400=CARTESIAN_POINT('',(0.0104260286316276,0.027202726341784,-0.00159));
#7401=CARTESIAN_POINT('',(0.00828277835696936,0.027202726341784,-0.0016));
#7402=CARTESIAN_POINT('',(0.00828277835696936,0.0191362295299768,-0.0016));
#7403=CARTESIAN_POINT('',(0.00828277835696936,0.0191362295299768,-0.0016));
#7404=CARTESIAN_POINT('',(0.000355870928615332,0.00153904361650348,-0.0016));
#7405=CARTESIAN_POINT('',(0.0142694120675325,0.027202726341784,-0.00159));
#7406=CARTESIAN_POINT('',(0.0142694120675325,0.0110697327181697,-0.00159));
#7407=CARTESIAN_POINT('',(0.0142694120675325,0.0235961961604654,-0.00159));
#7408=CARTESIAN_POINT('',(0.0142694120675325,0.0235961961604654,-0.00159));
#7409=CARTESIAN_POINT('',(-0.000488856303691866,0.00350175284806556,-0.00159));
#7410=CARTESIAN_POINT('',(0.0142694120675325,0.0158530072331385,-0.00159));
#7411=CARTESIAN_POINT('',(0.0142694120675325,0.0158530072331385,-0.00159));
#7412=CARTESIAN_POINT('',(-0.000488856303691866,0.00350175284806556,-0.00159));
#7413=CARTESIAN_POINT('',(0.000100110103487556,0.000107556531168,0.0025));
#7414=CARTESIAN_POINT('',(-0.0157206859388902,-0.00198445218060217,0.0025));
#7415=CARTESIAN_POINT('',(-0.00296546965988045,-0.00198445218060217,0.0025));
#7416=CARTESIAN_POINT('',(-0.0284759022179,-0.00198445218060216,0.0025));
#7417=CARTESIAN_POINT('',(-0.00296546965988045,-0.0181521053230768,0.0025));
#7418=CARTESIAN_POINT('',(-0.00296546965988045,-0.0343197584655513,0.0025));
#7419=CARTESIAN_POINT('',(-0.00574685635551259,-0.0343197584655513,0.0025));
#7420=CARTESIAN_POINT('',(-0.00852824305114472,-0.0343197584655513,0.0025));
#7421=CARTESIAN_POINT('',(-0.0135765629094708,-0.0298377512027293,0.0025));
#7422=CARTESIAN_POINT('',(-0.0186248827677969,-0.0343197584655513,0.0025));
#7423=CARTESIAN_POINT('',(-0.021406269463429,-0.0343197584655513,0.0025));
#7424=CARTESIAN_POINT('',(-0.0241876561590612,-0.0343197584655513,0.0025));
#7425=CARTESIAN_POINT('',(-0.0262602035130354,-0.0322557958346238,0.0025));
#7426=CARTESIAN_POINT('',(-0.0283327508670096,-0.0301918332036963,0.0025));
#7427=CARTESIAN_POINT('',(-0.0284043265424548,-0.0160881426921492,0.0025));
#7428=CARTESIAN_POINT('',(0.0172097365465546,-0.0307832902880373,0.0025));
#7429=CARTESIAN_POINT('',(0.0126734212088581,-0.0345760842801866,0.0025));
#7430=CARTESIAN_POINT('',(0.0217460518842511,-0.0345760842801866,0.0025));
#7431=CARTESIAN_POINT('',(0.00967576998291256,-0.0345760842801866,0.0025));
#7432=CARTESIAN_POINT('',(0.00667811875696706,-0.0345760842801866,0.0025));
#7433=CARTESIAN_POINT('',(0.00451900627003702,-0.0324179119690442,0.0025));
#7434=CARTESIAN_POINT('',(0.00235989378310698,-0.0302597396579017,0.0025));
#7435=CARTESIAN_POINT('',(0.00234030914075615,-0.0161270856052035,0.0025));
#7436=CARTESIAN_POINT('',(0.0023207244984053,-0.00199443155250536,0.0025));
#7437=CARTESIAN_POINT('',(0.0150312170549195,-0.00197681770234714,0.0025));
#7438=CARTESIAN_POINT('',(0.0277417096114336,-0.00195920385218892,0.0025));
#7439=CARTESIAN_POINT('',(0.0277415319737879,-0.0182676440661878,0.0025));
#7440=CARTESIAN_POINT('',(0.0277413543361421,-0.0345760842801866,0.0025));
#7441=CARTESIAN_POINT('',(0.0247437031101966,-0.0345760842801866,0.0025));
#7442=CARTESIAN_POINT('',(-0.0134738480701797,0.00697203577782159,0.0025));
#7443=CARTESIAN_POINT('',(-0.0184100136113171,0.00337233688761576,0.0025));
#7444=CARTESIAN_POINT('',(-0.00853768252904227,0.00337233688761576,0.0025));
#7445=CARTESIAN_POINT('',(-0.0211959441902368,0.00337233688761576,0.0025));
#7446=CARTESIAN_POINT('',(-0.0239818747691565,0.00337233688761576,0.0025));
#7447=CARTESIAN_POINT('',(-0.0260939071641708,0.00548344960765598,0.0025));
#7448=CARTESIAN_POINT('',(-0.0282059395591851,0.00759456232769616,0.0025));
#7449=CARTESIAN_POINT('',(-0.0282256147329765,0.0217925456066508,0.0025));
#7450=CARTESIAN_POINT('',(-0.0282452899067681,0.0359905288856054,0.0025));
#7451=CARTESIAN_POINT('',(-0.0156053797833243,0.0360080449245739,0.0025));
#7452=CARTESIAN_POINT('',(-0.00296546965988045,0.0360255609635423,0.0025));
#7453=CARTESIAN_POINT('',(-0.00296564551554165,0.0196989489255791,0.0025));
#7454=CARTESIAN_POINT('',(-0.00296582137120286,0.00337233688761576,0.0025));
#7455=CARTESIAN_POINT('',(-0.00575175195012256,0.00337233688761576,0.0025));
#7456=CARTESIAN_POINT('',(-0.0309924274635319,0.000107556531168007,0.0025));
#7457=CARTESIAN_POINT('',(-0.0309924274635319,0.0344518273074359,0.0025));
#7458=CARTESIAN_POINT('',(-0.0309924274635319,-0.0342367142450999,0.0025));
#7459=CARTESIAN_POINT('',(-0.0277568563280071,-0.0342367142450999,0.0025));
#7460=CARTESIAN_POINT('',(-0.0277568563280071,-0.0374722853806247,0.0025));
#7461=CARTESIAN_POINT('',(0.000100110103487549,-0.0374722853806247,0.0025));
#7462=CARTESIAN_POINT('',(0.0279570765349822,-0.0374722853806247,0.0025));
#7463=CARTESIAN_POINT('',(0.0279570765349822,-0.0342367142450999,0.0025));
#7464=CARTESIAN_POINT('',(0.031192647670507,-0.0342367142450999,0.0025));
#7465=CARTESIAN_POINT('',(0.031192647670507,0.000107556531167993,0.0025));
#7466=CARTESIAN_POINT('',(0.031192647670507,0.0344518273074359,0.0025));
#7467=CARTESIAN_POINT('',(0.0279570765349822,0.0344518273074359,0.0025));
#7468=CARTESIAN_POINT('',(0.0279570765349822,0.0376873984429608,0.0025));
#7469=CARTESIAN_POINT('',(0.000100110103487556,0.0376873984429608,0.0025));
#7470=CARTESIAN_POINT('',(-0.0277568563280071,0.0376873984429608,0.0025));
#7471=CARTESIAN_POINT('',(-0.0277568563280071,0.0344518273074359,0.0025));
#7472=CARTESIAN_POINT('',(-0.000488856303691866,0.00350175284806556,-0.00159));
#7473=CARTESIAN_POINT('',(-0.0139864254742861,-0.0235876683145761,-0.00159));
#7474=CARTESIAN_POINT('',(-0.0177089273929596,-0.0235876683145761,-0.001595));
#7475=CARTESIAN_POINT('',(-0.0102639235556126,-0.0235876683145761,-0.001595));
#7476=CARTESIAN_POINT('',(-0.0139864254742861,-0.02108875660449,-0.00159));
#7477=CARTESIAN_POINT('',(0.000355870928615332,0.00153904361650348,-0.0016));
#7478=CARTESIAN_POINT('',(-0.0139864254742861,-0.0235876683145761,-0.0016));
#7479=CARTESIAN_POINT('',(-0.0079997917637229,-0.0235876683145761,-0.0016));
#7480=CARTESIAN_POINT('',(-0.0079997917637229,-0.015521171502769,-0.0016));
#7481=CARTESIAN_POINT('',(-0.0079997917637229,-0.00745467469096184,-0.0016));
#7482=CARTESIAN_POINT('',(-0.0139864254742861,-0.00745467469096184,-0.0016));
#7483=CARTESIAN_POINT('',(-0.00984280556440353,-0.00745467469096184,-0.001595));
#7484=CARTESIAN_POINT('',(-0.0139864254742861,-0.00745467469096184,-0.00159));
#7485=CARTESIAN_POINT('',(-0.0181300453841687,-0.00745467469096184,-0.001595));
#7486=CARTESIAN_POINT('',(-0.0139864254742861,-0.00745467469096184,-0.0016));
#7487=CARTESIAN_POINT('',(-0.0199730591848492,-0.00745467469096184,-0.0016));
#7488=CARTESIAN_POINT('',(-0.0199730591848492,-0.015521171502769,-0.0016));
#7489=CARTESIAN_POINT('',(-0.0199730591848492,-0.0235876683145761,-0.0016));
#7490=CARTESIAN_POINT('',(-0.0139864254742861,-0.0235876683145761,-0.0016));
#7491=CARTESIAN_POINT('',(-0.000488856303691866,0.00350175284806556,-0.00159));
#7492=CARTESIAN_POINT('',(-0.0139864254742861,-0.0128636772377671,-0.00159));
#7493=CARTESIAN_POINT('',(-0.0139864254742861,-0.00745467469096184,-0.0016));
#7494=CARTESIAN_POINT('',(-0.0181300453841687,-0.00745467469096184,-0.00159));
#7495=CARTESIAN_POINT('',(-0.0181300453841687,-0.00745467469096184,-0.0004));
#7496=CARTESIAN_POINT('',(-0.0139864254742861,-0.00745467469096184,-0.0004));
#7497=CARTESIAN_POINT('',(-0.0199730591848492,-0.00745467469096184,-0.0004));
#7498=CARTESIAN_POINT('',(-0.0199730591848492,-0.00745467469096184,-0.0016));
#7499=CARTESIAN_POINT('',(-0.0199730591848492,-0.015521171502769,-0.0016));
#7500=CARTESIAN_POINT('',(-0.0199730591848492,-0.015521171502769,-0.0004));
#7501=CARTESIAN_POINT('',(-0.0199730591848492,-0.0235876683145761,-0.0004));
#7502=CARTESIAN_POINT('',(-0.0199730591848492,-0.0235876683145761,-0.0016));
#7503=CARTESIAN_POINT('',(-0.0139864254742861,-0.0235876683145761,-0.0016));
#7504=CARTESIAN_POINT('',(-0.0177089273929596,-0.0235876683145761,-0.00159));
#7505=CARTESIAN_POINT('',(-0.0177089273929596,-0.0235876683145761,-0.0004));
#7506=CARTESIAN_POINT('',(-0.0139864254742861,-0.0235876683145761,-0.0004));
#7507=CARTESIAN_POINT('',(-0.0139864254742861,-0.02108875660449,-0.00159));
#7508=CARTESIAN_POINT('',(-0.0139864254742861,-0.02108875660449,-0.0004));
#7509=CARTESIAN_POINT('',(-0.0102639235556126,-0.0235876683145761,-0.0004));
#7510=CARTESIAN_POINT('',(-0.0102639235556126,-0.0235876683145761,-0.00159));
#7511=CARTESIAN_POINT('',(-0.0139864254742861,-0.0235876683145761,-0.0016));
#7512=CARTESIAN_POINT('',(-0.0139864254742861,-0.0235876683145761,-0.0004));
#7513=CARTESIAN_POINT('',(-0.0079997917637229,-0.0235876683145761,-0.0004));
#7514=CARTESIAN_POINT('',(-0.0079997917637229,-0.0235876683145761,-0.0016));
#7515=CARTESIAN_POINT('',(-0.0079997917637229,-0.015521171502769,-0.0016));
#7516=CARTESIAN_POINT('',(-0.0079997917637229,-0.015521171502769,-0.0004));
#7517=CARTESIAN_POINT('',(-0.0079997917637229,-0.00745467469096184,-0.0004));
#7518=CARTESIAN_POINT('',(-0.0079997917637229,-0.00745467469096184,-0.0016));
#7519=CARTESIAN_POINT('',(-0.0139864254742861,-0.00745467469096184,-0.0016));
#7520=CARTESIAN_POINT('',(-0.00984280556440353,-0.00745467469096184,-0.00159));
#7521=CARTESIAN_POINT('',(-0.00984280556440353,-0.00745467469096184,-0.0004));
#7522=CARTESIAN_POINT('',(-0.0139864254742861,-0.00745467469096184,-0.0004));
#7523=CARTESIAN_POINT('',(-0.0139864254742861,-0.0128636772377671,-0.00159));
#7524=CARTESIAN_POINT('',(-0.0139864254742861,-0.0128636772377671,-0.0004));
#7525=CARTESIAN_POINT('',(9.74442809821008E-5,9.74759459495544E-5,-0.0004));
#7526=CARTESIAN_POINT('',(-0.00296546965988045,-0.0181521053230768,-0.0004));
#7527=CARTESIAN_POINT('',(-0.00296546965988045,-0.0343197584655513,-0.0004));
#7528=CARTESIAN_POINT('',(-0.00296546965988045,-0.00198445218060217,-0.0004));
#7529=CARTESIAN_POINT('',(-0.0157206859388902,-0.00198445218060217,-0.0004));
#7530=CARTESIAN_POINT('',(-0.0284759022179,-0.00198445218060216,-0.0004));
#7531=CARTESIAN_POINT('',(-0.0284043265424548,-0.0160881426921492,-0.0004));
#7532=CARTESIAN_POINT('',(-0.0283327508670096,-0.0301918332036963,-0.0004));
#7533=CARTESIAN_POINT('',(-0.0262602035130354,-0.0322557958346238,-0.0004));
#7534=CARTESIAN_POINT('',(-0.0241876561590612,-0.0343197584655513,-0.0004));
#7535=CARTESIAN_POINT('',(-0.021406269463429,-0.0343197584655513,-0.0004));
#7536=CARTESIAN_POINT('',(-0.0186248827677969,-0.0343197584655513,-0.0004));
#7537=CARTESIAN_POINT('',(-0.0135765629094708,-0.0298377512027293,-0.0004));
#7538=CARTESIAN_POINT('',(-0.00852824305114472,-0.0343197584655513,-0.0004));
#7539=CARTESIAN_POINT('',(-0.00574685635551259,-0.0343197584655513,-0.0004));
#7540=CARTESIAN_POINT('',(-0.0284043265424548,-0.0160881426921492,0.002));
#7541=CARTESIAN_POINT('',(-0.0283327508670096,-0.0301918332036963,0.002));
#7542=CARTESIAN_POINT('',(-0.0284759022179,-0.00198445218060216,0.002));
#7543=CARTESIAN_POINT('',(-0.0262602035130354,-0.0322557958346238,0.002));
#7544=CARTESIAN_POINT('',(-0.0241876561590612,-0.0343197584655513,0.002));
#7545=CARTESIAN_POINT('',(-0.021406269463429,-0.0343197584655513,0.002));
#7546=CARTESIAN_POINT('',(-0.0186248827677969,-0.0343197584655513,0.002));
#7547=CARTESIAN_POINT('',(-0.00574685635551259,-0.0343197584655513,0.002));
#7548=CARTESIAN_POINT('',(-0.00296546965988045,-0.0343197584655513,0.002));
#7549=CARTESIAN_POINT('',(-0.00852824305114472,-0.0343197584655513,0.002));
#7550=CARTESIAN_POINT('',(-0.00296546965988045,-0.0181521053230768,0.002));
#7551=CARTESIAN_POINT('',(-0.00296546965988045,-0.00198445218060217,0.002));
#7552=CARTESIAN_POINT('',(-0.0157206859388902,-0.00198445218060217,0.002));
#7553=CARTESIAN_POINT('',(-0.0135765629094708,-0.0298377512027293,0.002));
#7554=CARTESIAN_POINT('',(-0.000488856303691866,0.00350175284806556,-0.00159));
#7555=CARTESIAN_POINT('',(0.0146981673315167,-0.024124639108777,-0.00159));
#7556=CARTESIAN_POINT('',(0.0113482233136892,-0.024124639108777,-0.001595));
#7557=CARTESIAN_POINT('',(0.0180481113493443,-0.024124639108777,-0.001595));
#7558=CARTESIAN_POINT('',(0.0146981673315167,-0.0211453570706765,-0.00159));
#7559=CARTESIAN_POINT('',(0.000355870928615332,0.00153904361650348,-0.0016));
#7560=CARTESIAN_POINT('',(0.0146981673315167,-0.024124639108777,-0.0016));
#7561=CARTESIAN_POINT('',(0.0206848010420799,-0.024124639108777,-0.0016));
#7562=CARTESIAN_POINT('',(0.0206848010420799,-0.0160581422969699,-0.0016));
#7563=CARTESIAN_POINT('',(0.0206848010420799,-0.00799164548516274,-0.0016));
#7564=CARTESIAN_POINT('',(0.0146981673315167,-0.00799164548516274,-0.0016));
#7565=CARTESIAN_POINT('',(0.0182165587320924,-0.00799164548516274,-0.001595));
#7566=CARTESIAN_POINT('',(0.0146981673315167,-0.00799164548516274,-0.00159));
#7567=CARTESIAN_POINT('',(0.0111797759309411,-0.00799164548516274,-0.001595));
#7568=CARTESIAN_POINT('',(0.0146981673315167,-0.00799164548516274,-0.0016));
#7569=CARTESIAN_POINT('',(0.00871153362095356,-0.00799164548516274,-0.0016));
#7570=CARTESIAN_POINT('',(0.00871153362095356,-0.0160581422969699,-0.0016));
#7571=CARTESIAN_POINT('',(0.00871153362095356,-0.024124639108777,-0.0016));
#7572=CARTESIAN_POINT('',(0.0146981673315167,-0.024124639108777,-0.0016));
#7573=CARTESIAN_POINT('',(-0.000488856303691866,0.00350175284806556,-0.00159));
#7574=CARTESIAN_POINT('',(0.0146981673315167,-0.0117247691739877,-0.00159));
#7575=CARTESIAN_POINT('',(0.0146981673315167,-0.00799164548516274,-0.0016));
#7576=CARTESIAN_POINT('',(0.0111797759309411,-0.00799164548516274,-0.00159));
#7577=CARTESIAN_POINT('',(0.0111797759309411,-0.00799164548516274,-0.0004));
#7578=CARTESIAN_POINT('',(0.0146981673315167,-0.00799164548516274,-0.0004));
#7579=CARTESIAN_POINT('',(0.00871153362095356,-0.00799164548516274,-0.0004));
#7580=CARTESIAN_POINT('',(0.00871153362095356,-0.00799164548516274,-0.0016));
#7581=CARTESIAN_POINT('',(0.00871153362095356,-0.0160581422969699,-0.0016));
#7582=CARTESIAN_POINT('',(0.00871153362095356,-0.0160581422969699,-0.0004));
#7583=CARTESIAN_POINT('',(0.00871153362095356,-0.024124639108777,-0.0004));
#7584=CARTESIAN_POINT('',(0.00871153362095356,-0.024124639108777,-0.0016));
#7585=CARTESIAN_POINT('',(0.0146981673315167,-0.024124639108777,-0.0016));
#7586=CARTESIAN_POINT('',(0.0113482233136892,-0.024124639108777,-0.00159));
#7587=CARTESIAN_POINT('',(0.0113482233136892,-0.024124639108777,-0.0004));
#7588=CARTESIAN_POINT('',(0.0146981673315167,-0.024124639108777,-0.0004));
#7589=CARTESIAN_POINT('',(0.0146981673315167,-0.0211453570706765,-0.00159));
#7590=CARTESIAN_POINT('',(0.0146981673315167,-0.0211453570706765,-0.0004));
#7591=CARTESIAN_POINT('',(0.0180481113493443,-0.024124639108777,-0.0004));
#7592=CARTESIAN_POINT('',(0.0180481113493443,-0.024124639108777,-0.00159));
#7593=CARTESIAN_POINT('',(0.0146981673315167,-0.024124639108777,-0.0016));
#7594=CARTESIAN_POINT('',(0.0146981673315167,-0.024124639108777,-0.0004));
#7595=CARTESIAN_POINT('',(0.0206848010420799,-0.024124639108777,-0.0004));
#7596=CARTESIAN_POINT('',(0.0206848010420799,-0.024124639108777,-0.0016));
#7597=CARTESIAN_POINT('',(0.0206848010420799,-0.0160581422969699,-0.0016));
#7598=CARTESIAN_POINT('',(0.0206848010420799,-0.0160581422969699,-0.0004));
#7599=CARTESIAN_POINT('',(0.0206848010420799,-0.00799164548516274,-0.0004));
#7600=CARTESIAN_POINT('',(0.0206848010420799,-0.00799164548516274,-0.0016));
#7601=CARTESIAN_POINT('',(0.0146981673315167,-0.00799164548516274,-0.0016));
#7602=CARTESIAN_POINT('',(0.0182165587320924,-0.00799164548516274,-0.00159));
#7603=CARTESIAN_POINT('',(0.0182165587320924,-0.00799164548516274,-0.0004));
#7604=CARTESIAN_POINT('',(0.0146981673315167,-0.00799164548516274,-0.0004));
#7605=CARTESIAN_POINT('',(0.0146981673315167,-0.0117247691739877,-0.00159));
#7606=CARTESIAN_POINT('',(0.0146981673315167,-0.0117247691739877,-0.0004));
#7607=CARTESIAN_POINT('',(9.74442809821008E-5,9.74759459495544E-5,-0.0004));
#7608=CARTESIAN_POINT('',(0.00967576998291256,-0.0345760842801866,-0.0004));
#7609=CARTESIAN_POINT('',(0.0126734212088581,-0.0345760842801866,-0.0004));
#7610=CARTESIAN_POINT('',(0.00667811875696706,-0.0345760842801866,-0.0004));
#7611=CARTESIAN_POINT('',(0.0172097365465546,-0.0307832902880373,-0.0004));
#7612=CARTESIAN_POINT('',(0.0217460518842511,-0.0345760842801866,-0.0004));
#7613=CARTESIAN_POINT('',(0.0247437031101966,-0.0345760842801866,-0.0004));
#7614=CARTESIAN_POINT('',(0.0277413543361421,-0.0345760842801866,-0.0004));
#7615=CARTESIAN_POINT('',(0.0277415319737879,-0.0182676440661878,-0.0004));
#7616=CARTESIAN_POINT('',(0.0277417096114336,-0.00195920385218892,-0.0004));
#7617=CARTESIAN_POINT('',(0.0150312170549195,-0.00197681770234714,-0.0004));
#7618=CARTESIAN_POINT('',(0.0023207244984053,-0.00199443155250536,-0.0004));
#7619=CARTESIAN_POINT('',(0.00234030914075615,-0.0161270856052035,-0.0004));
#7620=CARTESIAN_POINT('',(0.00235989378310698,-0.0302597396579017,-0.0004));
#7621=CARTESIAN_POINT('',(0.00451900627003702,-0.0324179119690442,-0.0004));
#7622=CARTESIAN_POINT('',(0.0247437031101966,-0.0345760842801866,0.002));
#7623=CARTESIAN_POINT('',(0.0277413543361421,-0.0345760842801866,0.002));
#7624=CARTESIAN_POINT('',(0.0217460518842511,-0.0345760842801866,0.002));
#7625=CARTESIAN_POINT('',(0.0277415319737879,-0.0182676440661878,0.002));
#7626=CARTESIAN_POINT('',(0.0277417096114336,-0.00195920385218892,0.002));
#7627=CARTESIAN_POINT('',(0.0150312170549195,-0.00197681770234714,0.002));
#7628=CARTESIAN_POINT('',(0.0023207244984053,-0.00199443155250536,0.002));
#7629=CARTESIAN_POINT('',(0.00234030914075615,-0.0161270856052035,0.002));
#7630=CARTESIAN_POINT('',(0.00235989378310698,-0.0302597396579017,0.002));
#7631=CARTESIAN_POINT('',(0.00451900627003702,-0.0324179119690442,0.002));
#7632=CARTESIAN_POINT('',(0.00667811875696706,-0.0345760842801866,0.002));
#7633=CARTESIAN_POINT('',(0.00967576998291256,-0.0345760842801866,0.002));
#7634=CARTESIAN_POINT('',(0.0126734212088581,-0.0345760842801866,0.002));
#7635=CARTESIAN_POINT('',(0.0172097365465546,-0.0307832902880373,0.002));
#7636=CARTESIAN_POINT('',(-0.000488856303691866,0.00350175284806556,-0.00159));
#7637=CARTESIAN_POINT('',(-0.0145935786422342,0.0258869441559634,-0.00159));
#7638=CARTESIAN_POINT('',(-0.0102710849605501,0.0310649182647466,-0.00159));
#7639=CARTESIAN_POINT('',(-0.0189160723239183,0.0310649182647466,-0.00159));
#7640=CARTESIAN_POINT('',(-0.0145935786422342,0.0310649182647466,-0.00159));
#7641=CARTESIAN_POINT('',(-0.0145935786422342,0.0310649182647466,-0.00159));
#7642=CARTESIAN_POINT('',(-0.0145935786422342,0.0310649182647466,-0.0015));
#7643=CARTESIAN_POINT('',(-0.0189160723239183,0.0310649182647466,-0.0015));
#7644=CARTESIAN_POINT('',(-0.0102710849605501,0.0310649182647466,-0.0015));
#7645=CARTESIAN_POINT('',(-0.0102710849605501,0.0310649182647466,-0.00159));
#7646=CARTESIAN_POINT('',(-0.0189160723239183,0.0310649182647466,-0.00159));
#7647=CARTESIAN_POINT('',(-0.0145935786422342,0.0194965158589184,-0.0015));
#7648=CARTESIAN_POINT('',(-0.0145935786422342,0.0310649182647466,-0.0015));
#7649=CARTESIAN_POINT('',(-0.0226063244044781,0.0310649182647466,-0.0015));
#7650=CARTESIAN_POINT('',(-0.0226063244044781,0.0194965158589184,-0.0015));
#7651=CARTESIAN_POINT('',(-0.0226063244044781,0.00792811345309019,-0.0015));
#7652=CARTESIAN_POINT('',(-0.0145935786422342,0.00792811345309019,-0.0015));
#7653=CARTESIAN_POINT('',(-0.0195116251707077,0.00792811345309019,-0.0015));
#7654=CARTESIAN_POINT('',(-0.0145935786422342,0.00792811345309019,-0.0015));
#7655=CARTESIAN_POINT('',(-0.00967553211376071,0.00792811345309019,-0.0015));
#7656=CARTESIAN_POINT('',(-0.0145935786422342,0.00792811345309019,-0.0015));
#7657=CARTESIAN_POINT('',(-0.00658083287999034,0.00792811345309019,-0.0015));
#7658=CARTESIAN_POINT('',(-0.00658083287999034,0.0194965158589184,-0.0015));
#7659=CARTESIAN_POINT('',(-0.00658083287999034,0.0310649182647466,-0.0015));
#7660=CARTESIAN_POINT('',(-0.0145935786422342,0.0310649182647466,-0.0015));
#7661=CARTESIAN_POINT('',(-0.000488856303691866,0.00350175284806556,-0.00159));
#7662=CARTESIAN_POINT('',(-0.0145935786422342,0.00792811345309019,-0.00159));
#7663=CARTESIAN_POINT('',(-0.0195116251707077,0.00792811345309019,-0.00159));
#7664=CARTESIAN_POINT('',(-0.00967553211376071,0.00792811345309019,-0.00159));
#7665=CARTESIAN_POINT('',(-0.0145935786422342,0.0116979170775716,-0.00159));
#7666=CARTESIAN_POINT('',(-0.0145935786422342,0.00792811345309019,-0.00159));
#7667=CARTESIAN_POINT('',(-0.0195116251707077,0.00792811345309019,-0.00159));
#7668=CARTESIAN_POINT('',(-0.00967553211376071,0.00792811345309019,-0.00159));
#7669=CARTESIAN_POINT('',(-0.0145935786422342,0.00792811345309019,-0.0015));
#7670=CARTESIAN_POINT('',(-0.00967553211376071,0.00792811345309019,-0.00159));
#7671=CARTESIAN_POINT('',(-0.00967553211376071,0.00792811345309019,-0.0004));
#7672=CARTESIAN_POINT('',(-0.0145935786422342,0.00792811345309019,-0.0004));
#7673=CARTESIAN_POINT('',(-0.00658083287999034,0.00792811345309019,-0.0004));
#7674=CARTESIAN_POINT('',(-0.00658083287999034,0.00792811345309019,-0.0015));
#7675=CARTESIAN_POINT('',(-0.00658083287999034,0.0194965158589184,-0.0015));
#7676=CARTESIAN_POINT('',(-0.00658083287999034,0.0194965158589184,-0.0004));
#7677=CARTESIAN_POINT('',(-0.00658083287999034,0.0310649182647466,-0.0004));
#7678=CARTESIAN_POINT('',(-0.00658083287999034,0.0310649182647466,-0.0015));
#7679=CARTESIAN_POINT('',(-0.0145935786422342,0.0310649182647466,-0.0015));
#7680=CARTESIAN_POINT('',(-0.0102710849605501,0.0310649182647466,-0.00159));
#7681=CARTESIAN_POINT('',(-0.0102710849605501,0.0310649182647466,-0.0004));
#7682=CARTESIAN_POINT('',(-0.0145935786422342,0.0310649182647466,-0.0004));
#7683=CARTESIAN_POINT('',(-0.0145935786422342,0.0258869441559634,-0.00159));
#7684=CARTESIAN_POINT('',(-0.0145935786422342,0.0258869441559634,-0.0004));
#7685=CARTESIAN_POINT('',(-0.0189160723239183,0.0310649182647466,-0.0004));
#7686=CARTESIAN_POINT('',(-0.0189160723239183,0.0310649182647466,-0.00159));
#7687=CARTESIAN_POINT('',(-0.0145935786422342,0.0310649182647466,-0.0015));
#7688=CARTESIAN_POINT('',(-0.0145935786422342,0.0310649182647466,-0.0004));
#7689=CARTESIAN_POINT('',(-0.0226063244044781,0.0310649182647466,-0.0004));
#7690=CARTESIAN_POINT('',(-0.0226063244044781,0.0310649182647466,-0.0015));
#7691=CARTESIAN_POINT('',(-0.0226063244044781,0.0194965158589184,-0.0015));
#7692=CARTESIAN_POINT('',(-0.0226063244044781,0.0194965158589184,-0.0004));
#7693=CARTESIAN_POINT('',(-0.0226063244044781,0.00792811345309019,-0.0004));
#7694=CARTESIAN_POINT('',(-0.0226063244044781,0.00792811345309019,-0.0015));
#7695=CARTESIAN_POINT('',(-0.0145935786422342,0.00792811345309019,-0.0015));
#7696=CARTESIAN_POINT('',(-0.0195116251707077,0.00792811345309019,-0.00159));
#7697=CARTESIAN_POINT('',(-0.0195116251707077,0.00792811345309019,-0.0004));
#7698=CARTESIAN_POINT('',(-0.0145935786422342,0.00792811345309019,-0.0004));
#7699=CARTESIAN_POINT('',(-0.0145935786422342,0.0116979170775716,-0.00159));
#7700=CARTESIAN_POINT('',(-0.0145935786422342,0.0116979170775716,-0.0004));
#7701=CARTESIAN_POINT('',(9.74442809821008E-5,9.74759459495544E-5,-0.0004));
#7702=CARTESIAN_POINT('',(-0.0211959441902368,0.00337233688761576,-0.0004));
#7703=CARTESIAN_POINT('',(-0.0184100136113171,0.00337233688761576,-0.0004));
#7704=CARTESIAN_POINT('',(-0.0239818747691565,0.00337233688761576,-0.0004));
#7705=CARTESIAN_POINT('',(-0.0134738480701797,0.00697203577782159,-0.0004));
#7706=CARTESIAN_POINT('',(-0.00853768252904227,0.00337233688761576,-0.0004));
#7707=CARTESIAN_POINT('',(-0.00575175195012256,0.00337233688761576,-0.0004));
#7708=CARTESIAN_POINT('',(-0.00296582137120286,0.00337233688761576,-0.0004));
#7709=CARTESIAN_POINT('',(-0.00296564551554165,0.0196989489255791,-0.0004));
#7710=CARTESIAN_POINT('',(-0.00296546965988045,0.0360255609635423,-0.0004));
#7711=CARTESIAN_POINT('',(-0.0156053797833243,0.0360080449245739,-0.0004));
#7712=CARTESIAN_POINT('',(-0.0282452899067681,0.0359905288856054,-0.0004));
#7713=CARTESIAN_POINT('',(-0.0282256147329765,0.0217925456066508,-0.0004));
#7714=CARTESIAN_POINT('',(-0.0282059395591851,0.00759456232769616,-0.0004));
#7715=CARTESIAN_POINT('',(-0.0260939071641708,0.00548344960765598,-0.0004));
#7716=CARTESIAN_POINT('',(-0.00575175195012256,0.00337233688761576,0.002));
#7717=CARTESIAN_POINT('',(-0.00296582137120286,0.00337233688761576,0.002));
#7718=CARTESIAN_POINT('',(-0.00853768252904227,0.00337233688761576,0.002));
#7719=CARTESIAN_POINT('',(-0.00296564551554165,0.0196989489255791,0.002));
#7720=CARTESIAN_POINT('',(-0.00296546965988045,0.0360255609635423,0.002));
#7721=CARTESIAN_POINT('',(-0.0156053797833243,0.0360080449245739,0.002));
#7722=CARTESIAN_POINT('',(-0.0282452899067681,0.0359905288856054,0.002));
#7723=CARTESIAN_POINT('',(-0.0282256147329765,0.0217925456066508,0.002));
#7724=CARTESIAN_POINT('',(-0.0282059395591851,0.00759456232769616,0.002));
#7725=CARTESIAN_POINT('',(-0.0260939071641708,0.00548344960765598,0.002));
#7726=CARTESIAN_POINT('',(-0.0239818747691565,0.00337233688761576,0.002));
#7727=CARTESIAN_POINT('',(-0.0211959441902368,0.00337233688761576,0.002));
#7728=CARTESIAN_POINT('',(-0.0184100136113171,0.00337233688761576,0.002));
#7729=CARTESIAN_POINT('',(-0.0134738480701797,0.00697203577782159,0.002));
#7730=CARTESIAN_POINT('',(9.74442809821112E-5,-0.0375350080430508,-0.0004));
#7731=CARTESIAN_POINT('',(0.0278429626646979,-0.0375350080430508,-0.0004));
#7732=CARTESIAN_POINT('',(0.0278429626646979,-0.0375350080430508,-0.0004));
#7733=CARTESIAN_POINT('',(9.74442809821112E-5,-0.0375350080430508,-0.0004));
#7734=CARTESIAN_POINT('',(-0.0276480741027337,-0.0375350080430508,-0.0004));
#7735=CARTESIAN_POINT('',(-0.0276480741027337,-0.0375350080430508,-0.0004));
#7736=CARTESIAN_POINT('',(9.74442809821043E-5,0.0377299599349499,-0.0004));
#7737=CARTESIAN_POINT('',(-0.0276480741027337,0.0377299599349499,-0.0004));
#7738=CARTESIAN_POINT('',(-0.0276480741027337,0.0377299599349499,-0.0004));
#7739=CARTESIAN_POINT('',(9.74442809821043E-5,0.0377299599349499,-0.0004));
#7740=CARTESIAN_POINT('',(0.0278429626646979,0.0377299599349499,-0.0004));
#7741=CARTESIAN_POINT('',(0.0278429626646979,0.0377299599349499,-0.0004));
#7742=CARTESIAN_POINT('',(-0.0276480741027337,-0.0341792511913522,-0.0004));
#7743=CARTESIAN_POINT('',(-0.0276480741027337,-0.0341792511913522,-0.0004));
#7744=CARTESIAN_POINT('',(-0.0302204098366531,-0.0363342901514926,-0.0004));
#7745=CARTESIAN_POINT('',(-0.0302204098366531,-0.0363342901514926,-0.00195));
#7746=CARTESIAN_POINT('',(-0.0302204098366531,-0.0363342901514926,-0.0005));
#7747=CARTESIAN_POINT('',(-0.0276480741027337,-0.0341792511913522,-0.0005));
#7748=CARTESIAN_POINT('',(-0.0308780922447743,-0.0350892439659448,-0.0005));
#7749=CARTESIAN_POINT('',(-0.0308780922447743,-0.0350892439659448,-0.00195));
#7750=CARTESIAN_POINT('',(-0.0308780922447743,-0.0350892439659448,-0.0004));
#7751=CARTESIAN_POINT('',(-0.0276480741027337,-0.0341792511913522,-0.0004));
#7752=CARTESIAN_POINT('',(0.000100110103487556,0.000107556531168,-0.0005));
#7753=CARTESIAN_POINT('',(0.0278429626646979,-0.0341792511913522,-0.0005));
#7754=CARTESIAN_POINT('',(0.0311717662589342,-0.0346037163592067,-0.0005));
#7755=CARTESIAN_POINT('',(0.030166085024199,-0.0366008635778641,-0.0005));
#7756=CARTESIAN_POINT('',(0.0279570765349822,-0.0342367142450999,-0.0005));
#7757=CARTESIAN_POINT('',(9.74442809821008E-5,9.74759459495544E-5,-0.0004));
#7758=CARTESIAN_POINT('',(-0.0277568563280071,-0.0342367142450999,-0.0004));
#7759=CARTESIAN_POINT('',(-0.0277568563280071,-0.0374722853806247,-0.0004));
#7760=CARTESIAN_POINT('',(0.0278429626646979,-0.0341792511913522,-0.0004));
#7761=CARTESIAN_POINT('',(0.030166085024199,-0.0366008635778641,-0.0004));
#7762=CARTESIAN_POINT('',(0.0279570765349822,-0.0342367142450999,-0.0004));
#7763=CARTESIAN_POINT('',(0.0279570765349822,-0.0374722853806247,-0.0004));
#7764=CARTESIAN_POINT('',(0.000100110103487549,-0.0374722853806247,-0.0004));
#7765=CARTESIAN_POINT('',(0.0311987195163966,9.74759459495544E-5,-0.0004));
#7766=CARTESIAN_POINT('',(0.0311987195163966,-0.00796,0.));
#7767=CARTESIAN_POINT('',(0.0311866333332535,-0.00796,-0.0005));
#7768=CARTESIAN_POINT('',(0.0311987195163966,-0.00796,-0.00121383968796929));
#7769=CARTESIAN_POINT('',(0.031192647670507,0.000107556531167993,-0.0005));
#7770=CARTESIAN_POINT('',(0.0311956835934518,-0.0341792511913522,-0.0005));
#7771=CARTESIAN_POINT('',(0.0311987195163966,-0.0341792511913522,-0.0004));
#7772=CARTESIAN_POINT('',(0.0311987195163966,0.0343742030832513,-0.0004));
#7773=CARTESIAN_POINT('',(0.0311956835934518,0.0343742030832513,-0.0005));
#7774=CARTESIAN_POINT('',(0.031192647670507,0.000107556531167993,-0.0005));
#7775=CARTESIAN_POINT('',(0.0311887220163965,0.00791,-0.0005));
#7776=CARTESIAN_POINT('',(0.0311987195163966,0.00791,0.));
#7777=CARTESIAN_POINT('',(0.0311987195163966,0.00791,-0.00121383968796929));
#7778=CARTESIAN_POINT('',(0.0311987195163966,-0.00796,-0.00121383968796929));
#7779=CARTESIAN_POINT('',(0.0278429626646979,-0.0341792511913522,-0.0004));
#7780=CARTESIAN_POINT('',(0.031192647670507,-0.0342367142450999,0.002));
#7781=CARTESIAN_POINT('',(0.0311954408034062,-0.0342367837151338,-0.0004));
#7782=CARTESIAN_POINT('',(0.0311954367599427,-0.0342367620912693,-0.0005));
#7783=CARTESIAN_POINT('',(0.0278429626646979,-0.0341792511913522,-0.0004));
#7784=CARTESIAN_POINT('',(0.0311718894462261,-0.0346037315973535,-0.0004));
#7785=CARTESIAN_POINT('',(0.0311717662589342,-0.0346037163592067,-0.00195));
#7786=CARTESIAN_POINT('',(0.030166085024199,-0.0366008635778641,-0.00195));
#7787=CARTESIAN_POINT('',(0.031192647670507,0.000107556531167993,-0.0005));
#7788=CARTESIAN_POINT('',(0.000100110103487556,0.000107556531168,-0.0005));
#7789=CARTESIAN_POINT('',(0.0278429626646979,0.0343742030832513,-0.0005));
#7790=CARTESIAN_POINT('',(0.0293620035957582,0.0373664628810439,-0.0005));
#7791=CARTESIAN_POINT('',(0.0311840202889738,0.0346879513884098,-0.0005));
#7792=CARTESIAN_POINT('',(0.0279570765349822,0.0344518273074359,-0.0005));
#7793=CARTESIAN_POINT('',(0.0278429626646979,0.0343742030832513,-0.0004));
#7794=CARTESIAN_POINT('',(0.031192647670507,0.0344518273074359,0.002));
#7795=CARTESIAN_POINT('',(0.0311952400678959,0.0344519156718733,-0.0004));
#7796=CARTESIAN_POINT('',(0.0311952332516852,0.034451887224632,-0.0005));
#7797=CARTESIAN_POINT('',(0.031192647670507,0.000107556531167993,-0.0005));
#7798=CARTESIAN_POINT('',(0.0278429626646979,0.0343742030832513,-0.0004));
#7799=CARTESIAN_POINT('',(0.0293627332371231,0.0373661096396391,-0.0004));
#7800=CARTESIAN_POINT('',(0.0293620035957582,0.0373664628810439,-0.00195));
#7801=CARTESIAN_POINT('',(0.0311840202889738,0.0346879513884098,-0.00195));
#7802=CARTESIAN_POINT('',(0.0311840202889738,0.0346879513884098,-0.0004));
#7803=CARTESIAN_POINT('',(0.0278429626646979,0.0343742030832513,-0.0004));
#7804=CARTESIAN_POINT('',(9.74442809821008E-5,9.74759459495544E-5,-0.0004));
#7805=CARTESIAN_POINT('',(9.74442809820998E-5,-0.0083208135316521,-0.0004));
#7806=CARTESIAN_POINT('',(-0.0309924274635319,-0.0083208135316521,-0.0004));
#7807=CARTESIAN_POINT('',(-0.0277568563280071,-0.0342367142450999,-0.0004));
#7808=CARTESIAN_POINT('',(-0.0309924274635319,-0.0342367142450999,-0.0004));
#7809=CARTESIAN_POINT('',(-0.0309924274635319,0.000107556531168007,-0.0004));
#7810=CARTESIAN_POINT('',(0.000100110103487556,0.000107556531168,-0.0005));
#7811=CARTESIAN_POINT('',(-0.0276480741027337,0.0343742030832513,-0.0005));
#7812=CARTESIAN_POINT('',(-0.0309519779584452,0.0349618452872638,-0.0005));
#7813=CARTESIAN_POINT('',(-0.0292782525349814,0.0373073962795403,-0.0005));
#7814=CARTESIAN_POINT('',(-0.0277568563280071,0.0344518273074359,-0.0005));
#7815=CARTESIAN_POINT('',(-0.0276480741027337,0.0343742030832513,-0.0004));
#7816=CARTESIAN_POINT('',(-0.0309519779584452,0.0349618452872638,-0.00195));
#7817=CARTESIAN_POINT('',(-0.0292782525349814,0.0373073962795403,-0.00195));
#7818=CARTESIAN_POINT('',(-0.0292782525349814,0.0373073962795403,-0.0004));
#7819=CARTESIAN_POINT('',(-0.0276480741027337,0.0343742030832513,-0.0004));
#7820=CARTESIAN_POINT('',(9.74442809821008E-5,9.74759459495544E-5,-0.0004));
#7821=CARTESIAN_POINT('',(0.0279570765349822,0.0344518273074359,-0.0004));
#7822=CARTESIAN_POINT('',(0.0279570765349822,0.0376873984429608,-0.0004));
#7823=CARTESIAN_POINT('',(-0.0277568563280071,0.0344518273074359,-0.0004));
#7824=CARTESIAN_POINT('',(-0.0277568563280071,0.0376873984429608,-0.0004));
#7825=CARTESIAN_POINT('',(0.000100110103487556,0.0376873984429608,-0.0004));
#7826=CARTESIAN_POINT('',(-0.0277568563280071,0.0344518273074359,0.002));
#7827=CARTESIAN_POINT('',(-0.0277568563280071,0.0376873984429608,0.002));
#7828=CARTESIAN_POINT('',(-0.0309924274635319,0.0344518273074359,0.002));
#7829=CARTESIAN_POINT('',(0.000100110103487556,0.0376873984429608,0.002));
#7830=CARTESIAN_POINT('',(0.0279570765349822,0.0376873984429608,0.002));
#7831=CARTESIAN_POINT('',(0.0279570765349822,0.0344518273074359,0.002));
#7832=CARTESIAN_POINT('',(0.031192647670507,0.0344518273074359,0.002));
#7833=CARTESIAN_POINT('',(0.031192647670507,0.000107556531167993,0.002));
#7834=CARTESIAN_POINT('',(0.031192647670507,-0.00796,0.));
#7835=CARTESIAN_POINT('',(0.031192647670507,-0.00796,0.00121383968796929));
#7836=CARTESIAN_POINT('',(0.031192647670507,-0.00796,0.00121383968796929));
#7837=CARTESIAN_POINT('',(0.031192647670507,0.00791,0.00121383968796929));
#7838=CARTESIAN_POINT('',(0.031192647670507,0.00791,0.));
#7839=CARTESIAN_POINT('',(0.031192647670507,-0.0342367142450999,0.002));
#7840=CARTESIAN_POINT('',(0.0279570765349822,-0.0342367142450999,0.002));
#7841=CARTESIAN_POINT('',(0.0279570765349822,-0.0374722853806247,0.002));
#7842=CARTESIAN_POINT('',(0.000100110103487549,-0.0374722853806247,0.002));
#7843=CARTESIAN_POINT('',(-0.0277568563280071,-0.0374722853806247,0.002));
#7844=CARTESIAN_POINT('',(-0.0277568563280071,-0.0342367142450999,0.002));
#7845=CARTESIAN_POINT('',(-0.0309924274635319,-0.0342367142450999,0.002));
#7846=CARTESIAN_POINT('',(-0.0309924274635319,0.000107556531168007,0.002));
#7847=CARTESIAN_POINT('',(-0.0309924274635319,0.00714547513052822,0.));
#7848=CARTESIAN_POINT('',(-0.0309924274635319,0.00597883481532335,0.));
#7849=CARTESIAN_POINT('',(-0.0309924274635319,0.00831211544573308,0.));
#7850=CARTESIAN_POINT('',(-0.0309924274635319,0.00597883481532335,-0.000710127002093941));
#7851=CARTESIAN_POINT('',(-0.0309924274635319,-0.00598753290124237,-0.000739099701605737));
#7852=CARTESIAN_POINT('',(-0.0309924274635319,-0.0083208135316521,-0.000739099701605737));
#7853=CARTESIAN_POINT('',(-0.0309924274635319,0.00831211544573308,-0.000710127002093941));
#7854=CARTESIAN_POINT('',(-0.0316424274635319,-0.00715417321644724,-2.89726995117956E-5));
#7855=CARTESIAN_POINT('',(-0.0316424274635319,-0.00598753290124237,-2.89726995117956E-5));
#7856=CARTESIAN_POINT('',(-0.0316424274635319,-0.00598753290124237,-2.89726995117956E-5));
#7857=CARTESIAN_POINT('',(-0.0316424274635319,-0.00715417321644724,-2.89726995117956E-5));
#7858=CARTESIAN_POINT('',(-0.0316424274635319,-0.0083208135316521,-2.89726995117956E-5));
#7859=CARTESIAN_POINT('',(-0.0316424274635319,-0.0083208135316521,-2.89726995117956E-5));
#7860=CARTESIAN_POINT('',(-0.0316424274635319,-0.00598753290124237,-0.000739099701605737));
#7861=CARTESIAN_POINT('',(-0.0316424274635319,-0.00598753290124237,-0.00144922670369968));
#7862=CARTESIAN_POINT('',(-0.0316424274635319,-0.00598753290124237,-0.00144922670369968));
#7863=CARTESIAN_POINT('',(-0.0316424274635319,-0.00598753290124237,-0.000739099701605737));
#7864=CARTESIAN_POINT('',(-0.0313174274635319,-0.00598753290124237,0.0029710273004882));
#7865=CARTESIAN_POINT('',(-0.0313174274635319,-0.00598767321644724,0.0029710273004882));
#7866=CARTESIAN_POINT('',(-0.0312116144633295,-0.00598753290124237,0.0029710273004882));
#7867=CARTESIAN_POINT('',(-0.0311058014631272,-0.00598753290124237,0.0029710273004882));
#7868=CARTESIAN_POINT('',(-0.0311058014631272,-0.00598753290124237,0.0029710273004882));
#7869=CARTESIAN_POINT('',(-0.0316424274635319,-0.00715417321644724,-0.00144922670369968));
#7870=CARTESIAN_POINT('',(-0.0316424274635319,-0.0083208135316521,-0.00144922670369968));
#7871=CARTESIAN_POINT('',(-0.0316424274635319,-0.0083208135316521,-0.00144922670369968));
#7872=CARTESIAN_POINT('',(-0.0316424274635319,-0.00715417321644724,-0.00144922670369968));
#7873=CARTESIAN_POINT('',(-0.0316424274635319,-0.0083208135316521,-0.000739099701605737));
#7874=CARTESIAN_POINT('',(-0.0311058014631272,-0.0083208135316521,0.0029710273004882));
#7875=CARTESIAN_POINT('',(-0.0311058014631272,-0.0083208135316521,0.0029710273004882));
#7876=CARTESIAN_POINT('',(-0.0312116144633295,-0.0083208135316521,0.0029710273004882));
#7877=CARTESIAN_POINT('',(-0.0313174274635319,-0.0083208135316521,0.0029710273004882));
#7878=CARTESIAN_POINT('',(-0.031698727834821,-0.0083208135316521,0.00236325543270447));
#7879=CARTESIAN_POINT('',(-0.03208002820611,-0.0083208135316521,0.00175548356492073));
#7880=CARTESIAN_POINT('',(-0.031698727834821,-0.0083208135316521,0.00175548356492073));
#7881=CARTESIAN_POINT('',(-0.0316424274635319,-0.0083208135316521,-0.000739099701605737));
#7882=CARTESIAN_POINT('',(-0.0316424274635319,-4.34904295951126E-6,-0.000724613351849839));
#7883=CARTESIAN_POINT('',(-0.0316424274635319,0.00597883481532335,-0.000710127002093941));
#7884=CARTESIAN_POINT('',(-0.0316424274635319,0.00597883481532335,-0.00142025400418788));
#7885=CARTESIAN_POINT('',(-0.0316424274635319,0.00597883481532335,-0.00142025400418788));
#7886=CARTESIAN_POINT('',(-0.0316424274635319,0.00597883481532335,0.));
#7887=CARTESIAN_POINT('',(-0.0311058014631272,0.00597883481532335,0.));
#7888=CARTESIAN_POINT('',(-0.0311058014631272,0.00597883481532335,0.003));
#7889=CARTESIAN_POINT('',(-0.0311058014631272,0.00597883481532335,0.003));
#7890=CARTESIAN_POINT('',(-0.0312116144633296,0.00597883481532335,0.003));
#7891=CARTESIAN_POINT('',(-0.0313174274635319,0.00597883481532335,0.003));
#7892=CARTESIAN_POINT('',(-0.0313174274635319,0.00597883481532335,0.003));
#7893=CARTESIAN_POINT('',(-0.0313174274635319,0.00597883481532335,0.00175322161521763));
#7894=CARTESIAN_POINT('',(-0.0313174274635319,0.00597883481532335,0.003));
#7895=CARTESIAN_POINT('',(-0.0316424274635319,0.00597883481532335,-0.000710127002093941));
#7896=CARTESIAN_POINT('',(-0.0316424274635319,0.00714547513052822,0.));
#7897=CARTESIAN_POINT('',(-0.0316424274635319,0.00831211544573308,0.));
#7898=CARTESIAN_POINT('',(-0.0311058014631272,0.00831211544573308,0.));
#7899=CARTESIAN_POINT('',(-0.0311058014631272,0.00714547513052822,0.));
#7900=CARTESIAN_POINT('',(-0.0316424274635319,0.00831211544573308,-0.000710127002093941));
#7901=CARTESIAN_POINT('',(-0.0316424274635319,0.00831211544573308,-0.00142025400418788));
#7902=CARTESIAN_POINT('',(-0.0316424274635319,0.00831211544573308,-0.00142025400418788));
#7903=CARTESIAN_POINT('',(-0.0316424274635319,0.00831211544573308,-0.000710127002093941));
#7904=CARTESIAN_POINT('',(-0.0313174274635319,0.00831211544573308,0.003));
#7905=CARTESIAN_POINT('',(-0.0313174274635319,0.00831211544573308,0.00175322161521763));
#7906=CARTESIAN_POINT('',(-0.0317018421006205,0.00831211544573308,0.00175322161521763));
#7907=CARTESIAN_POINT('',(-0.0320862567377091,0.00831211544573308,0.00175322161521763));
#7908=CARTESIAN_POINT('',(-0.0317018421006205,0.00831211544573308,0.00237661080760882));
#7909=CARTESIAN_POINT('',(-0.0313174274635319,0.00831211544573308,0.003));
#7910=CARTESIAN_POINT('',(-0.0312116144633296,0.00831211544573308,0.003));
#7911=CARTESIAN_POINT('',(-0.0311058014631272,0.00831211544573308,0.003));
#7912=CARTESIAN_POINT('',(-0.0311058014631272,0.00831211544573308,0.003));
#7913=CARTESIAN_POINT('',(-0.0316424274635319,0.00714547513052822,-0.00142025400418788));
#7914=CARTESIAN_POINT('',(-0.0316424274635319,0.00714547513052822,-0.00142025400418788));
#7915=CARTESIAN_POINT('',(-0.0316424274635319,-4.34904295951126E-6,-0.000724613351849839));
#7916=CARTESIAN_POINT('',(-0.0313174274635319,0.00714547513052822,0.003));
#7917=CARTESIAN_POINT('',(-0.0313174274635319,0.00597611544573308,0.00175322161521763));
#7918=CARTESIAN_POINT('',(-0.0311058014631272,0.00714547513052822,0.003));
#7919=CARTESIAN_POINT('',(-0.0311058014631272,0.00714547513052822,0.003));
#7920=CARTESIAN_POINT('',(-0.0313174274635319,0.00714547513052822,0.003));
#7921=CARTESIAN_POINT('',(-0.0313174274635319,0.00714547513052822,0.003));
#7922=CARTESIAN_POINT('',(-0.0317018421006205,0.00597611544573308,0.00237661080760882));
#7923=CARTESIAN_POINT('',(-0.0320862567377091,0.00597611544573308,0.00175322161521763));
#7924=CARTESIAN_POINT('',(-0.0320862567377091,0.00597611544573308,0.00175322161521763));
#7925=CARTESIAN_POINT('',(-0.0317018421006205,0.00597611544573308,0.00237661080760882));
#7926=CARTESIAN_POINT('',(-0.0313174274635319,0.00597611544573308,0.003));
#7927=CARTESIAN_POINT('',(-0.0313174274635319,0.00597611544573308,0.003));
#7928=CARTESIAN_POINT('',(-0.0313174274635319,0.00597611544573308,0.00237661080760882));
#7929=CARTESIAN_POINT('',(-0.0313174274635319,0.00597611544573308,0.00175322161521763));
#7930=CARTESIAN_POINT('',(-0.0313174274635319,0.00597611544573308,0.00175322161521763));
#7931=CARTESIAN_POINT('',(-0.0313174274635319,0.00597611544573308,0.00237661080760882));
#7932=CARTESIAN_POINT('',(-0.0317018421006205,0.00597611544573308,0.00175322161521763));
#7933=CARTESIAN_POINT('',(-0.0317018421006205,0.00597611544573308,0.00175322161521763));
#7934=CARTESIAN_POINT('',(-0.0317018421006205,0.00597611544573308,0.00237661080760882));
#7935=CARTESIAN_POINT('',(-0.0311058014631272,-0.00715417321644724,0.0029710273004882));
#7936=CARTESIAN_POINT('',(-0.0311058014631272,-0.00715417321644724,0.0029710273004882));
#7937=CARTESIAN_POINT('',(-0.0312116144633296,-0.00715417321644724,0.0029710273004882));
#7938=CARTESIAN_POINT('',(-0.0313174274635319,-0.00715417321644724,0.0029710273004882));
#7939=CARTESIAN_POINT('',(-0.031698727834821,-0.0059878135316521,0.00236325543270447));
#7940=CARTESIAN_POINT('',(-0.031698727834821,-0.0059878135316521,0.00236325543270447));
#7941=CARTESIAN_POINT('',(-0.03208002820611,-0.0059878135316521,0.00175548356492073));
#7942=CARTESIAN_POINT('',(-0.03208002820611,-0.0059878135316521,0.00175548356492073));
#7943=CARTESIAN_POINT('',(-0.031698727834821,-0.0059878135316521,0.00175548356492073));
#7944=CARTESIAN_POINT('',(-0.031698727834821,-0.0059878135316521,0.00175548356492073));
#7945=CARTESIAN_POINT('',(-0.031698727834821,-0.0059878135316521,0.00236325543270447));
#7946=CARTESIAN_POINT('',(0.0315334057067693,-0.00796,-0.00121383968796929));
#7947=CARTESIAN_POINT('',(0.0315334057067693,0.00791,-0.00121383968796929));
#7948=CARTESIAN_POINT('',(0.0318834057067693,0.00791,-0.00121383968796929));
#7949=CARTESIAN_POINT('',(0.0318834057067693,-0.00796,-0.00121383968796929));
#7950=CARTESIAN_POINT('',(0.0318834057067693,-0.00796,-0.00121383968796929));
#7951=CARTESIAN_POINT('',(0.0315334057067693,-0.00796,-0.00121383968796929));
#7952=CARTESIAN_POINT('',(0.0321403255507539,-0.00796,0.));
#7953=CARTESIAN_POINT('',(0.0318834057067693,-0.00796,3.25260651745652E-19));
#7954=CARTESIAN_POINT('',(0.0318834057067693,-0.00796,0.000606353720991756));
#7955=CARTESIAN_POINT('',(0.0318834057067693,-0.00796,4.33680868994202E-19));
#7956=CARTESIAN_POINT('',(0.0318834057067693,-0.00796,0.00121383968796929));
#7957=CARTESIAN_POINT('',(0.0315334057067693,-0.00796,0.00121383968796929));
#7958=CARTESIAN_POINT('',(0.0321403255507539,0.00791,0.));
#7959=CARTESIAN_POINT('',(0.0318834057067693,0.00791,3.25260651745652E-19));
#7960=CARTESIAN_POINT('',(0.0318834057067693,0.00791,0.000606353720991756));
#7961=CARTESIAN_POINT('',(0.0315334057067693,0.00791,0.00121383968796929));
#7962=CARTESIAN_POINT('',(0.0318834057067693,0.00791,0.00121383968796929));
#7963=CARTESIAN_POINT('',(0.0318834057067693,0.00791,4.33680868994202E-19));
#7964=CARTESIAN_POINT('',(0.0318834057067693,-0.00796,4.33680868994202E-19));
#7965=CARTESIAN_POINT('',(0.0318834057067693,-0.00796,0.00121383968796929));
#7966=CARTESIAN_POINT('',(0.0315334057067693,-0.00796,0.00121383968796929));
#7967=CARTESIAN_POINT('',(0.0318834057067693,-0.00796,3.25260651745652E-19));
#7968=CARTESIAN_POINT('',(0.0141155948840606,0.0325776624134353,-0.0027));
#7969=CARTESIAN_POINT('',(0.0141155948840606,0.0327444931487359,-0.0027));
#7970=CARTESIAN_POINT('',(0.0141155948840606,0.0327444931487359,-0.0027));
#7971=CARTESIAN_POINT('',(0.0141155948840606,0.0325776624134353,-0.0027));
#7972=CARTESIAN_POINT('',(0.0141155948840606,0.0324108316781349,-0.0027));
#7973=CARTESIAN_POINT('',(0.0141155948840606,0.0324108316781349,-0.0027));
#7974=CARTESIAN_POINT('',(0.01463710776261,0.0327444931487359,-0.0027));
#7975=CARTESIAN_POINT('',(0.0151586206411594,0.0327444931487359,-0.0027));
#7976=CARTESIAN_POINT('',(0.0151586206411594,0.0327444931487359,-0.0027));
#7977=CARTESIAN_POINT('',(0.01463710776261,0.0327444931487359,-0.0027));
#7978=CARTESIAN_POINT('',(0.0151586206411594,0.0325776624134353,-0.0027));
#7979=CARTESIAN_POINT('',(0.0151586206411594,0.0324108316781349,-0.0027));
#7980=CARTESIAN_POINT('',(0.0151586206411594,0.0324108316781349,-0.0027));
#7981=CARTESIAN_POINT('',(0.0151586206411594,0.0325776624134353,-0.0027));
#7982=CARTESIAN_POINT('',(0.01463710776261,0.0324108316781349,-0.0027));
#7983=CARTESIAN_POINT('',(0.01463710776261,0.0324108316781349,-0.0027));
#7984=CARTESIAN_POINT('',(0.018658411411011,0.000195645784105296,-0.0027));
#7985=CARTESIAN_POINT('',(0.0240657123385078,-0.0316381762618843,-0.0027));
#7986=CARTESIAN_POINT('',(0.0240657123385078,-0.0316381762618843,-0.0035));
#7987=CARTESIAN_POINT('',(0.0240657123385078,-0.0311210271383077,-0.0027));
#7988=CARTESIAN_POINT('',(0.0240657123385078,-0.0311210271383077,-0.0035));
#7989=CARTESIAN_POINT('',(0.0239848183033969,-0.0306565665190157,-0.0027));
#7990=CARTESIAN_POINT('',(0.0239848183033969,-0.0306565665190157,-0.0035));
#7991=CARTESIAN_POINT('',(0.023823030233175,-0.0302447944040084,-0.0027));
#7992=CARTESIAN_POINT('',(0.023823030233175,-0.0302447944040084,-0.0035));
#7993=CARTESIAN_POINT('',(0.0240657123385078,-0.0316381762618843,-0.0027));
#7994=CARTESIAN_POINT('',(0.0240657123385078,-0.0316381762618843,-0.0027));
#7995=CARTESIAN_POINT('',(0.0240657123385078,-0.0316381762618843,-0.0027));
#7996=CARTESIAN_POINT('',(0.0240657123385078,-0.0308624525765193,-0.0027));
#7997=CARTESIAN_POINT('',(0.023823030233175,-0.0302447944040084,-0.0027));
#7998=CARTESIAN_POINT('',(0.023823030233175,-0.0302447944040084,-0.0027));
#7999=CARTESIAN_POINT('',(0.023823030233175,-0.0302447944040084,-0.0027));
#8000=CARTESIAN_POINT('',(0.0240657123385078,-0.0316437600979362,-0.0027));
#8001=CARTESIAN_POINT('',(0.0240657123385078,-0.0316493439339881,-0.0027));
#8002=CARTESIAN_POINT('',(0.0240657123385078,-0.0316493439339881,-0.0027));
#8003=CARTESIAN_POINT('',(0.0240657123385078,-0.0316437600979362,-0.0027));
#8004=CARTESIAN_POINT('',(0.0238243188107254,-0.0330380010075124,-0.0027));
#8005=CARTESIAN_POINT('',(0.0238243188107254,-0.0330380010075124,-0.0035));
#8006=CARTESIAN_POINT('',(0.023985247829247,-0.0326253698408048,-0.0027));
#8007=CARTESIAN_POINT('',(0.023985247829247,-0.0326253698408048,-0.0035));
#8008=CARTESIAN_POINT('',(0.0240657123385078,-0.03216248414963,-0.0027));
#8009=CARTESIAN_POINT('',(0.0240657123385078,-0.03216248414963,-0.0035));
#8010=CARTESIAN_POINT('',(0.0240657123385078,-0.0316493439339881,-0.0027));
#8011=CARTESIAN_POINT('',(0.0240657123385078,-0.0316493439339881,-0.0035));
#8012=CARTESIAN_POINT('',(0.0238243188107254,-0.0330380010075124,-0.0027));
#8013=CARTESIAN_POINT('',(0.0238243188107254,-0.0330380010075124,-0.0027));
#8014=CARTESIAN_POINT('',(0.0238243188107254,-0.0330380010075124,-0.0027));
#8015=CARTESIAN_POINT('',(0.0240657123385078,-0.032419054257451,-0.0027));
#8016=CARTESIAN_POINT('',(0.0240657123385078,-0.0316493439339881,-0.0027));
#8017=CARTESIAN_POINT('',(0.0230752257280696,-0.0342050227423609,-0.0027));
#8018=CARTESIAN_POINT('',(0.0230752257280696,-0.0342050227423609,-0.0035));
#8019=CARTESIAN_POINT('',(0.0234136920979852,-0.0338396394191695,-0.0027));
#8020=CARTESIAN_POINT('',(0.0234136920979852,-0.0338396394191695,-0.0035));
#8021=CARTESIAN_POINT('',(0.0236633897922038,-0.03345063217422,-0.0027));
#8022=CARTESIAN_POINT('',(0.0236633897922038,-0.03345063217422,-0.0035));
#8023=CARTESIAN_POINT('',(0.0238243188107254,-0.0330380010075124,-0.0027));
#8024=CARTESIAN_POINT('',(0.0238243188107254,-0.0330380010075124,-0.0035));
#8025=CARTESIAN_POINT('',(0.0230752257280696,-0.0342050227423609,-0.0027));
#8026=CARTESIAN_POINT('',(0.0230752257280696,-0.0342050227423609,-0.0027));
#8027=CARTESIAN_POINT('',(0.0230752257280696,-0.0342050227423609,-0.0027));
#8028=CARTESIAN_POINT('',(0.023582925282943,-0.0336569477575738,-0.0027));
#8029=CARTESIAN_POINT('',(0.0238243188107254,-0.0330380010075124,-0.0027));
#8030=CARTESIAN_POINT('',(0.0228419931914399,-0.0342050227423609,-0.0027));
#8031=CARTESIAN_POINT('',(0.0226087606548102,-0.0342050227423609,-0.0027));
#8032=CARTESIAN_POINT('',(0.0226087606548102,-0.0342050227423609,-0.0027));
#8033=CARTESIAN_POINT('',(0.0228419931914399,-0.0342050227423609,-0.0027));
#8034=CARTESIAN_POINT('',(0.0233453974878119,-0.0330178132925555,-0.0027));
#8035=CARTESIAN_POINT('',(0.0233453974878119,-0.0330178132925555,-0.0035));
#8036=CARTESIAN_POINT('',(0.0231887637277917,-0.0334347397177646,-0.0027));
#8037=CARTESIAN_POINT('',(0.0231887637277917,-0.0334347397177646,-0.0035));
#8038=CARTESIAN_POINT('',(0.0229432181167911,-0.033830476201033,-0.0027));
#8039=CARTESIAN_POINT('',(0.0229432181167911,-0.033830476201033,-0.0035));
#8040=CARTESIAN_POINT('',(0.0226087606548102,-0.0342050227423609,-0.0027));
#8041=CARTESIAN_POINT('',(0.0226087606548102,-0.0342050227423609,-0.0035));
#8042=CARTESIAN_POINT('',(0.0233453974878119,-0.0330178132925555,-0.0027));
#8043=CARTESIAN_POINT('',(0.0233453974878119,-0.0330178132925555,-0.0027));
#8044=CARTESIAN_POINT('',(0.0233453974878119,-0.0330178132925555,-0.0027));
#8045=CARTESIAN_POINT('',(0.0231104468477816,-0.0336432029303691,-0.0027));
#8046=CARTESIAN_POINT('',(0.0226087606548102,-0.0342050227423609,-0.0027));
#8047=CARTESIAN_POINT('',(0.0235803481278421,-0.031643330572086,-0.0027));
#8048=CARTESIAN_POINT('',(0.0235803481278421,-0.031643330572086,-0.0035));
#8049=CARTESIAN_POINT('',(0.0235803481278421,-0.0321427259605233,-0.0027));
#8050=CARTESIAN_POINT('',(0.0235803481278421,-0.0321427259605233,-0.0035));
#8051=CARTESIAN_POINT('',(0.023502031247832,-0.0326008868673464,-0.0027));
#8052=CARTESIAN_POINT('',(0.023502031247832,-0.0326008868673464,-0.0035));
#8053=CARTESIAN_POINT('',(0.0233453974878119,-0.0330178132925555,-0.0027));
#8054=CARTESIAN_POINT('',(0.0233453974878119,-0.0330178132925555,-0.0035));
#8055=CARTESIAN_POINT('',(0.0235803481278421,-0.031643330572086,-0.0027));
#8056=CARTESIAN_POINT('',(0.0235803481278421,-0.031643330572086,-0.0027));
#8057=CARTESIAN_POINT('',(0.0235803481278421,-0.031643330572086,-0.0027));
#8058=CARTESIAN_POINT('',(0.0235803481278421,-0.0323924236547419,-0.0027));
#8059=CARTESIAN_POINT('',(0.0233453974878119,-0.0330178132925555,-0.0027));
#8060=CARTESIAN_POINT('',(0.0233466860653623,-0.0302701364291671,-0.0027));
#8061=CARTESIAN_POINT('',(0.0233466860653623,-0.0302701364291671,-0.0035));
#8062=CARTESIAN_POINT('',(0.0235024607736822,-0.0306862038026758,-0.0027));
#8063=CARTESIAN_POINT('',(0.0235024607736822,-0.0306862038026758,-0.0035));
#8064=CARTESIAN_POINT('',(0.0235803481278421,-0.0311439351836488,-0.0027));
#8065=CARTESIAN_POINT('',(0.0235803481278421,-0.0311439351836488,-0.0035));
#8066=CARTESIAN_POINT('',(0.0235803481278421,-0.031643330572086,-0.0027));
#8067=CARTESIAN_POINT('',(0.0235803481278421,-0.031643330572086,-0.0035));
#8068=CARTESIAN_POINT('',(0.0233466860653623,-0.0302701364291671,-0.0027));
#8069=CARTESIAN_POINT('',(0.0233466860653623,-0.0302701364291671,-0.0027));
#8070=CARTESIAN_POINT('',(0.0233466860653623,-0.0302701364291671,-0.0027));
#8071=CARTESIAN_POINT('',(0.0235803481278421,-0.0308942374894302,-0.0027));
#8072=CARTESIAN_POINT('',(0.0235803481278421,-0.031643330572086,-0.0027));
#8073=CARTESIAN_POINT('',(0.0226087606548102,-0.0290824974535114,-0.0027));
#8074=CARTESIAN_POINT('',(0.0226087606548102,-0.0290824974535114,-0.0035));
#8075=CARTESIAN_POINT('',(0.0229449362201917,-0.0294581893971064,-0.0027));
#8076=CARTESIAN_POINT('',(0.0229449362201917,-0.0294581893971064,-0.0035));
#8077=CARTESIAN_POINT('',(0.0231909113570424,-0.0298540690556583,-0.0027));
#8078=CARTESIAN_POINT('',(0.0231909113570424,-0.0298540690556583,-0.0035));
#8079=CARTESIAN_POINT('',(0.0233466860653623,-0.0302701364291671,-0.0027));
#8080=CARTESIAN_POINT('',(0.0233466860653623,-0.0302701364291671,-0.0035));
#8081=CARTESIAN_POINT('',(0.0226087606548102,-0.0290824974535114,-0.0027));
#8082=CARTESIAN_POINT('',(0.0226087606548102,-0.0290824974535114,-0.0027));
#8083=CARTESIAN_POINT('',(0.0226087606548102,-0.0290824974535114,-0.0027));
#8084=CARTESIAN_POINT('',(0.0231130240028825,-0.0296460353689039,-0.0027));
#8085=CARTESIAN_POINT('',(0.0233466860653623,-0.0302701364291671,-0.0027));
#8086=CARTESIAN_POINT('',(0.0228419931914399,-0.0290824974535114,-0.0027));
#8087=CARTESIAN_POINT('',(0.0230752257280696,-0.0290824974535114,-0.0027));
#8088=CARTESIAN_POINT('',(0.0230752257280696,-0.0290824974535114,-0.0027));
#8089=CARTESIAN_POINT('',(0.0228419931914399,-0.0290824974535114,-0.0027));
#8090=CARTESIAN_POINT('',(0.023823030233175,-0.0302447944040084,-0.0027));
#8091=CARTESIAN_POINT('',(0.023823030233175,-0.0302447944040084,-0.0035));
#8092=CARTESIAN_POINT('',(0.023661242162953,-0.0298330222890011,-0.0027));
#8093=CARTESIAN_POINT('',(0.023661242162953,-0.0298330222890011,-0.0035));
#8094=CARTESIAN_POINT('',(0.0234119739945846,-0.0294455899721688,-0.0027));
#8095=CARTESIAN_POINT('',(0.0234119739945846,-0.0294455899721688,-0.0035));
#8096=CARTESIAN_POINT('',(0.0230752257280696,-0.0290824974535114,-0.0027));
#8097=CARTESIAN_POINT('',(0.0230752257280696,-0.0290824974535114,-0.0035));
#8098=CARTESIAN_POINT('',(0.023823030233175,-0.0302447944040084,-0.0027));
#8099=CARTESIAN_POINT('',(0.0235803481278421,-0.0296271362314975,-0.0027));
#8100=CARTESIAN_POINT('',(0.0230752257280696,-0.0290824974535114,-0.0027));
#8101=CARTESIAN_POINT('',(0.018658411411011,0.000195645784105296,-0.0027));
#8102=CARTESIAN_POINT('',(0.021694300119848,-0.0328769288137074,-0.0027));
#8103=CARTESIAN_POINT('',(0.0221087925652395,-0.0320273266821172,-0.0027));
#8104=CARTESIAN_POINT('',(0.0221087925652395,-0.0320273266821172,-0.0027));
#8105=CARTESIAN_POINT('',(0.021694300119848,-0.0328769288137074,-0.0027));
#8106=CARTESIAN_POINT('',(0.0212798076744563,-0.0337265309452976,-0.0027));
#8107=CARTESIAN_POINT('',(0.0212798076744563,-0.0337265309452976,-0.0027));
#8108=CARTESIAN_POINT('',(0.0223291393263647,-0.0320273266821172,-0.0027));
#8109=CARTESIAN_POINT('',(0.02254948608749,-0.0320273266821172,-0.0027));
#8110=CARTESIAN_POINT('',(0.02254948608749,-0.0320273266821172,-0.0027));
#8111=CARTESIAN_POINT('',(0.0223291393263647,-0.0320273266821172,-0.0027));
#8112=CARTESIAN_POINT('',(0.0220529542047204,-0.0330152361374546,-0.0027));
#8113=CARTESIAN_POINT('',(0.0215564223219509,-0.034003145592792,-0.0027));
#8114=CARTESIAN_POINT('',(0.0215564223219509,-0.034003145592792,-0.0027));
#8115=CARTESIAN_POINT('',(0.0220529542047204,-0.0330152361374546,-0.0027));
#8116=CARTESIAN_POINT('',(0.0212836734071077,-0.034003145592792,-0.0027));
#8117=CARTESIAN_POINT('',(0.0210109244922645,-0.034003145592792,-0.0027));
#8118=CARTESIAN_POINT('',(0.0210109244922645,-0.034003145592792,-0.0027));
#8119=CARTESIAN_POINT('',(0.0212836734071077,-0.034003145592792,-0.0027));
#8120=CARTESIAN_POINT('',(0.0205169697645959,-0.0330152361374546,-0.0027));
#8121=CARTESIAN_POINT('',(0.0200230150369272,-0.0320273266821172,-0.0027));
#8122=CARTESIAN_POINT('',(0.0200230150369272,-0.0320273266821172,-0.0027));
#8123=CARTESIAN_POINT('',(0.0205169697645959,-0.0330152361374546,-0.0027));
#8124=CARTESIAN_POINT('',(0.0202407846429515,-0.0320273266821172,-0.0027));
#8125=CARTESIAN_POINT('',(0.0204585542489759,-0.0320273266821172,-0.0027));
#8126=CARTESIAN_POINT('',(0.0204585542489759,-0.0320273266821172,-0.0027));
#8127=CARTESIAN_POINT('',(0.0202407846429515,-0.0320273266821172,-0.0027));
#8128=CARTESIAN_POINT('',(0.0208691809617162,-0.0328769288137074,-0.0027));
#8129=CARTESIAN_POINT('',(0.0208691809617162,-0.0328769288137074,-0.0027));
#8130=CARTESIAN_POINT('',(0.018658411411011,0.000195645784105296,-0.0027));
#8131=CARTESIAN_POINT('',(0.0168556914179454,-0.0293024146887866,-0.0027));
#8132=CARTESIAN_POINT('',(0.0168556914179454,-0.029128027193627,-0.0027));
#8133=CARTESIAN_POINT('',(0.0168556914179454,-0.029128027193627,-0.0027));
#8134=CARTESIAN_POINT('',(0.0168556914179454,-0.0293024146887866,-0.0027));
#8135=CARTESIAN_POINT('',(0.0168556914179454,-0.0294768021839461,-0.0027));
#8136=CARTESIAN_POINT('',(0.0168556914179454,-0.0294768021839461,-0.0027));
#8137=CARTESIAN_POINT('',(0.0184569637872922,-0.029128027193627,-0.0027));
#8138=CARTESIAN_POINT('',(0.0200582361566391,-0.029128027193627,-0.0027));
#8139=CARTESIAN_POINT('',(0.0200582361566391,-0.029128027193627,-0.0027));
#8140=CARTESIAN_POINT('',(0.0184569637872922,-0.029128027193627,-0.0027));
#8141=CARTESIAN_POINT('',(0.0200582361566391,-0.0293024146887866,-0.0027));
#8142=CARTESIAN_POINT('',(0.0200582361566391,-0.0294768021839461,-0.0027));
#8143=CARTESIAN_POINT('',(0.0200582361566391,-0.0294768021839461,-0.0027));
#8144=CARTESIAN_POINT('',(0.0200582361566391,-0.0293024146887866,-0.0027));
#8145=CARTESIAN_POINT('',(0.0184569637872922,-0.0294768021839461,-0.0027));
#8146=CARTESIAN_POINT('',(0.0184569637872922,-0.0294768021839461,-0.0027));
#8147=CARTESIAN_POINT('',(0.018658411411011,0.000195645784105296,-0.0027));
#8148=CARTESIAN_POINT('',(0.0160572028625227,-0.0328769288137074,-0.0027));
#8149=CARTESIAN_POINT('',(0.0164716953079142,-0.0320273266821172,-0.0027));
#8150=CARTESIAN_POINT('',(0.0164716953079142,-0.0320273266821172,-0.0027));
#8151=CARTESIAN_POINT('',(0.0160572028625227,-0.0328769288137074,-0.0027));
#8152=CARTESIAN_POINT('',(0.0156427104171311,-0.0337265309452976,-0.0027));
#8153=CARTESIAN_POINT('',(0.0156427104171311,-0.0337265309452976,-0.0027));
#8154=CARTESIAN_POINT('',(0.0166920420690395,-0.0320273266821172,-0.0027));
#8155=CARTESIAN_POINT('',(0.0169123888301647,-0.0320273266821172,-0.0027));
#8156=CARTESIAN_POINT('',(0.0169123888301647,-0.0320273266821172,-0.0027));
#8157=CARTESIAN_POINT('',(0.0166920420690395,-0.0320273266821172,-0.0027));
#8158=CARTESIAN_POINT('',(0.0164158569473952,-0.0330152361374546,-0.0027));
#8159=CARTESIAN_POINT('',(0.0159193250646255,-0.034003145592792,-0.0027));
#8160=CARTESIAN_POINT('',(0.0159193250646255,-0.034003145592792,-0.0027));
#8161=CARTESIAN_POINT('',(0.0164158569473952,-0.0330152361374546,-0.0027));
#8162=CARTESIAN_POINT('',(0.0156465761497824,-0.034003145592792,-0.0027));
#8163=CARTESIAN_POINT('',(0.0153738272349392,-0.034003145592792,-0.0027));
#8164=CARTESIAN_POINT('',(0.0153738272349392,-0.034003145592792,-0.0027));
#8165=CARTESIAN_POINT('',(0.0156465761497824,-0.034003145592792,-0.0027));
#8166=CARTESIAN_POINT('',(0.0148798725072706,-0.0330152361374546,-0.0027));
#8167=CARTESIAN_POINT('',(0.0143859177796019,-0.0320273266821172,-0.0027));
#8168=CARTESIAN_POINT('',(0.0143859177796019,-0.0320273266821172,-0.0027));
#8169=CARTESIAN_POINT('',(0.0148798725072706,-0.0330152361374546,-0.0027));
#8170=CARTESIAN_POINT('',(0.0146036873856262,-0.0320273266821172,-0.0027));
#8171=CARTESIAN_POINT('',(0.0148214569916506,-0.0320273266821172,-0.0027));
#8172=CARTESIAN_POINT('',(0.0148214569916506,-0.0320273266821172,-0.0027));
#8173=CARTESIAN_POINT('',(0.0146036873856262,-0.0320273266821172,-0.0027));
#8174=CARTESIAN_POINT('',(0.0152320837043908,-0.0328769288137074,-0.0027));
#8175=CARTESIAN_POINT('',(0.0152320837043908,-0.0328769288137074,-0.0027));
#8176=CARTESIAN_POINT('',(0.018658411411011,0.000195645784105296,-0.0027));
#8177=CARTESIAN_POINT('',(0.0264856609782343,-0.0321858217208214,-0.0027));
#8178=CARTESIAN_POINT('',(0.025934149786646,-0.0301666206992817,-0.0027));
#8179=CARTESIAN_POINT('',(0.025934149786646,-0.0301666206992817,-0.0027));
#8180=CARTESIAN_POINT('',(0.0264856609782343,-0.0321858217208214,-0.0027));
#8181=CARTESIAN_POINT('',(0.0270371721698227,-0.0342050227423609,-0.0027));
#8182=CARTESIAN_POINT('',(0.0270371721698227,-0.0342050227423609,-0.0027));
#8183=CARTESIAN_POINT('',(0.0261514898668203,-0.0301666206992817,-0.0027));
#8184=CARTESIAN_POINT('',(0.0263688299469945,-0.0301666206992817,-0.0027));
#8185=CARTESIAN_POINT('',(0.0263688299469945,-0.0301666206992817,-0.0027));
#8186=CARTESIAN_POINT('',(0.0261514898668203,-0.0301666206992817,-0.0027));
#8187=CARTESIAN_POINT('',(0.0269151868283811,-0.0321858217208214,-0.0027));
#8188=CARTESIAN_POINT('',(0.0274615437097676,-0.0342050227423609,-0.0027));
#8189=CARTESIAN_POINT('',(0.0274615437097676,-0.0342050227423609,-0.0027));
#8190=CARTESIAN_POINT('',(0.0269151868283811,-0.0321858217208214,-0.0027));
#8191=CARTESIAN_POINT('',(0.0272493579397952,-0.0342050227423609,-0.0027));
#8192=CARTESIAN_POINT('',(0.0272493579397952,-0.0342050227423609,-0.0027));
#8193=CARTESIAN_POINT('',(0.018658411411011,0.000195645784105296,-0.0027));
#8194=CARTESIAN_POINT('',(0.0121243032275136,0.0325816663510826,-0.0027));
#8195=CARTESIAN_POINT('',(0.0121243032275136,0.0325816663510826,-0.0035));
#8196=CARTESIAN_POINT('',(0.0121243032275136,0.0328975325432516,-0.0027));
#8197=CARTESIAN_POINT('',(0.0121243032275136,0.0328975325432516,-0.0035));
#8198=CARTESIAN_POINT('',(0.0121660109113388,0.0331235325793387,-0.0027));
#8199=CARTESIAN_POINT('',(0.0121660109113388,0.0331235325793387,-0.0035));
#8200=CARTESIAN_POINT('',(0.012249426278989,0.0332596664593438,-0.0027));
#8201=CARTESIAN_POINT('',(0.012249426278989,0.0332596664593438,-0.0035));
#8202=CARTESIAN_POINT('',(0.0121243032275136,0.0325816663510826,-0.0035));
#8203=CARTESIAN_POINT('',(0.0121243032275136,0.033055465639336,-0.0035));
#8204=CARTESIAN_POINT('',(0.012249426278989,0.0332596664593438,-0.0035));
#8205=CARTESIAN_POINT('',(0.0121243032275136,0.0325816663510826,-0.0035));
#8206=CARTESIAN_POINT('',(0.012249426278989,0.0332596664593438,-0.0035));
#8207=CARTESIAN_POINT('',(0.0121243032275136,0.0325816663510826,-0.0027));
#8208=CARTESIAN_POINT('',(0.0121243032275136,0.0325816663510826,-0.0027));
#8209=CARTESIAN_POINT('',(0.0121243032275136,0.0325816663510826,-0.0027));
#8210=CARTESIAN_POINT('',(0.0121243032275136,0.033055465639336,-0.0027));
#8211=CARTESIAN_POINT('',(0.012249426278989,0.0332596664593438,-0.0027));
#8212=CARTESIAN_POINT('',(0.012249426278989,0.0332596664593438,-0.0027));
#8213=CARTESIAN_POINT('',(0.012249426278989,0.0332596664593438,-0.0027));
#8214=CARTESIAN_POINT('',(0.0122507609248714,0.0319009969510565,-0.0027));
#8215=CARTESIAN_POINT('',(0.0122507609248714,0.0319009969510565,-0.0035));
#8216=CARTESIAN_POINT('',(0.0121664557932996,0.0320406898867481,-0.0027));
#8217=CARTESIAN_POINT('',(0.0121664557932996,0.0320406898867481,-0.0035));
#8218=CARTESIAN_POINT('',(0.0121243032275136,0.0322675796867568,-0.0027));
#8219=CARTESIAN_POINT('',(0.0121243032275136,0.0322675796867568,-0.0035));
#8220=CARTESIAN_POINT('',(0.0121243032275136,0.0325816663510826,-0.0027));
#8221=CARTESIAN_POINT('',(0.0121243032275136,0.0325816663510826,-0.0035));
#8222=CARTESIAN_POINT('',(0.0122507609248714,0.0319009969510565,-0.0035));
#8223=CARTESIAN_POINT('',(0.0121243032275136,0.0321105363545939,-0.0035));
#8224=CARTESIAN_POINT('',(0.0121243032275136,0.0325816663510826,-0.0035));
#8225=CARTESIAN_POINT('',(0.0122507609248714,0.0319009969510565,-0.0035));
#8226=CARTESIAN_POINT('',(0.0122507609248714,0.0319009969510565,-0.0027));
#8227=CARTESIAN_POINT('',(0.0122507609248714,0.0319009969510565,-0.0027));
#8228=CARTESIAN_POINT('',(0.0122507609248714,0.0319009969510565,-0.0027));
#8229=CARTESIAN_POINT('',(0.0121243032275136,0.0321105363545939,-0.0027));
#8230=CARTESIAN_POINT('',(0.0121243032275136,0.0325816663510826,-0.0027));
#8231=CARTESIAN_POINT('',(0.0126608308722401,0.0316914575475191,-0.0027));
#8232=CARTESIAN_POINT('',(0.0126608308722401,0.0316914575475191,-0.0035));
#8233=CARTESIAN_POINT('',(0.0124717560388995,0.0316914575475191,-0.0027));
#8234=CARTESIAN_POINT('',(0.0124717560388995,0.0316914575475191,-0.0035));
#8235=CARTESIAN_POINT('',(0.0123350660564433,0.0317613040153649,-0.0027));
#8236=CARTESIAN_POINT('',(0.0123350660564433,0.0317613040153649,-0.0035));
#8237=CARTESIAN_POINT('',(0.0122507609248714,0.0319009969510565,-0.0027));
#8238=CARTESIAN_POINT('',(0.0122507609248714,0.0319009969510565,-0.0035));
#8239=CARTESIAN_POINT('',(0.0126608308722401,0.0316914575475191,-0.0035));
#8240=CARTESIAN_POINT('',(0.0123772186222292,0.0316914575475191,-0.0035));
#8241=CARTESIAN_POINT('',(0.0122507609248714,0.0319009969510565,-0.0035));
#8242=CARTESIAN_POINT('',(0.0126608308722401,0.0316914575475191,-0.0035));
#8243=CARTESIAN_POINT('',(0.0126608308722401,0.0316914575475191,-0.0027));
#8244=CARTESIAN_POINT('',(0.0126608308722401,0.0316914575475191,-0.0027));
#8245=CARTESIAN_POINT('',(0.0126608308722401,0.0316914575475191,-0.0027));
#8246=CARTESIAN_POINT('',(0.0123772186222292,0.0316914575475191,-0.0027));
#8247=CARTESIAN_POINT('',(0.0122507609248714,0.0319009969510565,-0.0027));
#8248=CARTESIAN_POINT('',(0.0131192817328459,0.0318999959666447,-0.0027));
#8249=CARTESIAN_POINT('',(0.0131192817328459,0.0318999959666447,-0.0035));
#8250=CARTESIAN_POINT('',(0.0130231872293128,0.0317609703538943,-0.0027));
#8251=CARTESIAN_POINT('',(0.0130231872293128,0.0317609703538943,-0.0035));
#8252=CARTESIAN_POINT('',(0.0128703702757775,0.0316914575475191,-0.0027));
#8253=CARTESIAN_POINT('',(0.0128703702757775,0.0316914575475191,-0.0035));
#8254=CARTESIAN_POINT('',(0.0126608308722401,0.0316914575475191,-0.0027));
#8255=CARTESIAN_POINT('',(0.0126608308722401,0.0316914575475191,-0.0035));
#8256=CARTESIAN_POINT('',(0.0131192817328459,0.0318999959666447,-0.0035));
#8257=CARTESIAN_POINT('',(0.0129751399775463,0.0316914575475191,-0.0035));
#8258=CARTESIAN_POINT('',(0.0126608308722401,0.0316914575475191,-0.0035));
#8259=CARTESIAN_POINT('',(0.0131192817328459,0.0318999959666447,-0.0035));
#8260=CARTESIAN_POINT('',(0.0131192817328459,0.0318999959666447,-0.0027));
#8261=CARTESIAN_POINT('',(0.0131192817328459,0.0318999959666447,-0.0027));
#8262=CARTESIAN_POINT('',(0.0131192817328459,0.0318999959666447,-0.0027));
#8263=CARTESIAN_POINT('',(0.0129751399775463,0.0316914575475191,-0.0027));
#8264=CARTESIAN_POINT('',(0.0126608308722401,0.0316914575475191,-0.0027));
#8265=CARTESIAN_POINT('',(0.0132634234881455,0.0325569754022581,-0.0027));
#8266=CARTESIAN_POINT('',(0.0132634234881455,0.0325569754022581,-0.0035));
#8267=CARTESIAN_POINT('',(0.0132634234881455,0.0322580147245996,-0.0027));
#8268=CARTESIAN_POINT('',(0.0132634234881455,0.0322580147245996,-0.0035));
#8269=CARTESIAN_POINT('',(0.013215376236379,0.0320390215793951,-0.0027));
#8270=CARTESIAN_POINT('',(0.013215376236379,0.0320390215793951,-0.0035));
#8271=CARTESIAN_POINT('',(0.0131192817328459,0.0318999959666447,-0.0027));
#8272=CARTESIAN_POINT('',(0.0131192817328459,0.0318999959666447,-0.0035));
#8273=CARTESIAN_POINT('',(0.0132634234881455,0.0325569754022581,-0.0035));
#8274=CARTESIAN_POINT('',(0.0132634234881455,0.0321085343857703,-0.0035));
#8275=CARTESIAN_POINT('',(0.0131192817328459,0.0318999959666447,-0.0035));
#8276=CARTESIAN_POINT('',(0.0132634234881455,0.0325569754022581,-0.0035));
#8277=CARTESIAN_POINT('',(0.0132634234881455,0.0325569754022581,-0.0027));
#8278=CARTESIAN_POINT('',(0.0132634234881455,0.0325569754022581,-0.0027));
#8279=CARTESIAN_POINT('',(0.0132634234881455,0.0325569754022581,-0.0027));
#8280=CARTESIAN_POINT('',(0.0132634234881455,0.0321085343857703,-0.0027));
#8281=CARTESIAN_POINT('',(0.0131192817328459,0.0318999959666447,-0.0027));
#8282=CARTESIAN_POINT('',(0.0131192817328459,0.0332429833858138,-0.0027));
#8283=CARTESIAN_POINT('',(0.0131192817328459,0.0332429833858138,-0.0035));
#8284=CARTESIAN_POINT('',(0.013215376236379,0.0330957274567886,-0.0027));
#8285=CARTESIAN_POINT('',(0.013215376236379,0.0330957274567886,-0.0035));
#8286=CARTESIAN_POINT('',(0.0132634234881455,0.0328670581289367,-0.0027));
#8287=CARTESIAN_POINT('',(0.0132634234881455,0.0328670581289367,-0.0035));
#8288=CARTESIAN_POINT('',(0.0132634234881455,0.0325569754022581,-0.0027));
#8289=CARTESIAN_POINT('',(0.0132634234881455,0.0325569754022581,-0.0035));
#8290=CARTESIAN_POINT('',(0.0131192817328459,0.0332429833858138,-0.0035));
#8291=CARTESIAN_POINT('',(0.0132634234881455,0.0330220994922759,-0.0035));
#8292=CARTESIAN_POINT('',(0.0132634234881455,0.0325569754022581,-0.0035));
#8293=CARTESIAN_POINT('',(0.0131192817328459,0.0332429833858138,-0.0035));
#8294=CARTESIAN_POINT('',(0.0131192817328459,0.0332429833858138,-0.0027));
#8295=CARTESIAN_POINT('',(0.0131192817328459,0.0332429833858138,-0.0027));
#8296=CARTESIAN_POINT('',(0.0131192817328459,0.0332429833858138,-0.0027));
#8297=CARTESIAN_POINT('',(0.0132634234881455,0.0330220994922759,-0.0027));
#8298=CARTESIAN_POINT('',(0.0132634234881455,0.0325569754022581,-0.0027));
#8299=CARTESIAN_POINT('',(0.0126561596116517,0.0334638672793517,-0.0027));
#8300=CARTESIAN_POINT('',(0.0126561596116517,0.0334638672793517,-0.0035));
#8301=CARTESIAN_POINT('',(0.0128688131889147,0.0334638672793517,-0.0027));
#8302=CARTESIAN_POINT('',(0.0128688131889147,0.0334638672793517,-0.0035));
#8303=CARTESIAN_POINT('',(0.0130231872293128,0.0333902393148391,-0.0027));
#8304=CARTESIAN_POINT('',(0.0130231872293128,0.0333902393148391,-0.0035));
#8305=CARTESIAN_POINT('',(0.0131192817328459,0.0332429833858138,-0.0027));
#8306=CARTESIAN_POINT('',(0.0131192817328459,0.0332429833858138,-0.0035));
#8307=CARTESIAN_POINT('',(0.0126561596116517,0.0334638672793517,-0.0035));
#8308=CARTESIAN_POINT('',(0.0129751399775463,0.0334638672793517,-0.0035));
#8309=CARTESIAN_POINT('',(0.0131192817328459,0.0332429833858138,-0.0035));
#8310=CARTESIAN_POINT('',(0.0126561596116517,0.0334638672793517,-0.0035));
#8311=CARTESIAN_POINT('',(0.0126561596116517,0.0334638672793517,-0.0027));
#8312=CARTESIAN_POINT('',(0.0126561596116517,0.0334638672793517,-0.0027));
#8313=CARTESIAN_POINT('',(0.0126561596116517,0.0334638672793517,-0.0027));
#8314=CARTESIAN_POINT('',(0.0129751399775463,0.0334638672793517,-0.0027));
#8315=CARTESIAN_POINT('',(0.0131192817328459,0.0332429833858138,-0.0027));
#8316=CARTESIAN_POINT('',(0.0132634234881455,0.033349087733465,-0.0027));
#8317=CARTESIAN_POINT('',(0.0132634234881455,0.033349087733465,-0.0035));
#8318=CARTESIAN_POINT('',(0.0131935770202997,0.0334936743707254,-0.0027));
#8319=CARTESIAN_POINT('',(0.0131935770202997,0.0334936743707254,-0.0035));
#8320=CARTESIAN_POINT('',(0.0131013752339236,0.0335973318675921,-0.0027));
#8321=CARTESIAN_POINT('',(0.0131013752339236,0.0335973318675921,-0.0035));
#8322=CARTESIAN_POINT('',(0.0129868181290173,0.0336600602240651,-0.0027));
#8323=CARTESIAN_POINT('',(0.0129868181290173,0.0336600602240651,-0.0035));
#8324=CARTESIAN_POINT('',(0.0132634234881455,0.033349087733465,-0.0027));
#8325=CARTESIAN_POINT('',(0.0132634234881455,0.033349087733465,-0.0027));
#8326=CARTESIAN_POINT('',(0.0132634234881455,0.033349087733465,-0.0027));
#8327=CARTESIAN_POINT('',(0.0131586537863768,0.0335659676893556,-0.0027));
#8328=CARTESIAN_POINT('',(0.0129868181290173,0.0336600602240651,-0.0027));
#8329=CARTESIAN_POINT('',(0.0129868181290173,0.0336600602240651,-0.0027));
#8330=CARTESIAN_POINT('',(0.0129868181290173,0.0336600602240651,-0.0027));
#8331=CARTESIAN_POINT('',(0.0132674274257927,0.033349087733465,-0.0027));
#8332=CARTESIAN_POINT('',(0.0132713413024151,0.0333490883337939,-0.0027));
#8333=CARTESIAN_POINT('',(0.0132713413004143,0.0333490880336294,-0.0027));
#8334=CARTESIAN_POINT('',(0.0132674274257927,0.033349087733465,-0.0027));
#8335=CARTESIAN_POINT('',(0.0168289446206149,0.0333253740536436,-0.0027));
#8336=CARTESIAN_POINT('',(0.0132787719157932,0.0335576261525906,-0.0027));
#8337=CARTESIAN_POINT('',(0.0132788843433914,0.0335576202165797,-0.0027));
#8338=CARTESIAN_POINT('',(0.0168289446206149,0.0333253740536436,-0.0027));
#8339=CARTESIAN_POINT('',(0.0153323342672314,0.0334657750660237,-0.0027));
#8340=CARTESIAN_POINT('',(0.0132917589191333,0.0337121114134789,-0.0027));
#8341=CARTESIAN_POINT('',(0.0132917589191333,0.0337121114134789,-0.0027));
#8342=CARTESIAN_POINT('',(0.0153323342672314,0.0334657750660237,-0.0027));
#8343=CARTESIAN_POINT('',(0.0134716282458006,0.0337121114134789,-0.0027));
#8344=CARTESIAN_POINT('',(0.0136501464516921,0.0337121114134789,-0.0027));
#8345=CARTESIAN_POINT('',(0.0136501464516921,0.0337121114134789,-0.0027));
#8346=CARTESIAN_POINT('',(0.0134716282458006,0.0337121114134789,-0.0027));
#8347=CARTESIAN_POINT('',(0.0195707750917286,0.0333389486226333,-0.0027));
#8348=CARTESIAN_POINT('',(0.0136384589811011,0.033246987323461,-0.0027));
#8349=CARTESIAN_POINT('',(0.0136387849887417,0.0332469923771509,-0.00270000025));
#8350=CARTESIAN_POINT('',(0.0195707750917286,0.0333389486226333,-0.0027));
#8351=CARTESIAN_POINT('',(0.0136384589811011,0.0319320274678224,-0.0027));
#8352=CARTESIAN_POINT('',(0.0136384589811011,0.0306170676121837,-0.0027));
#8353=CARTESIAN_POINT('',(0.0136384589811011,0.0306170676121837,-0.0027));
#8354=CARTESIAN_POINT('',(0.0136384589811011,0.0319320274678224,-0.0027));
#8355=CARTESIAN_POINT('',(0.0134509412346233,0.0306170676121837,-0.0027));
#8356=CARTESIAN_POINT('',(0.0132634234881455,0.0306170676121837,-0.0027));
#8357=CARTESIAN_POINT('',(0.0132634234881455,0.0306170676121837,-0.0027));
#8358=CARTESIAN_POINT('',(0.0134509412346233,0.0306170676121837,-0.0027));
#8359=CARTESIAN_POINT('',(0.0132634234881455,0.0310855283169076,-0.0027));
#8360=CARTESIAN_POINT('',(0.0132634234881455,0.0315539890216314,-0.0027));
#8361=CARTESIAN_POINT('',(0.0132634234881455,0.0315539890216314,-0.0027));
#8362=CARTESIAN_POINT('',(0.0132634234881455,0.0310855283169076,-0.0027));
#8363=CARTESIAN_POINT('',(0.0132654254569691,0.0316801130575186,-0.0027));
#8364=CARTESIAN_POINT('',(0.0132674274257927,0.0318062370934058,-0.0027));
#8365=CARTESIAN_POINT('',(0.0132674274257927,0.0318062370934058,-0.0027));
#8366=CARTESIAN_POINT('',(0.0132654254569691,0.0316801130575186,-0.0027));
#8367=CARTESIAN_POINT('',(0.0132654254569691,0.0318062370934058,-0.0027));
#8368=CARTESIAN_POINT('',(0.0132634234881455,0.0318062370934058,-0.0027));
#8369=CARTESIAN_POINT('',(0.0132634234881455,0.0318062370934058,-0.0027));
#8370=CARTESIAN_POINT('',(0.0132654254569691,0.0318062370934058,-0.0027));
#8371=CARTESIAN_POINT('',(0.0129878191134291,0.0315076100772179,-0.0027));
#8372=CARTESIAN_POINT('',(0.0129878191134291,0.0315076100772179,-0.0035));
#8373=CARTESIAN_POINT('',(0.0131017088953942,0.0315701159927105,-0.0027));
#8374=CARTESIAN_POINT('',(0.0131017088953942,0.0315701159927105,-0.0035));
#8375=CARTESIAN_POINT('',(0.0131935770202997,0.0316696583314398,-0.0027));
#8376=CARTESIAN_POINT('',(0.0131935770202997,0.0316696583314398,-0.0035));
#8377=CARTESIAN_POINT('',(0.0132634234881455,0.0318062370934058,-0.0027));
#8378=CARTESIAN_POINT('',(0.0132634234881455,0.0318062370934058,-0.0035));
#8379=CARTESIAN_POINT('',(0.0129878191134291,0.0315076100772179,-0.0027));
#8380=CARTESIAN_POINT('',(0.0129878191134291,0.0315076100772179,-0.0027));
#8381=CARTESIAN_POINT('',(0.0129878191134291,0.0315076100772179,-0.0027));
#8382=CARTESIAN_POINT('',(0.0131586537863768,0.0316013689504568,-0.0027));
#8383=CARTESIAN_POINT('',(0.0132634234881455,0.0318062370934058,-0.0027));
#8384=CARTESIAN_POINT('',(0.0125607324310598,0.031413851203979,-0.0027));
#8385=CARTESIAN_POINT('',(0.0125607324310598,0.031413851203979,-0.0035));
#8386=CARTESIAN_POINT('',(0.0127315671040075,0.031413851203979,-0.0027));
#8387=CARTESIAN_POINT('',(0.0127315671040075,0.031413851203979,-0.0035));
#8388=CARTESIAN_POINT('',(0.0128739293314639,0.0314451041617253,-0.0027));
#8389=CARTESIAN_POINT('',(0.0128739293314639,0.0314451041617253,-0.0035));
#8390=CARTESIAN_POINT('',(0.0129878191134291,0.0315076100772179,-0.0027));
#8391=CARTESIAN_POINT('',(0.0129878191134291,0.0315076100772179,-0.0035));
#8392=CARTESIAN_POINT('',(0.0125607324310598,0.031413851203979,-0.0027));
#8393=CARTESIAN_POINT('',(0.0125607324310598,0.031413851203979,-0.0027));
#8394=CARTESIAN_POINT('',(0.0125607324310598,0.031413851203979,-0.0027));
#8395=CARTESIAN_POINT('',(0.0128169844404814,0.031413851203979,-0.0027));
#8396=CARTESIAN_POINT('',(0.0129878191134291,0.0315076100772179,-0.0027));
#8397=CARTESIAN_POINT('',(0.0117305826922044,0.0325943454869654,-0.0027));
#8398=CARTESIAN_POINT('',(0.0117305826922044,0.0325943454869654,-0.0035));
#8399=CARTESIAN_POINT('',(0.0117305826922044,0.0318073492983078,-0.0027));
#8400=CARTESIAN_POINT('',(0.0117305826922044,0.0318073492983078,-0.0035));
#8401=CARTESIAN_POINT('',(0.0120072992718229,0.031413851203979,-0.0027));
#8402=CARTESIAN_POINT('',(0.0120072992718229,0.031413851203979,-0.0035));
#8403=CARTESIAN_POINT('',(0.0125607324310598,0.031413851203979,-0.0027));
#8404=CARTESIAN_POINT('',(0.0125607324310598,0.031413851203979,-0.0035));
#8405=CARTESIAN_POINT('',(0.0117305826922044,0.0325943454869654,-0.0027));
#8406=CARTESIAN_POINT('',(0.0117305826922044,0.0325943454869654,-0.0027));
#8407=CARTESIAN_POINT('',(0.0117305826922044,0.0325943454869654,-0.0027));
#8408=CARTESIAN_POINT('',(0.0117305826922044,0.031413851203979,-0.0027));
#8409=CARTESIAN_POINT('',(0.0125607324310598,0.031413851203979,-0.0027));
#8410=CARTESIAN_POINT('',(0.0119317805589768,0.0334662029096459,-0.0027));
#8411=CARTESIAN_POINT('',(0.0119317805589768,0.0334662029096459,-0.0035));
#8412=CARTESIAN_POINT('',(0.0117976486477952,0.0332742363435601,-0.0027));
#8413=CARTESIAN_POINT('',(0.0117976486477952,0.0332742363435601,-0.0035));
#8414=CARTESIAN_POINT('',(0.0117305826922044,0.0329836172026666,-0.0027));
#8415=CARTESIAN_POINT('',(0.0117305826922044,0.0329836172026666,-0.0035));
#8416=CARTESIAN_POINT('',(0.0117305826922044,0.0325943454869654,-0.0027));
#8417=CARTESIAN_POINT('',(0.0117305826922044,0.0325943454869654,-0.0035));
#8418=CARTESIAN_POINT('',(0.0119317805589768,0.0334662029096459,-0.0027));
#8419=CARTESIAN_POINT('',(0.0119317805589768,0.0334662029096459,-0.0027));
#8420=CARTESIAN_POINT('',(0.0119317805589768,0.0334662029096459,-0.0027));
#8421=CARTESIAN_POINT('',(0.0117305826922044,0.0331782530605172,-0.0027));
#8422=CARTESIAN_POINT('',(0.0117305826922044,0.0325943454869654,-0.0027));
#8423=CARTESIAN_POINT('',(0.0125607324310598,0.0337541527587746,-0.0027));
#8424=CARTESIAN_POINT('',(0.0125607324310598,0.0337541527587746,-0.0035));
#8425=CARTESIAN_POINT('',(0.0122755630941861,0.0337541527587746,-0.0027));
#8426=CARTESIAN_POINT('',(0.0122755630941861,0.0337541527587746,-0.0035));
#8427=CARTESIAN_POINT('',(0.0120659124701585,0.0336581694757317,-0.0027));
#8428=CARTESIAN_POINT('',(0.0120659124701585,0.0336581694757317,-0.0035));
#8429=CARTESIAN_POINT('',(0.0119317805589768,0.0334662029096459,-0.0027));
#8430=CARTESIAN_POINT('',(0.0119317805589768,0.0334662029096459,-0.0035));
#8431=CARTESIAN_POINT('',(0.0125607324310598,0.0337541527587746,-0.0027));
#8432=CARTESIAN_POINT('',(0.0125607324310598,0.0337541527587746,-0.0027));
#8433=CARTESIAN_POINT('',(0.0125607324310598,0.0337541527587746,-0.0027));
#8434=CARTESIAN_POINT('',(0.0121329784257493,0.0337541527587746,-0.0027));
#8435=CARTESIAN_POINT('',(0.0119317805589768,0.0334662029096459,-0.0027));
#8436=CARTESIAN_POINT('',(0.0129868181290173,0.0336600602240651,-0.0027));
#8437=CARTESIAN_POINT('',(0.0129868181290173,0.0336600602240651,-0.0035));
#8438=CARTESIAN_POINT('',(0.0128722610241109,0.0337227885805381,-0.0027));
#8439=CARTESIAN_POINT('',(0.0128722610241109,0.0337227885805381,-0.0035));
#8440=CARTESIAN_POINT('',(0.0127302324581251,0.0337541527587746,-0.0027));
#8441=CARTESIAN_POINT('',(0.0127302324581251,0.0337541527587746,-0.0035));
#8442=CARTESIAN_POINT('',(0.0125607324310598,0.0337541527587746,-0.0027));
#8443=CARTESIAN_POINT('',(0.0125607324310598,0.0337541527587746,-0.0035));
#8444=CARTESIAN_POINT('',(0.0129868181290173,0.0336600602240651,-0.0027));
#8445=CARTESIAN_POINT('',(0.0128149824716578,0.0337541527587746,-0.0027));
#8446=CARTESIAN_POINT('',(0.0125607324310598,0.0337541527587746,-0.0027));
#8447=CARTESIAN_POINT('',(0.012249426278989,0.0332596664593438,-0.0027));
#8448=CARTESIAN_POINT('',(0.012249426278989,0.0332596664593438,-0.0035));
#8449=CARTESIAN_POINT('',(0.0123328416466393,0.0333958003393491,-0.0027));
#8450=CARTESIAN_POINT('',(0.0123328416466393,0.0333958003393491,-0.0035));
#8451=CARTESIAN_POINT('',(0.0124684194241935,0.0334638672793517,-0.0027));
#8452=CARTESIAN_POINT('',(0.0124684194241935,0.0334638672793517,-0.0035));
#8453=CARTESIAN_POINT('',(0.0126561596116517,0.0334638672793517,-0.0027));
#8454=CARTESIAN_POINT('',(0.0126561596116517,0.0334638672793517,-0.0035));
#8455=CARTESIAN_POINT('',(0.012249426278989,0.0332596664593438,-0.0035));
#8456=CARTESIAN_POINT('',(0.0123745493304644,0.0334638672793517,-0.0035));
#8457=CARTESIAN_POINT('',(0.0126561596116517,0.0334638672793517,-0.0035));
#8458=CARTESIAN_POINT('',(0.012249426278989,0.0332596664593438,-0.0027));
#8459=CARTESIAN_POINT('',(0.0123745493304644,0.0334638672793517,-0.0027));
#8460=CARTESIAN_POINT('',(0.0126561596116517,0.0334638672793517,-0.0027));
#8461=CARTESIAN_POINT('',(0.018658411411011,0.000195645784105296,-0.0027));
#8462=CARTESIAN_POINT('',(0.022468142477616,0.0316487488792821,-0.0027));
#8463=CARTESIAN_POINT('',(0.022790125796746,0.032308731268131,-0.0027));
#8464=CARTESIAN_POINT('',(0.022790125796746,0.032308731268131,-0.0027));
#8465=CARTESIAN_POINT('',(0.022468142477616,0.0316487488792821,-0.0027));
#8466=CARTESIAN_POINT('',(0.022146159158486,0.0309887664904333,-0.0027));
#8467=CARTESIAN_POINT('',(0.022146159158486,0.0309887664904333,-0.0027));
#8468=CARTESIAN_POINT('',(0.0229612941311644,0.032308731268131,-0.0027));
#8469=CARTESIAN_POINT('',(0.0231324624655827,0.032308731268131,-0.0027));
#8470=CARTESIAN_POINT('',(0.0231324624655827,0.032308731268131,-0.0027));
#8471=CARTESIAN_POINT('',(0.0229612941311644,0.032308731268131,-0.0027));
#8472=CARTESIAN_POINT('',(0.0227467498055678,0.0315413098857486,-0.0027));
#8473=CARTESIAN_POINT('',(0.0223610371455531,0.0307738885033663,-0.0027));
#8474=CARTESIAN_POINT('',(0.0223610371455531,0.0307738885033663,-0.0027));
#8475=CARTESIAN_POINT('',(0.0227467498055678,0.0315413098857486,-0.0027));
#8476=CARTESIAN_POINT('',(0.0221491621117215,0.0307738885033663,-0.0027));
#8477=CARTESIAN_POINT('',(0.0219372870778898,0.0307738885033663,-0.0027));
#8478=CARTESIAN_POINT('',(0.0219372870778898,0.0307738885033663,-0.0027));
#8479=CARTESIAN_POINT('',(0.0221491621117215,0.0307738885033663,-0.0027));
#8480=CARTESIAN_POINT('',(0.0215535763866986,0.0315413098857486,-0.0027));
#8481=CARTESIAN_POINT('',(0.0211698656955074,0.032308731268131,-0.0027));
#8482=CARTESIAN_POINT('',(0.0211698656955074,0.032308731268131,-0.0027));
#8483=CARTESIAN_POINT('',(0.0215535763866986,0.0315413098857486,-0.0027));
#8484=CARTESIAN_POINT('',(0.0213390320611021,0.032308731268131,-0.0027));
#8485=CARTESIAN_POINT('',(0.0215081984266969,0.032308731268131,-0.0027));
#8486=CARTESIAN_POINT('',(0.0215081984266969,0.032308731268131,-0.0027));
#8487=CARTESIAN_POINT('',(0.0213390320611021,0.032308731268131,-0.0027));
#8488=CARTESIAN_POINT('',(0.0218271787925914,0.0316487488792821,-0.0027));
#8489=CARTESIAN_POINT('',(0.0218271787925914,0.0316487488792821,-0.0027));
#8490=CARTESIAN_POINT('',(0.018658411411011,0.000195645784105296,-0.0027));
#8491=CARTESIAN_POINT('',(0.0187094460112954,0.0344254796376239,-0.0027));
#8492=CARTESIAN_POINT('',(0.0187094460112954,0.0345609461946879,-0.0027));
#8493=CARTESIAN_POINT('',(0.0187094460112954,0.0345609461946879,-0.0027));
#8494=CARTESIAN_POINT('',(0.0187094460112954,0.0344254796376239,-0.0027));
#8495=CARTESIAN_POINT('',(0.0187094460112954,0.0342900130805599,-0.0027));
#8496=CARTESIAN_POINT('',(0.0187094460112954,0.0342900130805599,-0.0027));
#8497=CARTESIAN_POINT('',(0.0199533359736961,0.0345609461946879,-0.0027));
#8498=CARTESIAN_POINT('',(0.0211972259360967,0.0345609461946879,-0.0027));
#8499=CARTESIAN_POINT('',(0.0211972259360967,0.0345609461946879,-0.0027));
#8500=CARTESIAN_POINT('',(0.0199533359736961,0.0345609461946879,-0.0027));
#8501=CARTESIAN_POINT('',(0.0211972259360967,0.0344254796376239,-0.0027));
#8502=CARTESIAN_POINT('',(0.0211972259360967,0.0342900130805599,-0.0027));
#8503=CARTESIAN_POINT('',(0.0211972259360967,0.0342900130805599,-0.0027));
#8504=CARTESIAN_POINT('',(0.0211972259360967,0.0344254796376239,-0.0027));
#8505=CARTESIAN_POINT('',(0.0199533359736961,0.0342900130805599,-0.0027));
#8506=CARTESIAN_POINT('',(0.0199533359736961,0.0342900130805599,-0.0027));
#8507=CARTESIAN_POINT('',(0.018658411411011,0.000195645784105296,-0.0027));
#8508=CARTESIAN_POINT('',(0.0180891693374482,0.0316487488792821,-0.0027));
#8509=CARTESIAN_POINT('',(0.0184111526565781,0.032308731268131,-0.0027));
#8510=CARTESIAN_POINT('',(0.0184111526565781,0.032308731268131,-0.0027));
#8511=CARTESIAN_POINT('',(0.0180891693374482,0.0316487488792821,-0.0027));
#8512=CARTESIAN_POINT('',(0.0177671860183182,0.0309887664904333,-0.0027));
#8513=CARTESIAN_POINT('',(0.0177671860183182,0.0309887664904333,-0.0027));
#8514=CARTESIAN_POINT('',(0.0185823209909965,0.032308731268131,-0.0027));
#8515=CARTESIAN_POINT('',(0.0187534893254148,0.032308731268131,-0.0027));
#8516=CARTESIAN_POINT('',(0.0187534893254148,0.032308731268131,-0.0027));
#8517=CARTESIAN_POINT('',(0.0185823209909965,0.032308731268131,-0.0027));
#8518=CARTESIAN_POINT('',(0.0183677766654,0.0315413098857486,-0.0027));
#8519=CARTESIAN_POINT('',(0.0179820640053853,0.0307738885033663,-0.0027));
#8520=CARTESIAN_POINT('',(0.0179820640053853,0.0307738885033663,-0.0027));
#8521=CARTESIAN_POINT('',(0.0183677766654,0.0315413098857486,-0.0027));
#8522=CARTESIAN_POINT('',(0.0177701889715536,0.0307738885033663,-0.0027));
#8523=CARTESIAN_POINT('',(0.017558313937722,0.0307738885033663,-0.0027));
#8524=CARTESIAN_POINT('',(0.017558313937722,0.0307738885033663,-0.0027));
#8525=CARTESIAN_POINT('',(0.0177701889715536,0.0307738885033663,-0.0027));
#8526=CARTESIAN_POINT('',(0.0171746032465308,0.0315413098857486,-0.0027));
#8527=CARTESIAN_POINT('',(0.0167908925553396,0.032308731268131,-0.0027));
#8528=CARTESIAN_POINT('',(0.0167908925553396,0.032308731268131,-0.0027));
#8529=CARTESIAN_POINT('',(0.0171746032465308,0.0315413098857486,-0.0027));
#8530=CARTESIAN_POINT('',(0.0169600589209343,0.032308731268131,-0.0027));
#8531=CARTESIAN_POINT('',(0.017129225286529,0.032308731268131,-0.0027));
#8532=CARTESIAN_POINT('',(0.017129225286529,0.032308731268131,-0.0027));
#8533=CARTESIAN_POINT('',(0.0169600589209343,0.032308731268131,-0.0027));
#8534=CARTESIAN_POINT('',(0.0174482056524236,0.0316487488792821,-0.0027));
#8535=CARTESIAN_POINT('',(0.0174482056524236,0.0316487488792821,-0.0027));
#8536=CARTESIAN_POINT('',(0.018658411411011,0.000195645784105296,-0.0027));
#8537=CARTESIAN_POINT('',(0.015613067564118,0.0326023533622598,-0.0027));
#8538=CARTESIAN_POINT('',(0.015613067564118,0.0326023533622598,-0.0035));
#8539=CARTESIAN_POINT('',(0.0156130675641179,0.0322006249516562,-0.0027));
#8540=CARTESIAN_POINT('',(0.0156130675641179,0.0322006249516562,-0.0035));
#8541=CARTESIAN_POINT('',(0.0156760183615714,0.0318399369019365,-0.0027));
#8542=CARTESIAN_POINT('',(0.0156760183615714,0.0318399369019365,-0.0035));
#8543=CARTESIAN_POINT('',(0.0158019199564782,0.0315202892131007,-0.0027));
#8544=CARTESIAN_POINT('',(0.0158019199564782,0.0315202892131007,-0.0035));
#8545=CARTESIAN_POINT('',(0.015613067564118,0.0326023533622598,-0.0027));
#8546=CARTESIAN_POINT('',(0.015613067564118,0.0326023533622598,-0.0027));
#8547=CARTESIAN_POINT('',(0.015613067564118,0.0326023533622598,-0.0027));
#8548=CARTESIAN_POINT('',(0.015613067564118,0.0319997607463544,-0.0027));
#8549=CARTESIAN_POINT('',(0.0158019199564782,0.0315202892131007,-0.0027));
#8550=CARTESIAN_POINT('',(0.0158019199564782,0.0315202892131007,-0.0027));
#8551=CARTESIAN_POINT('',(0.0158019199564782,0.0315202892131007,-0.0027));
#8552=CARTESIAN_POINT('',(0.015613067564118,0.0326066909613777,-0.0027));
#8553=CARTESIAN_POINT('',(0.015613067564118,0.0326110285604954,-0.0027));
#8554=CARTESIAN_POINT('',(0.015613067564118,0.0326110285604954,-0.0027));
#8555=CARTESIAN_POINT('',(0.015613067564118,0.0326066909613777,-0.0027));
#8556=CARTESIAN_POINT('',(0.0158005853105957,0.0336904234178898,-0.0027));
#8557=CARTESIAN_POINT('',(0.0158005853105957,0.0336904234178898,-0.0035));
#8558=CARTESIAN_POINT('',(0.0156755734796106,0.0333698859651324,-0.0027));
#8559=CARTESIAN_POINT('',(0.0156755734796106,0.0333698859651324,-0.0035));
#8560=CARTESIAN_POINT('',(0.0156130675641179,0.0330100876793343,-0.0027));
#8561=CARTESIAN_POINT('',(0.0156130675641179,0.0330100876793343,-0.0035));
#8562=CARTESIAN_POINT('',(0.015613067564118,0.0326110285604954,-0.0027));
#8563=CARTESIAN_POINT('',(0.015613067564118,0.0326110285604954,-0.0035));
#8564=CARTESIAN_POINT('',(0.0158005853105957,0.0336904234178898,-0.0027));
#8565=CARTESIAN_POINT('',(0.0158005853105957,0.0336904234178898,-0.0027));
#8566=CARTESIAN_POINT('',(0.0158005853105957,0.0336904234178898,-0.0027));
#8567=CARTESIAN_POINT('',(0.015613067564118,0.0332096172387537,-0.0027));
#8568=CARTESIAN_POINT('',(0.015613067564118,0.0326110285604954,-0.0027));
#8569=CARTESIAN_POINT('',(0.0163824909153239,0.0345963143105716,-0.0027));
#8570=CARTESIAN_POINT('',(0.0163824909153239,0.0345963143105716,-0.0035));
#8571=CARTESIAN_POINT('',(0.0161195656764903,0.0343129245015411,-0.0027));
#8572=CARTESIAN_POINT('',(0.0161195656764903,0.0343129245015411,-0.0035));
#8573=CARTESIAN_POINT('',(0.0159255971415809,0.0340109608706472,-0.0027));
#8574=CARTESIAN_POINT('',(0.0159255971415809,0.0340109608706472,-0.0035));
#8575=CARTESIAN_POINT('',(0.0158005853105957,0.0336904234178898,-0.0027));
#8576=CARTESIAN_POINT('',(0.0158005853105957,0.0336904234178898,-0.0035));
#8577=CARTESIAN_POINT('',(0.0163824909153239,0.0345963143105716,-0.0027));
#8578=CARTESIAN_POINT('',(0.0163824909153239,0.0345963143105716,-0.0027));
#8579=CARTESIAN_POINT('',(0.0163824909153239,0.0345963143105716,-0.0027));
#8580=CARTESIAN_POINT('',(0.0159881030570735,0.0341712295970258,-0.0027));
#8581=CARTESIAN_POINT('',(0.0158005853105957,0.0336904234178898,-0.0027));
#8582=CARTESIAN_POINT('',(0.0165640027553309,0.0345963143105716,-0.0027));
#8583=CARTESIAN_POINT('',(0.0167455145953379,0.0345963143105716,-0.0027));
#8584=CARTESIAN_POINT('',(0.0167455145953379,0.0345963143105716,-0.0027));
#8585=CARTESIAN_POINT('',(0.0165640027553309,0.0345963143105716,-0.0027));
#8586=CARTESIAN_POINT('',(0.0161709495429628,0.0336704037296537,-0.0027));
#8587=CARTESIAN_POINT('',(0.0161709495429628,0.0336704037296537,-0.0035));
#8588=CARTESIAN_POINT('',(0.0162910676723792,0.0339945002380975,-0.0027));
#8589=CARTESIAN_POINT('',(0.0162910676723792,0.0339945002380975,-0.0035));
#8590=CARTESIAN_POINT('',(0.0164825893565042,0.0343031370984034,-0.0027));
#8591=CARTESIAN_POINT('',(0.0164825893565042,0.0343031370984034,-0.0035));
#8592=CARTESIAN_POINT('',(0.0167455145953379,0.0345963143105716,-0.0027));
#8593=CARTESIAN_POINT('',(0.0167455145953379,0.0345963143105716,-0.0035));
#8594=CARTESIAN_POINT('',(0.0161709495429628,0.0336704037296537,-0.0027));
#8595=CARTESIAN_POINT('',(0.0161709495429628,0.0336704037296537,-0.0027));
#8596=CARTESIAN_POINT('',(0.0161709495429628,0.0336704037296537,-0.0027));
#8597=CARTESIAN_POINT('',(0.0163511267370874,0.0341565484923194,-0.0027));
#8598=CARTESIAN_POINT('',(0.0167455145953379,0.0345963143105716,-0.0027));
#8599=CARTESIAN_POINT('',(0.019031482784381,0.0326439010546486,-0.0027));
#8600=CARTESIAN_POINT('',(0.0159907723488383,0.0326070246228483,-0.0027));
#8601=CARTESIAN_POINT('',(0.0159912477610001,0.0326070288807299,-0.0027));
#8602=CARTESIAN_POINT('',(0.019031482784381,0.0326439010546486,-0.0027));
#8603=CARTESIAN_POINT('',(0.0190258478814887,0.0325700144552316,-0.0027));
#8604=CARTESIAN_POINT('',(0.0161729515117864,0.0315389742554544,-0.0027));
#8605=CARTESIAN_POINT('',(0.0161729515117864,0.0315389742554544,-0.0027));
#8606=CARTESIAN_POINT('',(0.0190258478814887,0.0325700144552316,-0.0027));
#8607=CARTESIAN_POINT('',(0.0167455145953379,0.0306170676121837,-0.0027));
#8608=CARTESIAN_POINT('',(0.0167455145953379,0.0306170676121837,-0.0035));
#8609=CARTESIAN_POINT('',(0.016485258648269,0.0309062408867047,-0.0027));
#8610=CARTESIAN_POINT('',(0.016485258648269,0.0309062408867047,-0.0035));
#8611=CARTESIAN_POINT('',(0.0162944042870852,0.0312135431011282,-0.0027));
#8612=CARTESIAN_POINT('',(0.0162944042870852,0.0312135431011282,-0.0035));
#8613=CARTESIAN_POINT('',(0.0161729515117864,0.0315389742554544,-0.0027));
#8614=CARTESIAN_POINT('',(0.0161729515117864,0.0315389742554544,-0.0035));
#8615=CARTESIAN_POINT('',(0.0167455145953379,0.0306170676121837,-0.0027));
#8616=CARTESIAN_POINT('',(0.0167455145953379,0.0306170676121837,-0.0027));
#8617=CARTESIAN_POINT('',(0.0167455145953379,0.0306170676121837,-0.0027));
#8618=CARTESIAN_POINT('',(0.0163551306747346,0.0310508275239651,-0.0027));
#8619=CARTESIAN_POINT('',(0.0161729515117864,0.0315389742554544,-0.0027));
#8620=CARTESIAN_POINT('',(0.0165640027553309,0.0306170676121837,-0.0027));
#8621=CARTESIAN_POINT('',(0.0163824909153239,0.0306170676121837,-0.0027));
#8622=CARTESIAN_POINT('',(0.0163824909153239,0.0306170676121837,-0.0027));
#8623=CARTESIAN_POINT('',(0.0165640027553309,0.0306170676121837,-0.0027));
#8624=CARTESIAN_POINT('',(0.0158019199564782,0.0315202892131007,-0.0027));
#8625=CARTESIAN_POINT('',(0.0158019199564782,0.0315202892131007,-0.0035));
#8626=CARTESIAN_POINT('',(0.0159278215513849,0.0312006415242649,-0.0027));
#8627=CARTESIAN_POINT('',(0.0159278215513849,0.0312006415242649,-0.0035));
#8628=CARTESIAN_POINT('',(0.0161213452043335,0.0308995676572926,-0.0027));
#8629=CARTESIAN_POINT('',(0.0161213452043335,0.0308995676572926,-0.0035));
#8630=CARTESIAN_POINT('',(0.0163824909153239,0.0306170676121837,-0.0027));
#8631=CARTESIAN_POINT('',(0.0163824909153239,0.0306170676121837,-0.0035));
#8632=CARTESIAN_POINT('',(0.0158019199564782,0.0315202892131007,-0.0027));
#8633=CARTESIAN_POINT('',(0.0159907723488383,0.031040817679847,-0.0027));
#8634=CARTESIAN_POINT('',(0.0163824909153239,0.0306170676121837,-0.0027));
#8635=CARTESIAN_POINT('',(0.018658411411011,0.000195645784105296,-0.0027));
#8636=CARTESIAN_POINT('',(0.0243102874568042,0.0326110285604954,-0.0027));
#8637=CARTESIAN_POINT('',(0.0243102874568042,0.0326110285604954,-0.0035));
#8638=CARTESIAN_POINT('',(0.0243102874568042,0.0330127569710991,-0.0027));
#8639=CARTESIAN_POINT('',(0.0243102874568042,0.0330127569710991,-0.0035));
#8640=CARTESIAN_POINT('',(0.0242474478798411,0.033373556241309,-0.0027));
#8641=CARTESIAN_POINT('',(0.0242474478798411,0.033373556241309,-0.0035));
#8642=CARTESIAN_POINT('',(0.0241217687259147,0.0336934263711252,-0.0027));
#8643=CARTESIAN_POINT('',(0.0241217687259147,0.0336934263711252,-0.0035));
#8644=CARTESIAN_POINT('',(0.0243102874568042,0.0326110285604954,-0.0027));
#8645=CARTESIAN_POINT('',(0.0243102874568042,0.0326110285604954,-0.0027));
#8646=CARTESIAN_POINT('',(0.0243102874568042,0.0326110285604954,-0.0027));
#8647=CARTESIAN_POINT('',(0.0243102874568042,0.0332136211764009,-0.0027));
#8648=CARTESIAN_POINT('',(0.0241217687259147,0.0336934263711252,-0.0027));
#8649=CARTESIAN_POINT('',(0.0241217687259147,0.0336934263711252,-0.0027));
#8650=CARTESIAN_POINT('',(0.0241217687259147,0.0336934263711252,-0.0027));
#8651=CARTESIAN_POINT('',(0.0243102874568042,0.0326066909613777,-0.0027));
#8652=CARTESIAN_POINT('',(0.0243102874568042,0.0326023533622598,-0.0027));
#8653=CARTESIAN_POINT('',(0.0243102874568042,0.0326023533622598,-0.0027));
#8654=CARTESIAN_POINT('',(0.0243102874568042,0.0326066909613777,-0.0027));
#8655=CARTESIAN_POINT('',(0.0241227697103265,0.0315236258278068,-0.0027));
#8656=CARTESIAN_POINT('',(0.0241227697103265,0.0315236258278068,-0.0035));
#8657=CARTESIAN_POINT('',(0.0242477815413117,0.0318441632805641,-0.0027));
#8658=CARTESIAN_POINT('',(0.0242477815413117,0.0318441632805641,-0.0035));
#8659=CARTESIAN_POINT('',(0.0243102874568042,0.0322037391253818,-0.0027));
#8660=CARTESIAN_POINT('',(0.0243102874568042,0.0322037391253818,-0.0035));
#8661=CARTESIAN_POINT('',(0.0243102874568042,0.0326023533622598,-0.0027));
#8662=CARTESIAN_POINT('',(0.0243102874568042,0.0326023533622598,-0.0035));
#8663=CARTESIAN_POINT('',(0.0241227697103265,0.0315236258278068,-0.0027));
#8664=CARTESIAN_POINT('',(0.0241227697103265,0.0315236258278068,-0.0027));
#8665=CARTESIAN_POINT('',(0.0241227697103265,0.0315236258278068,-0.0027));
#8666=CARTESIAN_POINT('',(0.0243102874568042,0.0320044320069428,-0.0027));
#8667=CARTESIAN_POINT('',(0.0243102874568042,0.0326023533622598,-0.0027));
#8668=CARTESIAN_POINT('',(0.0235408641055983,0.0306170676121837,-0.0027));
#8669=CARTESIAN_POINT('',(0.0235408641055983,0.0306170676121837,-0.0035));
#8670=CARTESIAN_POINT('',(0.0238037893444319,0.030900902303175,-0.0027));
#8671=CARTESIAN_POINT('',(0.0238037893444319,0.030900902303175,-0.0035));
#8672=CARTESIAN_POINT('',(0.0239977578793413,0.0312030883750494,-0.0027));
#8673=CARTESIAN_POINT('',(0.0239977578793413,0.0312030883750494,-0.0035));
#8674=CARTESIAN_POINT('',(0.0241227697103265,0.0315236258278068,-0.0027));
#8675=CARTESIAN_POINT('',(0.0241227697103265,0.0315236258278068,-0.0035));
#8676=CARTESIAN_POINT('',(0.0235408641055983,0.0306170676121837,-0.0027));
#8677=CARTESIAN_POINT('',(0.0235408641055983,0.0306170676121837,-0.0027));
#8678=CARTESIAN_POINT('',(0.0235408641055983,0.0306170676121837,-0.0027));
#8679=CARTESIAN_POINT('',(0.0239352519638487,0.0310428196486707,-0.0027));
#8680=CARTESIAN_POINT('',(0.0241227697103265,0.0315236258278068,-0.0027));
#8681=CARTESIAN_POINT('',(0.0233596859270619,0.0306170676121837,-0.0027));
#8682=CARTESIAN_POINT('',(0.0231785077485256,0.0306170676121837,-0.0027));
#8683=CARTESIAN_POINT('',(0.0231785077485256,0.0306170676121837,-0.0027));
#8684=CARTESIAN_POINT('',(0.0233596859270619,0.0306170676121837,-0.0027));
#8685=CARTESIAN_POINT('',(0.0237507371706063,0.031539307916925,-0.0027));
#8686=CARTESIAN_POINT('',(0.0237507371706063,0.031539307916925,-0.0035));
#8687=CARTESIAN_POINT('',(0.0236290619543272,0.0312154338494616,-0.0027));
#8688=CARTESIAN_POINT('',(0.0236290619543272,0.0312154338494616,-0.0035));
#8689=CARTESIAN_POINT('',(0.0234383188136336,0.0309080204145478,-0.0027));
#8690=CARTESIAN_POINT('',(0.0234383188136336,0.0309080204145478,-0.0035));
#8691=CARTESIAN_POINT('',(0.0231785077485256,0.0306170676121837,-0.0027));
#8692=CARTESIAN_POINT('',(0.0231785077485256,0.0306170676121837,-0.0035));
#8693=CARTESIAN_POINT('',(0.0237507371706063,0.031539307916925,-0.0027));
#8694=CARTESIAN_POINT('',(0.0237507371706063,0.031539307916925,-0.0027));
#8695=CARTESIAN_POINT('',(0.0237507371706063,0.031539307916925,-0.0027));
#8696=CARTESIAN_POINT('',(0.0235682243461876,0.0310534968157299,-0.0027));
#8697=CARTESIAN_POINT('',(0.0231785077485256,0.0306170676121837,-0.0027));
#8698=CARTESIAN_POINT('',(0.0239332499950251,0.0326070246228483,-0.0027));
#8699=CARTESIAN_POINT('',(0.0239332499950251,0.0326070246228483,-0.0035));
#8700=CARTESIAN_POINT('',(0.0239332499950251,0.0322190875530295,-0.0027));
#8701=CARTESIAN_POINT('',(0.0239332499950251,0.0322190875530295,-0.0035));
#8702=CARTESIAN_POINT('',(0.0238724123868855,0.0318631819843884,-0.0027));
#8703=CARTESIAN_POINT('',(0.0238724123868855,0.0318631819843884,-0.0035));
#8704=CARTESIAN_POINT('',(0.0237507371706063,0.031539307916925,-0.0027));
#8705=CARTESIAN_POINT('',(0.0237507371706063,0.031539307916925,-0.0035));
#8706=CARTESIAN_POINT('',(0.0239332499950251,0.0326070246228483,-0.0027));
#8707=CARTESIAN_POINT('',(0.0239332499950251,0.0326070246228483,-0.0027));
#8708=CARTESIAN_POINT('',(0.0239332499950251,0.0326070246228483,-0.0027));
#8709=CARTESIAN_POINT('',(0.0239332499950251,0.0320251190181201,-0.0027));
#8710=CARTESIAN_POINT('',(0.0237507371706063,0.031539307916925,-0.0027));
#8711=CARTESIAN_POINT('',(0.0237517381550181,0.0336737403443597,-0.0027));
#8712=CARTESIAN_POINT('',(0.0237517381550181,0.0336737403443597,-0.0035));
#8713=CARTESIAN_POINT('',(0.0238727460483561,0.0333505335998375,-0.0027));
#8714=CARTESIAN_POINT('',(0.0238727460483561,0.0333505335998375,-0.0035));
#8715=CARTESIAN_POINT('',(0.0239332499950251,0.032994961692667,-0.0027));
#8716=CARTESIAN_POINT('',(0.0239332499950251,0.032994961692667,-0.0035));
#8717=CARTESIAN_POINT('',(0.0239332499950251,0.0326070246228483,-0.0027));
#8718=CARTESIAN_POINT('',(0.0239332499950251,0.0326070246228483,-0.0035));
#8719=CARTESIAN_POINT('',(0.0237517381550181,0.0336737403443597,-0.0027));
#8720=CARTESIAN_POINT('',(0.0237517381550181,0.0336737403443597,-0.0027));
#8721=CARTESIAN_POINT('',(0.0237517381550181,0.0336737403443597,-0.0027));
#8722=CARTESIAN_POINT('',(0.0239332499950251,0.0331889302275764,-0.0027));
#8723=CARTESIAN_POINT('',(0.0239332499950251,0.0326070246228483,-0.0027));
#8724=CARTESIAN_POINT('',(0.0231785077485256,0.0345963143105716,-0.0027));
#8725=CARTESIAN_POINT('',(0.0231785077485256,0.0345963143105716,-0.0035));
#8726=CARTESIAN_POINT('',(0.023439653459516,0.0343044717442859,-0.0027));
#8727=CARTESIAN_POINT('',(0.023439653459516,0.0343044717442859,-0.0035));
#8728=CARTESIAN_POINT('',(0.0236307302616802,0.0339969470888819,-0.0027));
#8729=CARTESIAN_POINT('',(0.0236307302616802,0.0339969470888819,-0.0035));
#8730=CARTESIAN_POINT('',(0.0237517381550181,0.0336737403443597,-0.0027));
#8731=CARTESIAN_POINT('',(0.0237517381550181,0.0336737403443597,-0.0035));
#8732=CARTESIAN_POINT('',(0.0231785077485256,0.0345963143105716,-0.0027));
#8733=CARTESIAN_POINT('',(0.0231785077485256,0.0345963143105716,-0.0027));
#8734=CARTESIAN_POINT('',(0.0231785077485256,0.0345963143105716,-0.0027));
#8735=CARTESIAN_POINT('',(0.0235702263150112,0.034158550461143,-0.0027));
#8736=CARTESIAN_POINT('',(0.0237517381550181,0.0336737403443597,-0.0027));
#8737=CARTESIAN_POINT('',(0.0233596859270619,0.0345963143105716,-0.0027));
#8738=CARTESIAN_POINT('',(0.0235408641055983,0.0345963143105716,-0.0027));
#8739=CARTESIAN_POINT('',(0.0235408641055983,0.0345963143105716,-0.0027));
#8740=CARTESIAN_POINT('',(0.0233596859270619,0.0345963143105716,-0.0027));
#8741=CARTESIAN_POINT('',(0.0241217687259147,0.0336934263711252,-0.0027));
#8742=CARTESIAN_POINT('',(0.0241217687259147,0.0336934263711252,-0.0035));
#8743=CARTESIAN_POINT('',(0.0239960895719883,0.0340132965009414,-0.0027));
#8744=CARTESIAN_POINT('',(0.0239960895719883,0.0340132965009414,-0.0035));
#8745=CARTESIAN_POINT('',(0.0238024546985495,0.0343142591474235,-0.0027));
#8746=CARTESIAN_POINT('',(0.0238024546985495,0.0343142591474235,-0.0035));
#8747=CARTESIAN_POINT('',(0.0235408641055983,0.0345963143105716,-0.0027));
#8748=CARTESIAN_POINT('',(0.0235408641055983,0.0345963143105716,-0.0035));
#8749=CARTESIAN_POINT('',(0.0241217687259147,0.0336934263711252,-0.0027));
#8750=CARTESIAN_POINT('',(0.0239332499950251,0.0341732315658494,-0.0027));
#8751=CARTESIAN_POINT('',(0.0235408641055983,0.0345963143105716,-0.0027));
#8752=CARTESIAN_POINT('',(0.018658411411011,0.000195645784105296,-0.0027));
#8753=CARTESIAN_POINT('',(0.0247480513062328,0.0335693043040616,-0.0027));
#8754=CARTESIAN_POINT('',(0.0247480513062328,0.0337121114134789,-0.0027));
#8755=CARTESIAN_POINT('',(0.0247480513062328,0.0337121114134789,-0.0027));
#8756=CARTESIAN_POINT('',(0.0247480513062328,0.0335693043040616,-0.0027));
#8757=CARTESIAN_POINT('',(0.0247480513062328,0.0334264971946444,-0.0027));
#8758=CARTESIAN_POINT('',(0.0247480513062328,0.0334264971946444,-0.0027));
#8759=CARTESIAN_POINT('',(0.0256229116821487,0.0337121114134789,-0.0027));
#8760=CARTESIAN_POINT('',(0.0264977720580646,0.0337121114134789,-0.0027));
#8761=CARTESIAN_POINT('',(0.0264977720580646,0.0337121114134789,-0.0027));
#8762=CARTESIAN_POINT('',(0.0256229116821487,0.0337121114134789,-0.0027));
#8763=CARTESIAN_POINT('',(0.0264977720580646,0.033567302335238,-0.0027));
#8764=CARTESIAN_POINT('',(0.0264977720580646,0.0334224932569972,-0.0027));
#8765=CARTESIAN_POINT('',(0.0264977720580646,0.0334224932569972,-0.0027));
#8766=CARTESIAN_POINT('',(0.0264977720580646,0.033567302335238,-0.0027));
#8767=CARTESIAN_POINT('',(0.0258441292371572,0.0334224932569972,-0.0027));
#8768=CARTESIAN_POINT('',(0.0251904864162498,0.0334224932569972,-0.0027));
#8769=CARTESIAN_POINT('',(0.0251904864162498,0.0334224932569972,-0.0027));
#8770=CARTESIAN_POINT('',(0.0258441292371572,0.0334224932569972,-0.0027));
#8771=CARTESIAN_POINT('',(0.0258224412415681,0.0325820000125532,-0.0027));
#8772=CARTESIAN_POINT('',(0.0264543960668865,0.0317415067681092,-0.0027));
#8773=CARTESIAN_POINT('',(0.0264543960668865,0.0317415067681092,-0.0027));
#8774=CARTESIAN_POINT('',(0.0258224412415681,0.0325820000125532,-0.0027));
#8775=CARTESIAN_POINT('',(0.0264543960668865,0.0315986996586919,-0.0027));
#8776=CARTESIAN_POINT('',(0.0264543960668865,0.0314558925492747,-0.0027));
#8777=CARTESIAN_POINT('',(0.0264543960668865,0.0314558925492747,-0.0027));
#8778=CARTESIAN_POINT('',(0.0264543960668865,0.0315986996586919,-0.0027));
#8779=CARTESIAN_POINT('',(0.025636925463914,0.0314558925492747,-0.0027));
#8780=CARTESIAN_POINT('',(0.0248194548609415,0.0314558925492747,-0.0027));
#8781=CARTESIAN_POINT('',(0.0248194548609415,0.0314558925492747,-0.0027));
#8782=CARTESIAN_POINT('',(0.025636925463914,0.0314558925492747,-0.0027));
#8783=CARTESIAN_POINT('',(0.0248194548609415,0.0316007016275156,-0.0027));
#8784=CARTESIAN_POINT('',(0.0248194548609415,0.0317455107057564,-0.0027));
#8785=CARTESIAN_POINT('',(0.0248194548609415,0.0317455107057564,-0.0027));
#8786=CARTESIAN_POINT('',(0.0248194548609415,0.0316007016275156,-0.0027));
#8787=CARTESIAN_POINT('',(0.0254147069244937,0.0317455107057564,-0.0027));
#8788=CARTESIAN_POINT('',(0.0260099589880459,0.0317455107057564,-0.0027));
#8789=CARTESIAN_POINT('',(0.0260099589880459,0.0317455107057564,-0.0027));
#8790=CARTESIAN_POINT('',(0.0254147069244937,0.0317455107057564,-0.0027));
#8791=CARTESIAN_POINT('',(0.0253790051471394,0.0325860039502004,-0.0027));
#8792=CARTESIAN_POINT('',(0.0253790051471394,0.0325860039502004,-0.0027));
#8793=CARTESIAN_POINT('',(0.018658411411011,0.000195645784105296,-0.0027));
#8794=CARTESIAN_POINT('',(0.0100202170387108,-0.0321858217208214,-0.0027));
#8795=CARTESIAN_POINT('',(0.0105665739200974,-0.0301666206992817,-0.0027));
#8796=CARTESIAN_POINT('',(0.0105665739200974,-0.0301666206992817,-0.0027));
#8797=CARTESIAN_POINT('',(0.0100202170387108,-0.0321858217208214,-0.0027));
#8798=CARTESIAN_POINT('',(0.00947386015732422,-0.0342050227423609,-0.0027));
#8799=CARTESIAN_POINT('',(0.00947386015732422,-0.0342050227423609,-0.0027));
#8800=CARTESIAN_POINT('',(0.0107839140002716,-0.0301666206992817,-0.0027));
#8801=CARTESIAN_POINT('',(0.0110012540804459,-0.0301666206992817,-0.0027));
#8802=CARTESIAN_POINT('',(0.0110012540804459,-0.0301666206992817,-0.0027));
#8803=CARTESIAN_POINT('',(0.0107839140002716,-0.0301666206992817,-0.0027));
#8804=CARTESIAN_POINT('',(0.0104497428888575,-0.0321858217208214,-0.0027));
#8805=CARTESIAN_POINT('',(0.00989823169726915,-0.0342050227423609,-0.0027));
#8806=CARTESIAN_POINT('',(0.00989823169726915,-0.0342050227423609,-0.0027));
#8807=CARTESIAN_POINT('',(0.0104497428888575,-0.0321858217208214,-0.0027));
#8808=CARTESIAN_POINT('',(0.00968604592729669,-0.0342050227423609,-0.0027));
#8809=CARTESIAN_POINT('',(0.00968604592729669,-0.0342050227423609,-0.0027));
#8810=CARTESIAN_POINT('',(0.018658411411011,0.000195645784105296,-0.0027));
#8811=CARTESIAN_POINT('',(0.012869691528584,-0.0316493439339881,-0.0027));
#8812=CARTESIAN_POINT('',(0.012869691528584,-0.0316493439339881,-0.0035));
#8813=CARTESIAN_POINT('',(0.012869691528584,-0.0321664930575647,-0.0027));
#8814=CARTESIAN_POINT('',(0.012869691528584,-0.0321664930575647,-0.0035));
#8815=CARTESIAN_POINT('',(0.0129507287389784,-0.0326308105015733,-0.0027));
#8816=CARTESIAN_POINT('',(0.0129507287389784,-0.0326308105015733,-0.0035));
#8817=CARTESIAN_POINT('',(0.013112803159767,-0.0330422962660138,-0.0027));
#8818=CARTESIAN_POINT('',(0.013112803159767,-0.0330422962660138,-0.0035));
#8819=CARTESIAN_POINT('',(0.012869691528584,-0.0316493439339881,-0.0027));
#8820=CARTESIAN_POINT('',(0.012869691528584,-0.0316493439339881,-0.0027));
#8821=CARTESIAN_POINT('',(0.012869691528584,-0.0316493439339881,-0.0027));
#8822=CARTESIAN_POINT('',(0.012869691528584,-0.032425067619353,-0.0027));
#8823=CARTESIAN_POINT('',(0.013112803159767,-0.0330422962660138,-0.0027));
#8824=CARTESIAN_POINT('',(0.013112803159767,-0.0330422962660138,-0.0027));
#8825=CARTESIAN_POINT('',(0.013112803159767,-0.0330422962660138,-0.0027));
#8826=CARTESIAN_POINT('',(0.012869691528584,-0.0316437600979362,-0.0027));
#8827=CARTESIAN_POINT('',(0.012869691528584,-0.0316381762618843,-0.0027));
#8828=CARTESIAN_POINT('',(0.012869691528584,-0.0316381762618843,-0.0027));
#8829=CARTESIAN_POINT('',(0.012869691528584,-0.0316437600979362,-0.0027));
#8830=CARTESIAN_POINT('',(0.0131110850563665,-0.0302486601366598,-0.0027));
#8831=CARTESIAN_POINT('',(0.0131110850563665,-0.0302486601366598,-0.0035));
#8832=CARTESIAN_POINT('',(0.0129501560378448,-0.0306612913033673,-0.0027));
#8833=CARTESIAN_POINT('',(0.0129501560378448,-0.0306612913033673,-0.0035));
#8834=CARTESIAN_POINT('',(0.012869691528584,-0.0311244633451088,-0.0027));
#8835=CARTESIAN_POINT('',(0.012869691528584,-0.0311244633451088,-0.0035));
#8836=CARTESIAN_POINT('',(0.012869691528584,-0.0316381762618843,-0.0027));
#8837=CARTESIAN_POINT('',(0.012869691528584,-0.0316381762618843,-0.0035));
#8838=CARTESIAN_POINT('',(0.0131110850563665,-0.0302486601366598,-0.0027));
#8839=CARTESIAN_POINT('',(0.0131110850563665,-0.0302486601366598,-0.0027));
#8840=CARTESIAN_POINT('',(0.0131110850563665,-0.0302486601366598,-0.0027));
#8841=CARTESIAN_POINT('',(0.012869691528584,-0.0308676068867211,-0.0027));
#8842=CARTESIAN_POINT('',(0.012869691528584,-0.0316381762618843,-0.0027));
#8843=CARTESIAN_POINT('',(0.0138601781390223,-0.0290824974535114,-0.0027));
#8844=CARTESIAN_POINT('',(0.0138601781390223,-0.0290824974535114,-0.0035));
#8845=CARTESIAN_POINT('',(0.0135217117691067,-0.0294473080755694,-0.0027));
#8846=CARTESIAN_POINT('',(0.0135217117691067,-0.0294473080755694,-0.0035));
#8847=CARTESIAN_POINT('',(0.0132720140748881,-0.0298360289699522,-0.0027));
#8848=CARTESIAN_POINT('',(0.0132720140748881,-0.0298360289699522,-0.0035));
#8849=CARTESIAN_POINT('',(0.0131110850563665,-0.0302486601366598,-0.0027));
#8850=CARTESIAN_POINT('',(0.0131110850563665,-0.0302486601366598,-0.0035));
#8851=CARTESIAN_POINT('',(0.0138601781390223,-0.0290824974535114,-0.0027));
#8852=CARTESIAN_POINT('',(0.0138601781390223,-0.0290824974535114,-0.0027));
#8853=CARTESIAN_POINT('',(0.0138601781390223,-0.0290824974535114,-0.0027));
#8854=CARTESIAN_POINT('',(0.0133524785841489,-0.0296297133865983,-0.0027));
#8855=CARTESIAN_POINT('',(0.0131110850563665,-0.0302486601366598,-0.0027));
#8856=CARTESIAN_POINT('',(0.0140938402015021,-0.0290824974535114,-0.0027));
#8857=CARTESIAN_POINT('',(0.0143275022639819,-0.0290824974535114,-0.0027));
#8858=CARTESIAN_POINT('',(0.0143275022639819,-0.0290824974535114,-0.0027));
#8859=CARTESIAN_POINT('',(0.0140938402015021,-0.0290824974535114,-0.0027));
#8860=CARTESIAN_POINT('',(0.0135878587500293,-0.0302744316876685,-0.0027));
#8861=CARTESIAN_POINT('',(0.0135878587500293,-0.0302744316876685,-0.0035));
#8862=CARTESIAN_POINT('',(0.0137424880560821,-0.0298572189118927,-0.0027));
#8863=CARTESIAN_POINT('',(0.0137424880560821,-0.0298572189118927,-0.0035));
#8864=CARTESIAN_POINT('',(0.0139890358940663,-0.029459907500507,-0.0027));
#8865=CARTESIAN_POINT('',(0.0139890358940663,-0.029459907500507,-0.0035));
#8866=CARTESIAN_POINT('',(0.0143275022639819,-0.0290824974535114,-0.0027));
#8867=CARTESIAN_POINT('',(0.0143275022639819,-0.0290824974535114,-0.0035));
#8868=CARTESIAN_POINT('',(0.0135878587500293,-0.0302744316876685,-0.0027));
#8869=CARTESIAN_POINT('',(0.0135878587500293,-0.0302744316876685,-0.0027));
#8870=CARTESIAN_POINT('',(0.0135878587500293,-0.0302744316876685,-0.0027));
#8871=CARTESIAN_POINT('',(0.0138198027091085,-0.0296486125240048,-0.0027));
#8872=CARTESIAN_POINT('',(0.0143275022639819,-0.0290824974535114,-0.0027));
#8873=CARTESIAN_POINT('',(0.0133559147909501,-0.031643330572086,-0.0027));
#8874=CARTESIAN_POINT('',(0.0133559147909501,-0.031643330572086,-0.0035));
#8875=CARTESIAN_POINT('',(0.0133559147909501,-0.0311479440915835,-0.0027));
#8876=CARTESIAN_POINT('',(0.0133559147909501,-0.0311479440915835,-0.0035));
#8877=CARTESIAN_POINT('',(0.0134332294439765,-0.0306916444634443,-0.0027));
#8878=CARTESIAN_POINT('',(0.0134332294439765,-0.0306916444634443,-0.0035));
#8879=CARTESIAN_POINT('',(0.0135878587500293,-0.0302744316876685,-0.0027));
#8880=CARTESIAN_POINT('',(0.0135878587500293,-0.0302744316876685,-0.0035));
#8881=CARTESIAN_POINT('',(0.0133559147909501,-0.031643330572086,-0.0027));
#8882=CARTESIAN_POINT('',(0.0133559147909501,-0.031643330572086,-0.0027));
#8883=CARTESIAN_POINT('',(0.0133559147909501,-0.031643330572086,-0.0027));
#8884=CARTESIAN_POINT('',(0.0133559147909501,-0.0309002508513323,-0.0027));
#8885=CARTESIAN_POINT('',(0.0135878587500293,-0.0302744316876685,-0.0027));
#8886=CARTESIAN_POINT('',(0.0135904359051302,-0.0330182428184057,-0.0027));
#8887=CARTESIAN_POINT('',(0.0135904359051302,-0.0330182428184057,-0.0035));
#8888=CARTESIAN_POINT('',(0.0134340884956768,-0.0325993119392292,-0.0027));
#8889=CARTESIAN_POINT('',(0.0134340884956768,-0.0325993119392292,-0.0035));
#8890=CARTESIAN_POINT('',(0.0133559147909501,-0.0321410078571227,-0.0027));
#8891=CARTESIAN_POINT('',(0.0133559147909501,-0.0321410078571227,-0.0035));
#8892=CARTESIAN_POINT('',(0.0133559147909501,-0.031643330572086,-0.0027));
#8893=CARTESIAN_POINT('',(0.0133559147909501,-0.031643330572086,-0.0035));
#8894=CARTESIAN_POINT('',(0.0135904359051302,-0.0330182428184057,-0.0027));
#8895=CARTESIAN_POINT('',(0.0135904359051302,-0.0330182428184057,-0.0027));
#8896=CARTESIAN_POINT('',(0.0135904359051302,-0.0330182428184057,-0.0027));
#8897=CARTESIAN_POINT('',(0.0133559147909501,-0.032389846499641,-0.0027));
#8898=CARTESIAN_POINT('',(0.0133559147909501,-0.031643330572086,-0.0027));
#8899=CARTESIAN_POINT('',(0.0143275022639819,-0.0342050227423609,-0.0027));
#8900=CARTESIAN_POINT('',(0.0143275022639819,-0.0342050227423609,-0.0035));
#8901=CARTESIAN_POINT('',(0.0139924721008675,-0.0338327670055672,-0.0027));
#8902=CARTESIAN_POINT('',(0.0139924721008675,-0.0338327670055672,-0.0035));
#8903=CARTESIAN_POINT('',(0.0137467833145836,-0.0334371736975821,-0.0027));
#8904=CARTESIAN_POINT('',(0.0137467833145836,-0.0334371736975821,-0.0035));
#8905=CARTESIAN_POINT('',(0.0135904359051302,-0.0330182428184057,-0.0027));
#8906=CARTESIAN_POINT('',(0.0135904359051302,-0.0330182428184057,-0.0035));
#8907=CARTESIAN_POINT('',(0.0143275022639819,-0.0342050227423609,-0.0027));
#8908=CARTESIAN_POINT('',(0.0143275022639819,-0.0342050227423609,-0.0027));
#8909=CARTESIAN_POINT('',(0.0143275022639819,-0.0342050227423609,-0.0027));
#8910=CARTESIAN_POINT('',(0.0138249570193103,-0.0336466391371703,-0.0027));
#8911=CARTESIAN_POINT('',(0.0135904359051302,-0.0330182428184057,-0.0027));
#8912=CARTESIAN_POINT('',(0.0140938402015021,-0.0342050227423609,-0.0027));
#8913=CARTESIAN_POINT('',(0.0138601781390223,-0.0342050227423609,-0.0027));
#8914=CARTESIAN_POINT('',(0.0138601781390223,-0.0342050227423609,-0.0027));
#8915=CARTESIAN_POINT('',(0.0140938402015021,-0.0342050227423609,-0.0027));
#8916=CARTESIAN_POINT('',(0.013112803159767,-0.0330422962660138,-0.0027));
#8917=CARTESIAN_POINT('',(0.013112803159767,-0.0330422962660138,-0.0035));
#8918=CARTESIAN_POINT('',(0.0132748775805557,-0.0334537820304544,-0.0027));
#8919=CARTESIAN_POINT('',(0.0132748775805557,-0.0334537820304544,-0.0035));
#8920=CARTESIAN_POINT('',(0.0135240025736408,-0.0338413575225701,-0.0027));
#8921=CARTESIAN_POINT('',(0.0135240025736408,-0.0338413575225701,-0.0035));
#8922=CARTESIAN_POINT('',(0.0138601781390223,-0.0342050227423609,-0.0027));
#8923=CARTESIAN_POINT('',(0.0138601781390223,-0.0342050227423609,-0.0035));
#8924=CARTESIAN_POINT('',(0.013112803159767,-0.0330422962660138,-0.0027));
#8925=CARTESIAN_POINT('',(0.0133559147909501,-0.0336595249126747,-0.0027));
#8926=CARTESIAN_POINT('',(0.0138601781390223,-0.0342050227423609,-0.0027));
#8927=CARTESIAN_POINT('',(0.018658411411011,0.000195645784105296,-0.0027));
#8928=CARTESIAN_POINT('',(9.74442809821008E-5,9.74759459495544E-5,-0.0035));
#8929=CARTESIAN_POINT('',(0.,0.,0.));
#8930=CARTESIAN_POINT('',(0.0318884700536728,-0.0347,3.49945264105766E-20));
#8931=CARTESIAN_POINT('',(0.0318884700536728,-0.0347,3.49945264105766E-20));
#8932=CARTESIAN_POINT('',(0.0324599740405356,-0.0347,-6.01853107621011E-36));
#8933=CARTESIAN_POINT('',(0.0318884700536728,0.0342,3.49945264105766E-20));
#8934=CARTESIAN_POINT('',(0.0324599740405356,0.0342,-6.01853107621011E-36));
#8935=CARTESIAN_POINT('',(0.0318884700536728,0.0342,0.));
#8936=CARTESIAN_POINT('',(0.0318884700536728,0.0342,5.05818416235484E-20));
#8937=CARTESIAN_POINT('',(0.0316339098780561,0.0342,3.49945264105766E-20));
#8938=CARTESIAN_POINT('',(0.0318884700536728,-0.035,7.51542245538033E-20));
#8939=CARTESIAN_POINT('',(0.0318884700536728,-0.035,7.51542245538033E-20));
#8940=CARTESIAN_POINT('',(0.0325443276964019,-0.035,3.49945264105767E-20));
#8941=CARTESIAN_POINT('',(0.0318884700536728,-0.0347,7.51542245538033E-20));
#8942=CARTESIAN_POINT('',(0.0325443276964019,-0.0347,3.49945264105767E-20));
#8943=CARTESIAN_POINT('',(0.0318884700536728,-0.035,0.));
#8944=CARTESIAN_POINT('',(0.0318884700536728,-0.0347,0.));
#8945=CARTESIAN_POINT('',(0.0318884700536728,0.0327,5.05818416235484E-20));
#8946=CARTESIAN_POINT('',(0.0318884700536728,0.0327,5.05818416235484E-20));
#8947=CARTESIAN_POINT('',(0.0316339098780561,0.0327,3.49945264105766E-20));
#8948=CARTESIAN_POINT('',(0.0318884700536728,0.0327,0.));
#8949=CARTESIAN_POINT('',(0.,0.,0.));
#8950=CARTESIAN_POINT('',(0.0413884700536728,-0.0012,6.44857506563461E-20));
#8951=CARTESIAN_POINT('',(0.0413884700536728,-0.0012,6.44857506563461E-20));
#8952=CARTESIAN_POINT('',(0.0416155381200325,-0.0012,5.05818416235485E-20));
#8953=CARTESIAN_POINT('',(0.0413884700536728,0.,6.44857506563461E-20));
#8954=CARTESIAN_POINT('',(0.0416155381200325,0.,5.05818416235485E-20));
#8955=CARTESIAN_POINT('',(0.0413884700536728,-0.0012,9.12593769375074E-20));
#8956=CARTESIAN_POINT('',(0.0413884700536728,-0.0012,9.12593769375074E-20));
#8957=CARTESIAN_POINT('',(0.0420527846191831,-0.0012,5.05818416235483E-20));
#8958=CARTESIAN_POINT('',(0.0413884700536728,0.,9.12593769375074E-20));
#8959=CARTESIAN_POINT('',(0.0420527846191831,0.,5.05818416235483E-20));
#8960=CARTESIAN_POINT('',(0.0413884700536728,-0.0012,0.));
#8961=CARTESIAN_POINT('',(0.0413884700536728,0.,0.));
#8962=MECHANICAL_DESIGN_GEOMETRIC_PRESENTATION_REPRESENTATION('',(#5335),
#8965);
#8963=MECHANICAL_DESIGN_GEOMETRIC_PRESENTATION_REPRESENTATION('',(#5336),
#8966);
#8964=MECHANICAL_DESIGN_GEOMETRIC_PRESENTATION_REPRESENTATION('',(#5337),
#8967);
#8965=(
GEOMETRIC_REPRESENTATION_CONTEXT(3)
GLOBAL_UNCERTAINTY_ASSIGNED_CONTEXT((#8968))
GLOBAL_UNIT_ASSIGNED_CONTEXT((#8977,#8974,#8971))
REPRESENTATION_CONTEXT('Part 1','TOP_LEVEL_ASSEMBLY_PART')
);
#8966=(
GEOMETRIC_REPRESENTATION_CONTEXT(3)
GLOBAL_UNCERTAINTY_ASSIGNED_CONTEXT((#8969))
GLOBAL_UNIT_ASSIGNED_CONTEXT((#8978,#8975,#8972))
REPRESENTATION_CONTEXT('Part 2','TOP_LEVEL_ASSEMBLY_PART')
);
#8967=(
GEOMETRIC_REPRESENTATION_CONTEXT(3)
GLOBAL_UNCERTAINTY_ASSIGNED_CONTEXT((#8970))
GLOBAL_UNIT_ASSIGNED_CONTEXT((#8979,#8976,#8973))
REPRESENTATION_CONTEXT('Part 3','TOP_LEVEL_ASSEMBLY_PART')
);
#8968=UNCERTAINTY_MEASURE_WITH_UNIT(LENGTH_MEASURE(4.53138096272385E-5),
#8977,'DISTANCE_ACCURACY_VALUE','Maximum Tolerance applied to model');
#8969=UNCERTAINTY_MEASURE_WITH_UNIT(LENGTH_MEASURE(1.E-8),#8978,
'DISTANCE_ACCURACY_VALUE','Maximum Tolerance applied to model');
#8970=UNCERTAINTY_MEASURE_WITH_UNIT(LENGTH_MEASURE(1.E-8),#8979,
'DISTANCE_ACCURACY_VALUE','Maximum Tolerance applied to model');
#8971=(
NAMED_UNIT(*)
SI_UNIT($,.STERADIAN.)
SOLID_ANGLE_UNIT()
);
#8972=(
NAMED_UNIT(*)
SI_UNIT($,.STERADIAN.)
SOLID_ANGLE_UNIT()
);
#8973=(
NAMED_UNIT(*)
SI_UNIT($,.STERADIAN.)
SOLID_ANGLE_UNIT()
);
#8974=(
NAMED_UNIT(*)
PLANE_ANGLE_UNIT()
SI_UNIT($,.RADIAN.)
);
#8975=(
NAMED_UNIT(*)
PLANE_ANGLE_UNIT()
SI_UNIT($,.RADIAN.)
);
#8976=(
NAMED_UNIT(*)
PLANE_ANGLE_UNIT()
SI_UNIT($,.RADIAN.)
);
#8977=(
LENGTH_UNIT()
NAMED_UNIT(*)
SI_UNIT($,.METRE.)
);
#8978=(
LENGTH_UNIT()
NAMED_UNIT(*)
SI_UNIT($,.METRE.)
);
#8979=(
LENGTH_UNIT()
NAMED_UNIT(*)
SI_UNIT($,.METRE.)
);
#8980=PRODUCT_DEFINITION_SHAPE('','',#8983);
#8981=PRODUCT_DEFINITION_SHAPE('','',#8984);
#8982=PRODUCT_DEFINITION_SHAPE('','',#8985);
#8983=PRODUCT_DEFINITION('','',#8989,#8986);
#8984=PRODUCT_DEFINITION('','',#8990,#8987);
#8985=PRODUCT_DEFINITION('','',#8991,#8988);
#8986=PRODUCT_DEFINITION_CONTEXT('',#9007,'design');
#8987=PRODUCT_DEFINITION_CONTEXT('',#9008,'design');
#8988=PRODUCT_DEFINITION_CONTEXT('',#9009,'design');
#8989=PRODUCT_DEFINITION_FORMATION_WITH_SPECIFIED_SOURCE('','',#8995,
 .NOT_KNOWN.);
#8990=PRODUCT_DEFINITION_FORMATION_WITH_SPECIFIED_SOURCE('','',#8996,
 .NOT_KNOWN.);
#8991=PRODUCT_DEFINITION_FORMATION_WITH_SPECIFIED_SOURCE('','',#8997,
 .NOT_KNOWN.);
#8992=PRODUCT_RELATED_PRODUCT_CATEGORY('','',(#8995));
#8993=PRODUCT_RELATED_PRODUCT_CATEGORY('','',(#8996));
#8994=PRODUCT_RELATED_PRODUCT_CATEGORY('','',(#8997));
#8995=PRODUCT('Part 1','Part 1','Part 1',(#9001));
#8996=PRODUCT('Part 2','Part 2','Part 2',(#9002));
#8997=PRODUCT('Part 3','Part 3','Part 3',(#9003));
#8998=PRODUCT_CATEGORY('','');
#8999=PRODUCT_CATEGORY('','');
#9000=PRODUCT_CATEGORY('','');
#9001=PRODUCT_CONTEXT('',#9007,'mechanical');
#9002=PRODUCT_CONTEXT('',#9008,'mechanical');
#9003=PRODUCT_CONTEXT('',#9009,'mechanical');
#9004=APPLICATION_PROTOCOL_DEFINITION('international standard',
'ap242_managed_model_based_3d_engineering',2020,#9007);
#9005=APPLICATION_PROTOCOL_DEFINITION('international standard',
'ap242_managed_model_based_3d_engineering',2020,#9008);
#9006=APPLICATION_PROTOCOL_DEFINITION('international standard',
'ap242_managed_model_based_3d_engineering',2020,#9009);
#9007=APPLICATION_CONTEXT('managed model based 3d engineering');
#9008=APPLICATION_CONTEXT('managed model based 3d engineering');
#9009=APPLICATION_CONTEXT('managed model based 3d engineering');
ENDSEC;
END-ISO-10303-21;
